"eta","C","cs"
9.58201549886795,31.2132503691389,12.4284603045304
7.36899493422639,21.941331184157,2.06271808297124
