"eta","C","cs"
9.23517929239474,32.5904796922624,34.6078993904571
7.08835397268979,19.9735164580324,4.11069206920534
