"eta","C","cs"
11.0679186511349,27.390907608146,21.8211143556266
8.50279562051115,19.866371023038,2.59188387861044
