"alpha","gam","eta","E0","cs"
0.808834990553617,0.189883438808931,6.63102730287306,25.9044123087931,7.73354463706344
0.0616495298273735,0.1385059635453,4.47247094601593,14.704852616619,2.58544666487137
