"eps","psi","eta","xi","E0","w0","cs"
2.21498601973072,1.22544950703443,2.85598764872225,5.26299101587357,47.2733263690568,0.953246408001027,6.24672886610441
1.42596654764956,0.63922853394284,1.43986242600983,3.8495042778092,24.7900682215683,0.0894178716938208,2.44522539267426
