"alpha","eta","E0","cs"
0.67441208129179,5.96744438047184,42.0587966079982,6.89407095418395
0.0985076374946745,3.79205478882673,21.6526816125597,2.74171440838484
