"alpha","gam","eta","E0","cs"
0.773480933106118,0.178860496237983,7.8262030396568,45.6958723289177,6.29024461553493
0.0395866905531757,0.11329645464181,4.39995277384114,25.919248693091,1.51307008011278
