"alpha","eta","E0","cs"
0.637838797212429,6.70155142691242,37.9796547053243,8.06247748863545
0.16118756381773,4.47491644535519,15.8727942563761,2.37344102863759
