"eps","psi","eta","xi","E0","w0","cs"
1.72161121846618,1.28289496177636,2.63833850645146,5.61227062694658,41.6240449695202,1.43930082586073,6.65989213487576
0.870505000304737,0.423027298465668,1.48755556301748,3.54306091645122,24.3849058147559,0.0940365038650493,2.41035029354745
