"eps","psi","eta","xi","E0","w0","cs"
2.27361384185193,1.26238405987165,1.98994160834177,5.95099546075584,51.8529731924451,1.41678544491162,9.92315928304863
1.4302525032556,0.0967303283168423,1.14265660619744,5.5679940290735,31.6194159814867,0.184834422927601,3.40004164884388
