"model","group","s_iter","seed","Nsubj","psi","eta","xi","E0","w0","cs"
"m4_KF_sliced2_halfStudentT_reparam_confEs_np_norm","All",10,72954,30,0.635833985667414,0.514627674620458,0.994530969399938,0.602780220126379,0.241351294352381,0.348540947403058
