"model","group","s_iter","seed","Nsubj","psi","eta","xi","E0","w0","cs"
"m4_KF_sliced2_halfStudentT_reparam_confEs_np_norm","All",42,18371,30,0.564277785353903,0.499581284315204,0.992066989661584,0.523747194320174,0.0473493455592906,0.499740054273894
