"model","group","s_iter","seed","Nsubj","psi","eta","xi","E0","w0","cs"
"m4_KF_sliced2_halfStudentT_reparam_confEs_np_norm","All",25,72803,30,0.517124840879301,0.580189309887839,0.975185520721666,0.708825896743538,0.452412919816779,0.652194915843613
