"alpha","gam","eta","E0","cs"
0.809417848234454,0.178857627790921,6.0701205219435,44.3892306446372,9.0634391561067
0.0583929846757204,0.149360033327296,4.15420203204376,23.1438591849342,3.10525902991307
