"alpha","gam","eta","E0","cs"
0.789743732973777,0.182094483076388,5.70907475480783,40.2565393246511,10.5063568908171
0.0657969666225863,0.159354652043979,4.58516495420522,22.4770019528451,3.52451283055631
