"alpha","gam","eta","E0","cs"
0.795050333245498,0.1444013333992,7.04667115901794,46.0768799028453,11.3814641582098
0.0452711013239582,0.124701834430599,5.89549014963225,21.1257615881905,2.73512674951527
