"eta","C","cs"
10.9340508853291,29.2162662820567,27.2304529984079
7.57706785543812,22.4964134339938,2.67702719243309
