"psi","eta","xi","E0","w0","cs"
0.905047398517997,1.5687746037338,7.20499169181087,28.657502746784,2.16125682330569,8.22128386494709
0.411761678468048,0.852198098677563,4.89673136464343,6.93044174628243,0.133386167123697,2.23927604143556
