"eta","C","cs"
8.90373384736701,23.5240424803163,40.9291453046176
5.79813710260611,20.1206810457771,17.9380296158061
