"eta","C","cs"
11.7131833764995,27.1113781400467,29.9021589836722
6.08833888225254,23.7086208873779,3.25934250380587
