"eps","psi","eta","xi","E0","w0","cs"
2.06985133860796,1.17387547386669,2.85792888042961,7.05423356898302,44.9706535901118,1.16496580743105,8.20675363031631
1.05705116251836,0.343777816819195,1.4232080283449,5.0740529492008,26.7432210629827,0.183011638411982,3.27928426190334
