"eps","psi","eta","xi","E0","w0","cs"
1.7144063247445,1.61180103812711,2.97490469327995,5.80695137591878,29.7326100704203,0.983693156963383,9.9075048456064
0.637302980768748,0.794056393057594,1.45626598436062,4.17038166425917,21.605397673463,0.214450587707656,1.82894607094296
