"eps","psi","eta","xi","E0","w0","cs"
2.59125890650058,1.7414945033865,2.85440059103927,7.9361354350108,32.8842689003963,0.449309249581595,10.6398925937529
1.36864956237178,0.335040284971448,1.75856778502332,4.83957152412404,23.5039462460034,0.0546975336030727,3.18770813402347
