"eta","C","cs"
9.64500193159206,28.5900270560288,15.9380751497404
5.81333730254409,19.5673715538108,2.74842118058123
