"eta","C","cs"
11.2601770616865,32.9667403775067,29.5851108223868
6.93996616596725,21.1573016004082,3.79410463673922
