"alpha","eta","E0","cs"
0.682888874297986,7.0326486409563,35.1952029705078,8.32974277969558
0.111149753265781,4.02194172312537,13.9211427795969,1.78854487311181
