"psi","eta","xi","E0","w0","cs"
1.91579688627159,1.81638407481606,6.6103666404559,41.4939583520161,1.31768695422047,6.41565977241684
0.614665728168631,1.1420879365173,4.22258388637066,23.636230676792,0.247549983737061,2.47037536317183
