"psi","eta","xi","E0","w0","cs"
1.34271925808931,1.79598285332077,8.13143909678666,42.9661099904944,2.34846749869117,7.76738439896167
0.56426645496261,0.672697457894202,5.07237806766199,13.7750289246824,0.27227564833971,2.7881029498714
