"eps","psi","eta","xi","E0","w0","cs"
1.49873942933664,0.86789415457054,2.24706297652563,5.9330322883543,47.1244104482073,10.835920970813,7.41985444568207
0.905135878163408,0.113904148448871,1.46457414428312,4.37779515975037,21.5510591771273,3.22446080733883,2.95688933010019
