"eta","C","cs"
7.59543807068377,29.9635958762178,24.1411410863775
5.29527212669996,21.2046862699202,7.24303108779149
