"eps","psi","eta","xi","E0","w0","cs"
2.16213405653368,1.45067374047562,2.48183279985472,7.49452589239712,39.9650397897582,1.05568397900034,8.06041966628087
1.27772352129489,0.398988650098856,1.46979364542643,4.17942746386541,24.5149373911378,0.124882060372874,3.36554559788057
