"eta","C","cs"
9.92966913482324,22.4019998690783,23.8851527674427
6.93993277373162,19.4695568575068,2.38807988490356
