"eta","C","cs"
9.40765668420516,32.882933840162,21.7679917095352
6.42506637849389,19.8086958774373,2.97464557792437
