"psi","eta","xi","E0","w0","cs"
0.90893515360032,1.11317042970621,6.25655340307176,2.0853744459299,3.00115972066128,5.73923152115302
0.394963217225418,0.449949139225604,3.70647698505147,0.0863390528678723,0.434284117701267,1.19682583580811
