"psi","eta","xi","E0","w0","cs"
0.981734122994433,1.74052751415095,5.67112392660058,21.2914895959383,5.43918504625794,6.15387886848572
0.397264622696517,0.984678147116333,4.08294174501451,8.87600269427778,1.56468982880595,2.44104110385553
