"alpha","eta","E0","cs"
0.642577049754407,5.49451588192387,35.9328556019629,13.9066456709927
0.148447320099457,4.21751937158961,18.3118898419544,4.41919978638615
