"psi","eta","xi","E0","w0","cs"
1.62346752532575,1.71526323989987,5.72132865417568,45.3764471170859,1.63489344698271,13.2486549737104
0.628242822986079,0.911803506931062,4.37089875546411,18.4244896306845,0.15513989540185,3.97228273951134
