"psi","eta","xi","E0","w0","cs"
1.06488291615598,1.281871235171,5.4152203958949,9.19628858655598,4.83157512026986,10.3433295438658
0.266256203047956,0.814897687082543,4.58357551335997,4.27459434484582,2.13040646211339,3.18236489286538
