"eta","C","cs"
12.7777219543416,35.3016640564145,17.7732065888706
8.53566382120463,27.7444334874288,3.08750878575016
