"psi","eta","xi","E0","w0","cs"
1.88248972120899,2.34583181964972,6.43510758138833,40.6391321368734,1.1400109242995,6.83612359755556
0.603668943705686,1.10322207366835,4.12338180034565,20.8037972810261,0.177584490422672,2.56487626798013
