"psi","eta","xi","E0","w0","cs"
1.60032712606647,1.75447615341726,6.53217521334621,45.949438630888,1.57607067511126,8.82550442837937
0.729047073286265,0.759904142513023,5.03164936635985,19.9626341236081,0.206642282233197,1.4779958915344
