"eta","C","cs"
9.52635140777374,26.6729274015772,17.9841242171006
7.34252925367148,23.3102916573312,4.06072710617161
