"eta","C","cs"
12.8358648651144,33.7581730351761,26.3296670675131
7.57183158328537,24.2265547849804,3.42359555775314
