"alpha","eta","E0","cs"
0.705334792125893,6.47740736753254,54.9436898297811,8.07129301801145
0.0606156486440804,3.54217593253376,22.0360716687235,1.05347652440325
