"psi","eta","xi","E0","w0","cs"
1.55503369526538,2.4191054288961,9.6475037668553,46.4223868093811,1.34543709392896,10.8196162705997
0.543369407380635,1.20168234580993,5.64235822167308,18.7001959966423,0.0748224722159551,1.78815619406466
