"eps","psi","eta","xi","E0","w0","cs"
1.66449039712633,0.967439342605513,2.14182043960707,7.47949794650523,26.5217016913488,13.7647642939834,12.3275406516249
0.912405833772437,0.136762047878174,0.922106153176765,4.10388908057919,15.2494915137866,4.53117555266684,3.25466220567867
