"psi","eta","xi","E0","w0","cs"
1.24272149497404,1.81465630507445,7.68594906610031,60.1385141217669,1.89236598665885,13.9050834961041
0.604912930673021,0.606942462318716,5.48436635984819,23.270785861449,0.156740832727508,3.58812562832264
