"eta","C","cs"
8.71656281388139,31.6146161977373,20.3149907181983
5.67587848453114,18.552889206292,4.48640546204129
