"eps","psi","eta","xi","E0","w0","cs"
1.695989256575,1.71431946536135,3.15887430395,9.6461196141986,51.9893582038408,0.85786239940395,7.32268397378491
0.182603369701756,0.696844267463881,1.60616397367859,4.94236088148686,26.7618536718487,0.0496022174905446,2.6295067864938
