"eta","C","cs"
12.509942266887,32.7172219796794,23.7837536002853
9.22922694898711,18.9161626876457,6.36504811112095
