"psi","eta","xi","E0","w0","cs"
1.48297250884298,1.51318194893513,7.12537323014669,58.7389557827253,1.93878189672066,12.4798573252978
0.657715601223761,0.632007004653,4.05169038469029,17.961611543568,0.192875386877917,3.38973656832348
