"eps","psi","eta","xi","E0","w0","cs"
1.73312066674542,1.32664420448338,2.86138575212071,8.99152158612206,39.519500463592,1.32551683003456,8.54617100041887
0.892878726696347,0.179013248747657,1.58195064862138,5.44059909558135,21.9856351667238,0.155658418823587,2.84947325161437
