"alpha","gam","eta","E0","cs"
0.779634020774261,0.180398215746909,6.26854639417464,49.998692655921,8.88202410720423
0.0903676436470184,0.137870751201852,4.09770642976526,22.175819438393,1.25801855523926
