"model","group","s_iter","seed","Nsubj","psi","eta","xi","E0","w0","cs"
"m4_KF_sliced2_halfStudentT_reparam_confEs_np_norm","All",87,41618,30,0.560894165554656,0.635293238572683,0.996673952995556,0.608959445106089,0.0681866475023904,0.472686877132942
