"model","group","s_iter","seed","Nsubj","psi","eta","xi","E0","w0","cs"
"m4_KF_sliced2_halfStudentT_reparam_confEs_np_norm","All",83,36705,30,0.59861332593367,0.502762873888519,0.994679604644095,0.799176468818999,-0.099430486058168,0.524341334242398
