"model","group","s_iter","seed","Nsubj","psi","eta","xi","E0","w0","cs"
"m4_KF_sliced2_halfStudentT_reparam_confEs_np_norm","All",66,32718,30,0.824979528925119,0.576393846148846,0.997124673079917,0.521896799030779,0.12461133923832,0.375100436209488
