"model","group","s_iter","seed","Nsubj","psi","eta","xi","E0","w0","cs"
"m4_KF_sliced2_halfStudentT_reparam_confEs_np_norm","All",60,70055,30,0.538613886136425,0.685211539048076,0.995058517596282,0.714623450107478,0.394412320336333,0.535857290945119
