"model","group","s_iter","seed","Nsubj","psi","eta","xi","E0","w0","cs"
"m4_KF_sliced2_halfStudentT_reparam_confEs_np_norm","All",58,40389,30,0.541534027287837,0.314806470703464,0.994404264755414,0.657609121254222,0.273454074499301,0.403747172389699
