"model","group","s_iter","seed","Nsubj","psi","eta","xi","E0","w0","cs"
"m4_KF_sliced2_halfStudentT_reparam_confEs_np_norm","All",94,253,30,0.579609595460921,0.580150210084258,0.995874083559633,0.658106276422711,0.449317516661446,0.570657254789057
