"eta","C","cs"
13.0299392269291,31.6245424867702,17.8430069218348
7.44834387560958,20.2890617957059,2.99638734857691
