"eta","C","cs"
9.1964554707023,33.7568410072289,30.6630413927488
6.86027416103444,25.2946035335875,3.24151475061669
