"psi","eta","xi","E0","w0","cs"
1.29050137512293,1.54402750674818,6.45120721281117,53.5903084950039,2.45658543604848,8.34965335347249
0.785759505443201,0.214458224000508,3.87874872160497,16.7918527050243,0.422817278068604,2.1043107399996
