"psi","eta","xi","E0","w0","cs"
1.71384637944569,1.81542496147483,6.96179323030656,40.8568100817453,1.51816992961346,9.93795182784185
0.834584736321725,0.791854509542127,3.64235510710818,23.1024475648451,0.148622108066628,3.45479230508889
