"eta","C","cs"
9.18114258470872,31.0732147385714,26.5002074350475
6.40890213668546,22.368159843774,2.96052294917659
