"eps","psi","eta","xi","E0","w0","cs"
2.14449151330908,1.52451880557358,2.55506714315435,6.29326188921238,55.321048768511,0.777679241151853,11.9244756108642
1.42931211818317,0.519535270125136,0.869720680487585,4.86074530823599,31.3551632290661,0.0508423923302587,3.30204655542088
