"psi","eta","xi","E0","w0","cs"
1.3424233778168,1.39113243792817,6.83412732940216,35.9717098851661,2.45040594078826,8.36114312413553
0.762799963337506,0.322449220523371,5.36684347654515,18.1124558982712,0.783485735651121,3.31296438824959
