"eps","psi","eta","xi","E0","w0","cs"
1.94999236670393,1.3803910129286,2.34130585177136,5.57230564012419,34.9872290596763,1.25636349991717,11.7041371582715
1.19541972025774,0.279627577715619,1.01638810497667,3.88486338289137,25.3799751533483,0.141597267298772,4.15507112384292
