"alpha","eta","E0","cs"
0.619688103111398,5.14754921200565,38.9422229912576,9.71826496420671
0.131145857422955,4.0070264219306,22.9082124585967,3.32385442623747
