"alpha","gam","eta","E0","cs"
0.787328123313868,0.211839362176875,7.35808885089797,43.7448208274434,8.76666002287608
0.0458827397801835,0.149526952505933,4.33668273796826,19.1530665224154,2.40515839101221
