"eps","psi","eta","xi","E0","w0","cs"
2.1341559809162,1.55837410667752,2.15742948515894,7.0630063514793,39.1484466784582,1.31337674120566,9.87202844150375
1.09513792102402,0.222380734813447,1.17704466532328,4.73993683361447,25.7879332890811,0.20247028285369,2.7768789101346
