"psi","eta","xi","E0","w0","cs"
1.96623937187469,1.73952164887506,6.89744909866942,36.8792682615005,1.53638223438536,6.18006212177613
0.799467945325729,0.476813832281646,4.93012004759381,18.8694323903133,0.182399193327584,1.01044668218053
