"psi","eta","xi","E0","w0","cs"
1.62200258540032,2.38900743115663,8.63114277936204,30.3928159996442,1.33750520334565,8.2032469042624
0.386025905041356,1.21469240212506,5.77440430831213,13.1315850270981,0.0648882358343874,2.47992384434411
