"alpha","eta","E0","cs"
0.672279318299721,6.0648952461909,41.2005317999197,6.36165742489223
0.111802662825741,5.26499294062132,13.863918638485,3.15000888461651
