"alpha","eta","E0","cs"
0.688283590875467,6.61457001146652,30.1148972628428,9.05376505986765
0.0856167350877564,3.25435150809082,9.31033597905749,3.58826200625627
