"eps","psi","eta","xi","E0","w0","cs"
1.93135018559185,1.53743030613048,2.9058485756001,8.47245829723884,33.0087725829926,0.883107345438881,8.06239378955184
0.40884338072952,0.553727877571029,1.85283932285267,5.33536751149394,23.4617352778496,0.0815976050453917,3.08934544887427
