"alpha","gam","eta","E0","cs"
0.814297503014083,0.184584787030807,7.95961759902695,45.9584121055307,7.3101415803818
0.0418208921879446,0.133395792231489,5.02388507641243,21.1649530343191,1.94900687998484
