"eps","psi","eta","xi","E0","w0","cs"
1.53161150996797,1.49714413435283,3.0511205719036,8.77035487634923,40.1962331000487,1.11012042420586,8.7529638890917
0.760116027589081,0.610444972137896,1.75784993496861,5.79221131782503,24.8915151895519,0.309958541779698,2.7378668177978
