"eta","C","cs"
11.0159161743813,34.6185872330972,24.5491004143682
7.09846163891868,25.3458874132374,3.13857277689313
