"alpha","gam","eta","E0","cs"
0.792405316404177,0.180166105368866,5.90661409591524,36.3796743425044,5.58704613208622
0.0924970999582255,0.191032545817455,4.38795231350843,16.7873394207074,1.17721134133867
