"eta","C","cs"
11.3823938487666,31.1530039750043,28.8070655182723
6.89734230454681,20.5432339605587,6.13785904806024
