"alpha","eta","E0","cs"
0.623346596534136,7.28741306892942,35.6198487588675,7.24865867942242
0.119168259463168,4.35984311981406,16.2231216823827,1.5946459728929
