"alpha","eta","E0","cs"
0.721691554182537,6.19348229344672,49.6394188906587,6.90160449312511
0.0861154933886171,4.75175355147966,21.9769530028928,2.19633113227881
