"alpha","gam","eta","E0","cs"
0.798982737932254,0.275386433045958,7.74798744569262,38.9752227645285,6.36726160211268
0.0511959632294439,0.195669205684025,4.84138626450901,22.8688349051383,2.84641732704357
