"eta","C","cs"
11.0185699291274,31.4077207403348,34.016465300255
7.33869796454701,16.4663290816352,3.54636656563786
