"alpha","gam","eta","E0","cs"
0.833167061455488,0.242181707748386,6.71864222247972,43.6174983954154,6.01665743164304
0.0465672322420511,0.186974375346828,4.42653567144403,16.6223525078253,1.50755413467247
