"alpha","eta","E0","cs"
0.704448369379122,7.33544733612681,54.0427700109669,7.34650644550284
0.159366830079434,4.73169174330004,20.0572585491408,2.66476841748556
