"alpha","eta","E0","cs"
0.677904530830034,4.90420523634708,44.1537972780866,16.2705967302225
0.110504146192558,3.00707334273905,17.0255433497445,4.87992558011759
