"psi","eta","xi","E0","w0","cs"
1.52335837286093,1.67002272442036,7.24883344471815,40.5291989895372,1.78033772095606,9.65042121192589
0.716172855408649,0.908433516781675,4.52419285765095,16.1997269123457,0.537880528434448,3.11315954751885
