"eps","psi","eta","xi","E0","w0","cs"
1.66961193302668,1.34366692058261,2.68352361906509,7.99083268202962,29.3268315667235,3.1813766952499,7.27356078330729
0.695150140860345,0.544780152288568,1.33125736730687,5.45485016828603,17.4575675741832,1.18591243144155,3.21179046416722
