"alpha","gam","eta","E0","cs"
0.862879519302094,0.266510414745734,8.61581545391733,31.795558977264,10.7104451054807
0.0148887795304832,0.227217458760831,5.22376888710615,13.5756221148693,4.05941925756724
