"eps","psi","eta","xi","E0","w0","cs"
2.38704718237021,1.33266034800107,3.10646038474706,7.09462546149288,35.5295691677535,0.738172874061286,12.3968295573627
1.02437246966935,0.501459519002242,1.62994474205242,3.84090586213037,18.9405599718335,0.0507619166666742,4.20711414619312
