"eta","C","cs"
7.77428929512185,26.8169846368275,45.4429603479591
6.20626819390682,23.6114477357294,3.64117882227981
