"eps","psi","eta","xi","E0","w0","cs"
1.8023496066304,1.45699841482717,3.04799945433745,9.23826718612372,47.4129334376152,1.08259014669016,10.1713018339189
0.891712021508551,0.10958444084241,1.56659494453023,6.27817476552506,29.7964361593388,0.0579733415683945,3.60652719692152
