"alpha","eta","E0","cs"
0.633629304644851,6.79062985137129,51.0289993653203,12.1120363666655
0.160629090412631,4.6905881879146,23.6179118141971,4.85075328893807
