"alpha","gam","eta","E0","cs"
0.825117322244901,0.18504751362603,6.40324564395745,35.8156769756422,9.19716107054592
0.0546257728091229,0.127677370450592,3.79994397295713,23.1220829166932,1.4892031212488
