"alpha","gam","eta","E0","cs"
0.799251837225539,0.150576083860103,8.39547349146575,46.0620698887522,9.95417255683938
0.0609728551240492,0.127408471328287,5.6652860076497,18.514193672813,2.16878257756721
