"alpha","eta","E0","cs"
0.711623929095452,5.88616578031722,36.2877830878969,6.69493666483838
0.138256039843565,4.93426912361196,15.7430954528667,2.17502017231488
