"alpha","eta","E0","cs"
0.687273850643614,6.24568804062002,42.1792176508927,11.1923067379667
0.151219459021328,4.66747659048207,19.8482710483717,2.16936340433008
