"eps","psi","eta","xi","E0","w0","cs"
1.76482457215381,1.38819947101917,3.08411488793848,4.93783536339759,38.357825047575,1.05342256103755,9.12459774290106
0.417676238715302,0.627973626057571,1.55065221416889,3.24939434414036,24.6879604641659,0.103878797996088,2.96277736515949
