"psi","eta","xi","E0","w0","cs"
1.62081749242698,1.98915947573784,7.74724007977891,33.1489257579938,1.52944356523282,8.20877086147364
0.633009038115179,0.978697333509887,4.36139426733898,15.0626803876878,0.183631890144815,3.27992014690912
