"eta","C","cs"
9.81184830960718,23.1537222372894,17.4749137006921
7.68000568424657,20.6211609292716,3.87391787189753
