"eta","C","cs"
11.3225251074841,22.5047574150916,26.2839442228581
10.8581581370829,16.7749741045014,3.67609427810879
