"eps","psi","eta","xi","E0","w0","cs"
2.19868008828428,1.47495939934006,2.99259272459816,8.43659212560597,42.5185201361871,0.815045339115545,9.97071291321527
1.13814285458727,0.221231391167292,1.55063752728219,5.32064975664536,25.4834445599931,0.0592080752644703,3.68484273308152
