"eps","psi","eta","xi","E0","w0","cs"
2.09511669234278,1.30667499270117,3.86171660682807,6.22462940965628,39.5061920149841,0.888017794697674,7.99526600846943
1.37591168047949,0.401988184730851,2.05258601500296,4.03456774789532,23.0859878244323,0.0749735646258753,3.41401835936696
