"eta","C","cs"
10.4802130374893,25.1403575429871,24.6191047362369
7.96882159590123,16.67939198677,5.40273294818312
