"psi","eta","xi","E0","w0","cs"
2.03546839344068,2.26150297336952,5.46968528619846,36.4720335258957,1.09065211121813,11.923007602367
0.842386026163243,0.781393896558506,3.08032241843607,18.9522045595887,0.104177717072543,3.74602374004867
