"eps","psi","eta","xi","E0","w0","cs"
1.98394372154519,1.3171037882845,2.72676755063756,6.5476576319922,41.1573441356136,1.36690439885113,7.35963695181025
0.924444001094808,0.166377342697336,1.49141657809198,4.61452851147992,23.6240259056086,0.199974577111575,2.42003484268276
