"eta","C","cs"
8.79257438869611,36.5502260599226,31.4798885527104
8.26984061436866,24.897730655543,7.58855229515662
