"eps","psi","eta","xi","E0","w0","cs"
2.36130564984924,1.58279384127892,3.5021599494572,6.91248872268524,40.5190004931045,0.502637560936229,6.21675253879646
1.28829372697036,0.614854791122628,1.88928483875725,4.2705033990498,23.2334317081917,0.0491031881504235,1.2272326609312
