"alpha","gam","eta","E0","cs"
0.80327959173384,0.20646798943045,6.12637384974531,38.0042113050375,9.02382531830716
0.0495735646994089,0.169196257857278,5.07773594375204,18.1052766108307,2.71314268262841
