"psi","eta","xi","E0","w0","cs"
1.67099743074458,1.93979073360667,7.54502296165655,50.2360153211702,1.53349552216155,9.66191723022695
0.395164587764045,0.924851079787519,4.87164924894976,27.0099129528134,0.110948514353241,3.40071138376358
