"eps","psi","eta","xi","E0","w0","cs"
1.86627981928784,1.22074451373677,2.60154755480314,6.47276451162389,35.3485099343398,1.4685111053393,9.68649211666913
0.964859202899245,0.191550284028131,1.51043113585974,3.22009543133296,21.7657253186714,0.166534082665807,2.74456763324434
