"alpha","eta","E0","cs"
0.69760146774101,6.05703768506844,40.5649107460155,9.05388527012281
0.118433059822809,4.39700883559837,17.1944605009117,3.10046681031057
