"eta","C","cs"
9.93950643431118,30.8890681701577,16.1060808943821
6.09665315027921,20.5848824624579,3.00656484237439
