"alpha","gam","eta","E0","cs"
0.819442133097384,0.223037338781101,6.52390857490071,45.8145276530416,12.6454086211611
0.0402303842995385,0.169885985983559,4.48907485014692,24.3972931414705,3.43992612297797
