"E0","alpha","eta","cs"
100.194943350867,0.667254363237307,9.97520424253842,13.2454805631695
26.2454937135378,0.0951949230211916,3.03538169306427,6.05370051762834
