"alpha","eta","E0","cs"
0.679300266059678,6.6308746662409,50.5831087336595,7.66673189969709
0.0807439511351459,4.51486062693633,16.5091425296172,2.81235243098576
