"alpha","gam","eta","E0","cs"
0.807334310993444,0.187147625673875,7.0535400537079,39.8892674499974,9.49430979609759
0.0527147592249704,0.14242262489226,4.62678860810917,20.391270104507,3.15515825741729
