"eta","C","cs"
14.8593600779404,37.9224862606288,159.371066802894
3.62390128161799,13.5776185899129,11.1337466007253
