"psi","eta","xi","E0","w0","cs"
1.51509890767511,2.1684463692913,7.82853337764285,36.1044292863197,1.42309793293502,4.28793183119971
0.838123006828223,0.657305166351022,5.47326492576815,14.9934071854838,0.111743668545801,0.642696599042293
