"alpha","gam","eta","E0","cs"
0.814983948643,0.182926022909057,4.74715871142285,48.3044031252782,8.28993373939322
0.0702079810317604,0.178138278156556,3.698674762136,26.1945717053113,3.21451565210609
