"psi","eta","xi","E0","w0","cs"
1.67582465272614,2.21752890935073,6.01434520941846,50.6054854479614,1.37471756404023,8.35630829567186
0.603753296323546,0.655000363325807,5.30090804960461,23.519381572661,0.300798254864233,3.16095323233899
