"eta","C","cs"
12.5067722398607,25.3444724748211,18.9741652723677
7.82956098376124,19.259541746922,2.63871628028808
