"alpha","eta","E0","cs"
0.678438920304571,7.24170437213611,55.2117265654853,8.3115438110799
0.117847603404373,4.54139639590738,26.6331877545244,2.39422571362912
