"alpha","eta","E0","cs"
0.678829115532318,8.52023113990698,46.4018619835291,9.13164833844936
0.0968384439205773,4.99070284824856,16.9711574737978,4.00112834366039
