"eps","psi","eta","xi","E0","w0","cs"
2.13526697500608,1.13110905707876,2.35698800781686,6.32981429983569,40.0763154247075,1.12228711604855,6.72201688059098
0.86253000518752,0.394442868999844,1.26699851936644,5.62405577577403,25.9354504892273,0.402476732732583,2.65128355272902
