"alpha","eta","E0","cs"
0.635177079713108,5.94753117313358,32.6781799389709,6.4097100361563
0.136613855964324,3.77061548478357,14.8812992727877,2.58963293589001
