"eta","C","cs"
10.5045897689413,24.3512368091541,54.2919175302023
7.33822391853965,16.9877739287643,8.70853865872303
