"eps","psi","eta","xi","E0","w0","cs"
2.24742466655762,1.39615880841141,3.64591010145403,7.67504913551029,38.0332793761581,0.637083275859349,7.17733449488619
1.33600169357382,0.23797377746365,1.51970163354902,4.45632451315798,26.243628126863,0.0318626739944425,1.38025347843511
