"psi","eta","xi","E0","w0","cs"
1.64442645508242,1.76552739844099,8.00819115755106,35.3270475616072,1.56604610059957,9.33890610768105
0.191942815563724,0.951967205938319,5.01944733513455,18.9669753976848,0.263232209677645,2.97151868977805
