"eps","psi","eta","xi","E0","w0","cs"
1.68954949668551,1.675721512107,3.30342490517755,7.80579462403899,46.0082933034312,0.837280766457513,7.92086009506884
0.629486995199667,0.711646864370762,1.60237476407608,4.26793719685801,22.5463308267087,0.0849949030415207,3.30516373112611
