"alpha","gam","eta","E0","cs"
0.782125223591179,0.1936529696964,8.11930191341967,40.7993788088434,7.13265005149014
0.0569739822841061,0.167761573169854,5.34841197891163,15.5240762267459,3.30075026943851
