"eta","C","cs"
11.0892433856342,29.1989693902268,28.0444827771437
8.43635263411984,18.4052730199069,3.24661927894092
