"alpha","gam","eta","E0","cs"
0.794490520932565,0.262007275481644,5.57600418406508,45.6388226153267,6.08821820112218
0.0301337017033454,0.200495156791733,4.31385113416543,27.7595945843139,1.03841678358406
