"psi","eta","xi","E0","w0","cs"
1.09196290117807,1.42158328138991,8.2140833660431,19.5878861541088,2.54740144759861,12.104463798883
0.477269843604118,0.648778288545293,5.79559828243759,5.17145378060858,0.27567145541078,3.91995697678398
