"psi","eta","xi","E0","w0","cs"
1.61256866912622,1.58888067989893,5.96581092218508,55.9884344488335,1.84093601175639,8.18156218837617
0.25020978864964,0.768735572860719,5.1074458409404,30.2994813474669,0.405688969955913,2.53181927118324
