"model","group","s_iter","seed","Nsubj","alpha","gam","eta","E0","cs"
"m1_RL_sliced2_halfStudentT_reparam_confEs_norm","All",32,51959,30,0.365162337086344,0.793321078009973,0.991098369412043,0.739753538754389,0.409720879346942
