"model","group","s_iter","seed","Nsubj","alpha","gam","eta","E0","cs"
"m1_RL_sliced2_halfStudentT_reparam_confEs_norm","All",36,41514,30,0.544365725003611,0.95115547670074,0.990433968707032,0.808002000681988,0.401434355237353
