"model","group","s_iter","seed","Nsubj","alpha","gam","eta","E0","cs"
"m1_RL_sliced2_halfStudentT_reparam_confEs_norm","All",6,33464,30,0.582990031553029,0.834245308253049,0.995320034019528,0.824263132268294,0.622668773942488
