"model","group","s_iter","seed","Nsubj","alpha","gam","eta","E0","cs"
"m1_RL_sliced2_halfStudentT_reparam_confEs_norm","All",16,24727,30,0.520669573968894,0.951286496147219,0.993953894856255,0.731794634774999,0.616429701615247
