"model","group","s_iter","seed","Nsubj","alpha","gam","eta","E0","cs"
"m1_RL_sliced2_halfStudentT_reparam_confEs_norm","All",35,41431,30,0.875243798936217,0.951707816643934,0.993602946903486,0.821133778985023,0.39388672066288
