"model","group","s_iter","seed","Nsubj","alpha","gam","eta","E0","cs"
"m1_RL_sliced2_halfStudentT_reparam_confEs_norm","All",21,13741,30,0.735293631820952,0.964906699877921,0.976947731348972,0.519787355244159,0.557314393172529
