"model","group","s_iter","seed","Nsubj","alpha","gam","eta","E0","cs"
"m1_RL_sliced2_halfStudentT_reparam_confEs_norm","All",25,56114,30,0.563042087222031,0.923845872724109,0.995973943627421,0.65672662122457,0.613473663448163
