"model","group","s_iter","seed","Nsubj","alpha","gam","eta","E0","cs"
"m1_RL_sliced2_halfStudentT_reparam_confEs_norm","All",48,4416,30,0.712853975946548,0.90206860665598,0.99635922065223,0.716100515663418,0.707421446123594
