"model","group","s_iter","seed","Nsubj","alpha","gam","eta","E0","cs"
"m1_RL_sliced2_halfStudentT_reparam_confEs_norm","All",29,35707,30,0.72555118258536,0.922787703304439,0.997126381877257,0.808610080497069,0.379498135732618
