"model","group","s_iter","seed","Nsubj","alpha","gam","eta","E0","cs"
"m1_RL_sliced2_halfStudentT_reparam_confEs_norm","All",18,28168,30,0.762537748493943,0.928755223700096,0.996027196394234,0.756888066446172,0.64626364739169
