"model","group","s_iter","seed","Nsubj","alpha","gam","eta","E0","cs"
"m1_RL_sliced2_halfStudentT_reparam_confEs_norm","All",9,4250,30,0.615475144268806,0.983427834551241,0.992356593820399,0.631974499926349,0.16936831849315
