"model","group","s_iter","seed","Nsubj","alpha","gam","eta","E0","cs"
"m1_RL_sliced2_halfStudentT_reparam_confEs_norm","All",7,73129,30,0.669573041282741,0.926485700718004,0.993868331680988,0.468737858644765,0.552917735116848
