"model","group","s_iter","seed","Nsubj","alpha","gam","eta","E0","cs"
"m1_RL_sliced2_halfStudentT_reparam_confEs_norm","All",28,5871,30,0.735000201209306,0.981591359285131,0.974852530182323,0.623369366296091,0.663214235574393
