"alpha","gam","eta","E0","cs"
0.796881687044052,0.171634470322826,7.7485899632349,43.8064514639951,5.40204659463221
0.0678244659467411,0.122536301269453,5.64378201968414,18.7223442780314,2.81285329580477
