"alpha","eta","E0","cs"
0.687270055143633,6.64721056545434,29.4549503231852,10.5252740704923
0.127283904535056,4.37606462346191,14.2634737318487,2.81179867471579
