"alpha","eta","E0","cs"
0.706384945963128,7.85574903202474,44.5958819054215,9.13670470970677
0.103695057678745,4.38630719728149,18.6426708982639,3.32528184972193
