"alpha","eta","E0","cs"
0.634984831535176,7.39191962570342,46.7295740192679,7.90545022444842
0.129294693877239,6.02233137449935,17.6653554978498,2.82493296134757
