"eps","psi","eta","xi","E0","w0","cs"
1.88793591949452,1.24112946396881,3.70911412207578,6.49414718191671,38.746405192872,1.03626036433879,7.50504336890251
0.887316773989469,0.491263564586415,2.22810258830566,4.09309203038912,28.9605470813053,0.161925888670209,2.20321483776981
