"eps","psi","eta","xi","E0","w0","cs"
2.1450362050171,1.50659314789063,3.73808377380623,6.3508033187817,40.7123206954294,0.621457913892043,7.72263401223135
0.960718949415475,0.348087859454814,2.33222819149108,4.39652971159657,23.4562935330046,0.0702969861637135,2.51281155402694
