"eta","C","cs"
10.8914099494674,37.6843055936376,36.812817347777
6.80172704521506,21.3021420868692,5.60206540724317
