"eta","C","cs"
8.48303910856342,28.2246372519777,11.4395856466345
6.49375335305514,17.2771023935377,2.20486743901268
