"psi","eta","xi","E0","w0","cs"
1.42366997124308,1.63928057527872,7.07896346933868,53.2555904891708,1.82753882145112,6.06516191249606
0.672416674782266,0.624663425468901,4.24160054525894,20.4175341900304,0.0912547659811692,2.68701857338615
