"alpha","eta","E0","cs"
0.68049695730547,5.86662208424391,44.8989061590564,6.52951873485037
0.0802788782460073,4.60297961450388,20.6380761118172,2.80921153385863
