"psi","eta","xi","E0","w0","cs"
1.58512088760495,1.58327627137587,6.85588853374257,46.6925000090382,1.78992271386393,10.3583072782886
0.683302671733912,0.853951251506347,5.07901043000984,18.8698383094117,0.240418664722385,3.32421581140819
