"eta","C","cs"
7.95176934214185,29.2966124648495,13.4767390814207
5.7145715078825,20.0565956369094,2.5708729909667
