"alpha","gam","eta","E0","cs"
0.842645900403222,0.211697659228996,6.52362660006551,41.7696451714257,8.46433333058587
0.035292435383101,0.150982994376527,5.27958911062476,22.6760959927915,3.31502583427617
