"alpha","gam","eta","E0","cs"
0.833637507071602,0.259785271721056,7.40927943194694,44.5226999048089,10.2210303660173
0.0776589532715473,0.212126155630475,4.88076275389222,27.9330378722595,3.11129019379377
