"alpha","eta","E0","cs"
0.753943138253074,8.4167766854539,52.9860880489242,8.50633097575551
0.0705691764811405,5.20373235466097,16.1477805907038,2.84879949788983
