"alpha","gam","eta","E0","cs"
0.789567496095614,0.239411116737385,6.49875942249114,52.4530812417733,5.70932959457284
0.0577531645738672,0.165072954259174,5.55207483146144,23.7833910337697,2.38177405393778
