"eta","C","cs"
10.4910658731209,27.1710843637684,13.4859076272153
8.1619228597824,21.7672617666033,4.00383992387185
