"eta","C","cs"
7.71828288112308,33.5859538755884,14.3710111541671
6.52510934063623,22.9149805013756,2.37708783963253
