"eta","C","cs"
12.3942079537063,29.0508056112338,43.5947970180036
7.93650539272934,23.6469339757958,3.88188576976545
