"psi","eta","xi","E0","w0","cs"
1.55665710195794,2.04235796116281,7.37713290536788,46.4368149503665,1.4599415685238,9.39235325597939
0.842681543079661,0.978162191148726,4.60826868488201,22.6685573392939,0.198575641853,3.60983873390978
