"eps","psi","eta","xi","E0","w0","cs"
2.07363359684773,1.187613875177,2.15955271993315,6.91296629980485,41.193866735519,1.33733512083882,6.93676005110295
1.4682402256448,0.37683558198344,1.28273883952886,5.06762099321799,23.2491673297554,0.262296218557283,2.60497143575687
