"alpha","gam","eta","E0","cs"
0.802170632366872,0.220332678066568,6.16484650596032,39.5556793211743,5.46930997453787
0.0306854415343533,0.158314246142326,4.60868836875407,19.9790223569082,2.30328139683171
