"alpha","gam","eta","E0","cs"
0.834909286159867,0.193559767030626,8.16546572678646,41.1568824779071,11.6600830387125
0.0403995472556752,0.161638391341222,5.35289794982685,17.482884230246,4.23520403526085
