"alpha","gam","eta","E0","cs"
0.800941350491518,0.209144111778352,7.08612850954252,32.148400554689,6.02564396560607
0.0746979384098906,0.167902938083103,4.23658303235433,14.37201501392,1.24059163660318
