"alpha","eta","E0","cs"
0.656943013610307,5.93118170885122,44.6900263086155,5.69758279248903
0.107479228160555,4.16094662815991,20.5953637186078,2.31450423785577
