"eps","psi","eta","xi","E0","w0","cs"
2.33000606724437,1.4840069770532,2.32711502436114,6.63916753421533,40.4599978751372,0.886076830096127,17.9683930322703
1.30025517782163,0.646655014730805,1.43178249754262,4.22835424393033,24.6153124302063,0.0946705539258125,5.77345519001312
