"eta","C","cs"
12.8711845692609,29.1108884774303,30.3559065787535
7.60352854325672,22.004934509706,3.25244827627937
