"alpha","gam","eta","E0","cs"
0.817093627114043,0.180199563073673,5.82971555441509,44.7786975306311,9.9037256428771
0.06599751623471,0.103904395541394,4.11141109177019,27.8067731510309,3.8643774185088
