"alpha","eta","E0","cs"
0.693981623987773,7.17608704624518,35.552467301699,4.57121617678583
0.119085350152077,4.3309857183797,15.3024091876818,0.448936781649148
