"alpha","eta","E0","cs"
0.67227718864334,7.26720310087289,30.3901365096746,6.22107865106808
0.107784429438772,4.05579399978127,15.715908978853,3.0007924036373
