"eta","C","cs"
13.9977425902389,28.5116219317924,18.6270056719597
8.93823590029122,19.3138560793998,4.37332833682381
