"eta","C","cs"
10.5807581650435,35.3471603513664,15.6343053755365
6.15765713055595,24.1536213675354,2.57402409385506
