"alpha","gam","eta","E0","cs"
0.818140669796967,0.21540956935999,6.12058120565533,44.196301078913,10.4030137463405
0.0861310920099384,0.147774764608867,4.81040163546335,21.2430681867668,2.52430150883342
