"psi","eta","xi","E0","w0","cs"
1.86563268729969,1.75271069140776,6.68034632706634,42.0133325148295,1.43808893457178,7.28806669427593
0.447439782479114,1.02646116022795,4.18254088170734,18.9513323352527,0.199634075418408,1.9502265116584
