"alpha","eta","E0","cs"
0.673109244726162,5.91994954929939,38.1485261715086,4.23855969793318
0.0903968538562975,4.05704310271415,16.6887251978805,1.09785960109142
