"alpha","gam","eta","E0","cs"
0.805963161858284,0.247186124677733,7.58041769231792,47.7705942194734,6.71817903792798
0.0351232815860698,0.165308732223504,5.45681123954137,27.2463407691445,2.52653589779691
