"alpha","eta","E0","cs"
0.684744498958192,5.62297479883495,51.0541617704083,5.91168988717733
0.0942289539447375,3.85542011000556,21.4583054228408,1.56423678032641
