"alpha","eta","E0","cs"
0.650378303945665,5.78874793703111,43.190424924914,9.14668131509729
0.135674984417861,4.31523589435684,21.0189719255177,2.99772067657515
