"eta","C","cs"
9.74038470929111,30.0485585920771,43.3275889445758
6.93599648337247,20.3637719887642,4.75213156334532
