"alpha","gam","eta","E0","cs"
0.820298343757807,0.218247870786894,7.71875816902187,41.5262429553483,5.73336390416123
0.0565129777941847,0.1960534102054,4.2602102968062,19.1564504814202,1.75457571260372
