"alpha","eta","E0","cs"
0.642256719135972,6.64115846657121,43.6950768786752,10.6264914296002
0.0777278048400349,5.40541129081439,21.1154107568312,2.50646120359235
