"psi","eta","xi","E0","w0","cs"
1.41058163918392,2.3097764519796,7.07315166997949,42.4813249560981,1.41298690683052,8.17159155601991
0.153639352022765,1.25351463642337,5.10391151011126,20.81112980151,0.389524258797621,2.93696393716205
