"eps","psi","eta","xi","E0","w0","cs"
2.0694144647751,1.58098061950083,2.89764517341304,8.01583049763483,37.0078840279534,0.873750572390637,7.21533811757203
0.831663770516484,0.338867456893287,1.44975459326587,5.56686173821398,23.905539188148,0.150984874720168,2.90676316232987
