"alpha","gam","eta","E0","cs"
0.799932081946916,0.197202696344394,7.39263743400082,52.1307594028863,11.6929272816458
0.0493583125950868,0.155210474153368,5.6855724551527,28.2906780187089,3.60199347127934
