"psi","eta","xi","E0","w0","cs"
1.3032647818542,1.53078693664176,6.86860983643074,48.7145349278556,1.94754781995606,10.3130632458659
0.457049514865548,0.840690872808972,4.9636202231989,19.877841814367,0.140793359361628,3.14438253864302
