"alpha","gam","eta","E0","cs"
0.813217696878544,0.161342613796261,7.12669330329954,41.3076552575444,5.89653055445216
0.106201101304502,0.0938880664344648,4.63070703167911,19.9858100176508,2.62443597934999
