"alpha","gam","eta","E0","cs"
0.786312786124687,0.225323327775229,6.21871218341211,60.4286310194312,11.592855251895
0.0648515356900189,0.172645582900806,4.25608527989441,29.8215143546526,4.0272319182885
