"eps","psi","eta","xi","E0","w0","cs"
1.68089467144887,1.49034780239823,2.77634495251098,6.82441661077199,49.0090497923065,1.2358012351079,8.68039850357733
0.258429420428327,0.644723379050022,1.49155261062521,3.92822311792176,28.4313736355218,0.143669313247272,2.54421416855576
