"eta","C","cs"
11.2987293849671,32.8957452776187,97.9205973284377
7.51731780819575,21.778341759186,36.4709225330019
