"eta","C","cs"
11.2004305942974,38.7169636063596,16.4520058717686
6.48173697271555,21.4768432322789,1.52731325016011
