"alpha","gam","eta","E0","cs"
0.790585330423558,0.219354796806847,6.71258871844676,46.3356425555615,9.88429465668871
0.0648535981523127,0.173350310294712,5.81001081485702,23.209930683289,3.56008316826521
