"psi","eta","xi","E0","w0","cs"
1.66448657250201,1.4631909548569,5.72607144730702,51.35214245364,1.70065645142442,6.83539839947886
0.631641165987622,0.856512551846374,4.29140159081686,20.5430726622885,0.119286150582639,2.8793872658364
