"alpha","eta","E0","cs"
0.699033808878006,8.04961113312915,54.8677783188492,6.3325824880458
0.0770115635631692,5.1838924595337,23.2304784538688,2.18242742589403
