"eps","psi","eta","xi","E0","w0","cs"
1.76623874589238,1.33986522473127,3.14776779837051,6.30880120325277,39.5423263373836,1.29842513521722,7.0046732733035
0.658811635398464,0.495335184805407,1.47840844442581,4.38380814228642,27.0983348180262,0.398994526740998,3.08281749686953
