"alpha","gam","eta","E0","cs"
0.806901334057957,0.239966821528696,8.19469335394957,39.7289568013089,9.6251559214816
0.0663865916645971,0.229918806376858,6.87588669764967,20.0978916426405,4.05654387159187
