"alpha","eta","E0","cs"
0.739551599869677,8.3701901280732,55.4350824507843,5.40089144873731
0.0766625415034439,4.14935322608863,22.8547383534227,1.16961501786526
