"alpha","eta","E0","cs"
0.653862918643168,6.33122939214386,45.3106751065379,6.42285712825129
0.0743687739679305,4.0020074700824,24.3996438518268,1.95108052016501
