"alpha","eta","E0","cs"
0.683030234607401,6.35511918504023,39.1030647554695,11.900399089259
0.111613167806274,4.49734722681308,12.772048182497,3.2736987914096
