"eps","psi","eta","xi","E0","w0","cs"
2.05887839437058,1.52429880328252,2.27195672228236,7.45226164177368,38.7993015783183,1.12447000536754,5.57961657685137
1.14462538325155,0.380430190022962,1.4289040698485,4.98284755719314,24.565922831083,0.242645457799946,2.2020436168455
