"eps","psi","eta","xi","E0","w0","cs"
2.54447431100859,1.27723850562073,3.66020800714881,5.90312888813529,41.7751912788504,0.669501625236207,12.1133939902523
1.36572293539991,0.434396481185742,2.32018574079266,3.73438648072792,25.7558307001378,0.0603262823104873,3.86595652734647
