"alpha","gam","eta","E0","cs"
0.818120641825814,0.219185668996827,7.18742847973693,46.0374581400243,6.02135229103978
0.0252784428396152,0.140891820675357,5.44090133623557,24.5768612085842,2.14983815525798
