"psi","eta","xi","E0","w0","cs"
1.82626582227221,1.75352728198274,7.37963145042573,43.6617896091176,1.48658413983253,19.6013022107436
0.887934386929878,0.238516805688037,5.3955566108083,21.9860620598165,0.141471074540923,4.4662809882036
