"psi","eta","xi","E0","w0","cs"
0.938727443663632,1.4491076169766,7.32848982370221,16.3934465882389,5.44881547626519,6.13813837298582
0.143081136843553,0.710520215909717,5.41165270005446,4.76088711550914,1.43961699736617,2.48447857132118
