"eps","psi","eta","xi","E0","w0","cs"
1.93127848999,1.56245691917577,2.63755022579264,6.44118509658816,46.9470994691401,1.13639973632199,5.19468120694481
0.976958774664796,0.499616769597773,1.37331878232171,5.1983871796994,26.8229914453813,0.123787490225477,2.59458699592425
