"alpha","eta","E0","cs"
0.666385815653636,5.48857136974706,34.2344160782591,8.66113597641201
0.0982555291391669,4.13971305019275,18.579300346572,2.58787723687143
