"eps","psi","eta","xi","E0","w0","cs"
2.22609496643622,1.17448433387044,2.16568525805111,7.5165314376746,46.2586512742047,1.43987456589491,8.83659815406342
0.94924963250542,0.264497143112851,1.35439615259422,5.11670354917215,25.3021392695194,0.336069884868828,3.01046982902501
