"alpha","eta","E0","cs"
0.637866520418737,5.37480865421738,49.0534572857157,5.97981876100398
0.091063552554823,3.64075758928788,21.6334131994874,1.35059160862451
