"psi","eta","xi","E0","w0","cs"
1.44322943590971,1.41387078198458,5.88454642632345,48.1040780602812,1.97082372790209,10.4366290296055
0.398023418594179,0.860833092825883,3.53258731298051,22.7841841288139,0.247441877508372,3.99913601552073
