"model","group","s_iter","seed","Nsubj","eps","psi","eta","xi","E0","w0","cs"
"m3_KF_sliced2_halfStudentT_reparam_confEs_norm","All",57,90503,30,0.628658074495448,0.56062067317723,0.861389566289133,0.994196697590225,0.797057690789055,0.238142170725165,0.0458010596682411
