"model","group","s_iter","seed","Nsubj","eps","psi","eta","xi","E0","w0","cs"
"m3_KF_sliced2_halfStudentT_reparam_confEs_norm","All",101,19939,30,0.74485384824223,0.586634465831548,0.808391972134908,0.978118923754031,0.876555828958488,0.142669429465601,0.583275279865548
