"model","group","s_iter","seed","Nsubj","eps","psi","eta","xi","E0","w0","cs"
"m3_KF_sliced2_halfStudentT_reparam_confEs_norm","All",100,80119,30,0.828486899571821,0.428844120105487,0.761858560916692,0.994616645563531,0.896095741427672,0.498607526388685,0.65589985162242
