"model","group","s_iter","seed","Nsubj","eps","psi","eta","xi","E0","w0","cs"
"m3_KF_sliced2_halfStudentT_reparam_confEs_norm","All",61,5174,30,0.560975449730577,0.513731293827307,0.625870005161041,0.993155562584871,0.852541369837462,0.670455512249372,0.694289460743546
