"alpha","gam","eta","E0","cs"
0.853546174047642,0.233826891671097,6.59644801118933,52.1507902659795,6.1461824499212
0.07185830566646,0.17735848795819,3.74294174552041,25.2081355904321,2.63740209502355
