"eta","C","cs"
10.7414186272663,31.7328599887517,10.0721340925851
7.64215655631518,26.3485394446985,4.17366880785863
