"alpha","eta","E0","cs"
0.69761167360493,6.87954619428273,46.899492355602,7.89251006188363
0.10735570401867,4.4830258235698,24.8198268357157,2.90825420561613
