"psi","eta","xi","E0","w0","cs"
1.71936162361955,1.82372415583574,6.18986085816021,25.3047541048774,1.42846215433466,5.45094834394829
0.992707794367932,0.206967201125253,4.24634351224985,13.5703412532698,0.161540145454973,0.972559179325116
