"psi","eta","xi","E0","w0","cs"
1.46616939375866,1.94225438787015,9.86779172454928,28.4578516654514,1.77371679026647,6.89057097658884
0.123641783169603,0.949817748642332,5.58392754006338,10.1781055014226,0.128375910461111,3.31640009637089
