"eps","psi","eta","xi","E0","w0","cs"
1.94270858615004,1.78877174257555,2.43497465515691,6.78556771433006,38.3651774440472,0.857343524101292,4.99279296450985
1.14625067736357,0.680723046239417,1.56354255510746,4.69123840147437,23.3137258487342,0.0842619289343459,2.24603931596956
