"alpha","gam","eta","E0","cs"
0.814759206136768,0.30928675639981,6.99458072419235,44.9072283076506,6.30379882371866
0.0824493177488876,0.221133278791654,4.88137834254401,24.3287766200088,3.1508917662613
