"alpha","gam","eta","E0","cs"
0.815706800040669,0.240924441751995,6.84680137359811,39.3454127069042,9.41779816870018
0.0609305634017708,0.185106229112847,4.75493694246124,18.9133106161235,3.20316823871358
