"alpha","gam","eta","E0","cs"
0.829300248517574,0.185977021210204,7.19688015893425,43.6463004596934,9.37718276577397
0.0728481941186768,0.154852753773677,4.39315488074407,21.6407679630478,3.73417864374826
