"alpha","gam","eta","E0","cs"
0.839395014952674,0.206759319460963,8.60642412396742,42.3071338945392,10.6583143866585
0.0469909377976337,0.175231598053083,4.91951383566435,18.3889924642784,3.55247553013267
