"psi","eta","xi","E0","w0","cs"
1.23525859827305,1.51010301227023,6.89272015388129,35.9188704740968,2.09891013328415,14.6327853908073
0.655377527412879,0.692755714234935,4.80298033669098,15.1112567067224,0.134103150897321,5.25915074104724
