"eps","psi","eta","xi","E0","w0","cs"
2.23438734296276,1.66045959117883,3.40567719927345,6.72421454144231,37.9521721976878,0.572320167467625,10.4094924154919
0.874254642939219,0.46563889269968,1.52793461141675,4.62768939157067,26.5781002461797,0.0439206543984226,2.93771807142677
