"eta","C","cs"
11.6976072014111,28.5097641379497,13.8477256570027
8.33340517355419,18.8595929731989,3.34006691502176
