"eps","psi","eta","xi","E0","w0","cs"
2.30162761711846,1.34356203000205,3.85458116709857,6.73398585631597,41.468755241086,0.632754972255577,6.49272292447277
1.149134088916,0.294755608479781,2.15055383875844,4.49852462458748,25.4632675109583,0.0502965990601984,2.51730658224867
