"eta","C","cs"
8.88602594971819,27.9361232693663,76.4253651110382
5.64748168969915,17.9617085297888,5.64755664982661
