"psi","eta","xi","E0","w0","cs"
1.41067300919362,1.60279182903114,7.78909190576104,21.4568206655705,3.04020353438264,6.42800941953522
0.431618947839852,0.454793373801694,5.47960915152039,8.46355662906517,0.75021754219848,3.09896383001119
