"alpha","gam","eta","E0","cs"
0.862428250751619,0.246529016890632,6.46150130880376,54.6451543022452,7.17275099702371
0.0355884660493221,0.165323904191731,4.37781464212762,30.413085612975,2.16649180808885
