"alpha","eta","E0","cs"
0.625645430725461,7.68393602900985,52.9941127467876,5.19395216661958
0.152525034842696,4.40258951317748,27.1903361175749,2.14337389114109
