"alpha","eta","E0","cs"
0.661345410739729,7.49814792065026,41.6613555148819,15.614003959802
0.12352181301468,4.74182197242227,16.7588609258508,4.14543727112498
