"eta","C","cs"
10.8623425331273,23.4362947027257,13.8781869164086
8.52578243108985,17.954084081703,2.51965155891198
