"alpha","gam","eta","E0","cs"
0.799294036987887,0.215102912614104,7.09586314581123,41.8029870418252,5.90117142649273
0.0374227991212583,0.152804230653677,4.59803872408452,22.0376689502912,2.6346128113915
