"alpha","gam","eta","E0","cs"
0.790825993908652,0.196640720244012,7.11444331055057,36.1289619657952,5.45416326218717
0.0828213210854264,0.141668371490091,4.45914138650347,21.2425322428061,2.46208178832992
