"eta","C","cs"
11.9748541337584,34.2711010422656,22.9777150398525
8.53728300297332,21.9988610421595,6.23432786978104
