"alpha","eta","E0","cs"
0.664228005687624,6.15088736154997,45.3225863143556,13.8273311086413
0.121747500010265,4.14971753028165,21.1032218223182,4.14347904895845
