"eps","psi","eta","xi","E0","w0","cs"
1.73538827596364,1.13977400805227,2.74553173295744,6.55955927954511,47.7157664788722,1.58494696355798,9.91562439419578
1.14395435408289,0.245675293707884,1.52157295538101,3.94103518227999,24.621804255718,0.314823768492379,2.8117325840013
