"alpha","eta","E0","cs"
0.678293319907255,6.3482594164496,42.3059585633321,12.0189059734647
0.129397820455596,5.50834574580432,17.6187919267811,4.17429050784545
