"alpha","gam","eta","E0","cs"
0.821654929726975,0.229053769871072,5.9267450107726,41.09313153207,8.15021082542951
0.0468900947476397,0.169176060843904,3.47244741062581,19.5711581863252,3.53940019057249
