"alpha","gam","eta","E0","cs"
0.800216798477173,0.139273049630394,5.6941740383821,52.6038992651815,5.08684915750858
0.0815411639441528,0.106246283271999,4.09033095999308,29.2651556531954,2.52803730244986
