"alpha","gam","eta","E0","cs"
0.761607662604976,0.244153534128453,7.6001364453605,48.2842022925553,12.2080787695639
0.0742856377085743,0.148869186615444,6.28068746743465,25.0781933357329,3.74608999739554
