"psi","eta","xi","E0","w0","cs"
0.405625960791136,0.527922546352496,6.5200712187124,1.83258010378847,7.30854141116505,5.62616104153035
0.182655677777923,0.218802181642735,5.38980401617356,0.106211971608504,1.023503660046,2.88949754207114
