"alpha","eta","E0","cs"
0.699427702039596,7.01473005639945,42.1130252223188,6.132207380059
0.102979151210141,4.49357458064984,13.8405009245618,2.0665143225194
