"alpha","eta","E0","cs"
0.663036867486543,6.87193194657242,41.411166659361,14.9880073059127
0.124980257697182,5.23014169200726,19.3929322778593,4.07353809188528
