"eps","psi","eta","xi","E0","w0","cs"
1.71502973287416,1.71633827869706,3.51835146074148,7.91662949854954,43.2307403688807,0.751786525509575,18.9068376093066
0.931395610509323,0.332382110842721,1.7662111127673,5.09629950652783,23.1736408500517,0.102430078593354,4.60229035352745
