"alpha","eta","E0","cs"
0.666555309919313,7.54954452357483,35.9309230273776,6.26726459473114
0.0985081083261364,5.52222858653732,13.3205651025396,1.550312188179
