"eta","C","cs"
11.262334245968,24.3753744155456,20.6536743616938
8.02221843929439,21.608789173365,4.2675030144094
