"alpha","eta","E0","cs"
0.654720884044412,7.44278967436536,42.5620048487405,5.61341807695299
0.122638346341533,6.18469794140714,20.3001660616038,2.3136176490945
