"eps","psi","eta","xi","E0","w0","cs"
2.04254432887275,1.35358062601168,3.70918246725454,8.04824527678927,44.7024837090141,0.66886008881339,8.65460076957218
0.674235856425073,0.417214277030847,1.52491136492391,5.91368859472027,26.469765310987,0.030945004228269,3.52067935698286
