"alpha","gam","eta","E0","cs"
0.837027119215673,0.251661555789765,7.72526569123183,55.7956368065741,13.1451973821462
0.0619533363040734,0.181266866778133,3.73900637839705,26.3903457918995,4.21131040770286
