"alpha","eta","E0","cs"
0.626289423145378,7.31795298893202,39.0242680075299,8.71643968461201
0.139518530335214,5.11795646836485,16.4207059712404,3.15958261994703
