"eta","C","cs"
11.2689389462344,28.300709595056,5.01170965699581
7.33883208790476,24.1294700164784,0.848411102921541
