"alpha","gam","eta","E0","cs"
0.807908429604478,0.149672656123342,7.03913329249116,35.2961592444215,10.6311909632122
0.0521566360198216,0.132044364756911,4.42619040403177,19.4691322459208,3.8097833444375
