"alpha","eta","E0","cs"
0.684421697364055,6.34957747126545,41.7009038261365,6.49526443363553
0.130290166155332,4.34627857621992,15.7155969658285,2.6819108938399
