"alpha","eta","E0","cs"
0.644180814788514,6.017062010775,41.8682906137254,6.67675148573077
0.128206181029075,4.7272689121454,21.2402598964799,2.71348472871816
