"eta","C","cs"
10.4063215525828,35.70263724706,27.3878664545541
9.47780615731083,22.4387190781541,3.34421557075718
