{"ORDER":[4,1,2,3],"Sens":7,"Threshold":46.5,"sequences":[{"name":"LVLS","s":[6,5,6,5,5,5,5,6,5,6,5,6,5,5,6,5,11,10,11,10,11,10,10,10,11,10,11,10,11,11,10,10,11,5,5,4,4,5,4,4,5,5,4,4,5,4,5,5,7,8,8,7,7,7,7,8,8,8,7,8,8,7,8,5,5,5,4,4,4,5,4,4,5,4,4,5,9,9,10,9],"ms":[6,-1,5,-1,6,0,5,0,5,-1,5,-1,5,0,6,0,5,-1,6,0,5,-1,6,0,5,-1,5,0,6,0,5,0,11,-1,10,-1,11,0,10,-1,11,0,10,0,10,0,10,-1,11,0,10,0,11,-1,10,-1,11,-1,11,-1,10,-1,10,-1,11,-1,5,-1,5,0,4,-1,4,0,5,0,4,-1,4,-1,5,-1,5,-1,4,0,4,0,5,0,4,-1,5,0,5,0,7,-1,8,-1,8,0,7,0,7,0,7,0,7,0,8,-1,8,-1,8,-1,7,0,8,-1,8,0,7,0,8,-1,5,0,5,-1,5,-1,4,0,4,-1,4,0,5,0,4,0,4,-1,5,-1,4,0,4,0,5,-1,9,0,9,0,10,-1,9,-1],"VAS":[[0,1162,0,1152,0,0,0,0,0,1170,0,1175,0,0,0,0,0,1047,0,0,0,1064,0,0,0,1062,0,0,0,0,0,0,0,1165,0,1164,0,0,0,1182,0,0,0,0,0,0,0,1177,0,0,0,0,0,1040,0,1071,0,1152,0,1183,0,1070,0,1184,0,1046,0,1154,0,0,0,1174,0,0,0,0,0,1173,0,1152,0,1193,0,1172,0,0,0,0,0,0,0,1183,0,0,0,0,0,1076,0,1169,0,0,0,0,0,0,0,0,0,0,0,1061,0,1175,0,1173,0,0,0,1083,0,0,0,0,0,1169,0,0,0,1171,0,1170,0,0,0,1055,0,0,0,0,0,0,0,1170,0,1062,0,0,0,0,0,1168,0,0,0,0,0,953,0,1193],[0,381,0,498,0,0,0,0,0,694,0,717,0,0,0,0,0,689,0,0,0,714,0,0,0,609,0,0,0,0,0,0,0,411,0,601,0,0,0,601,0,0,0,0,0,0,0,702,0,0,0,0,0,687,0,724,0,721,0,733,0,708,0,601,0,702,0,721,0,0,0,620,0,0,0,0,0,784,0,707,0,718,0,709,0,0,0,0,0,0,0,796,0,0,0,0,0,715,0,692,0,0,0,0,0,0,0,0,0,0,0,721,0,829,0,816,0,0,0,803,0,0,0,0,0,712,0,0,0,825,0,804,0,0,0,789,0,0,0,0,0,0,0,698,0,696,0,0,0,0,0,812,0,0,0,0,0,724,0,834]],"CP":[[0,0,0,0,0,1062,0,1034,0,0,0,0,0,1049,0,960,0,0,0,1147,0,0,0,1077,0,0,0,1044,0,1182,0,936,0,0,0,0,0,1074,0,0,0,1052,0,951,0,1041,0,0,0,1042,0,946,0,0,0,0,0,0,0,0,0,0,0,0,0,0,0,0,0,955,0,0,0,967,0,942,0,0,0,0,0,0,0,0,0,977,0,1062,0,977,0,0,0,1071,0,1069,0,0,0,0,0,970,0,836,0,958,0,955,0,977,0,0,0,0,0,0,0,954,0,0,0,1150,0,976,0,0,0,1162,0,0,0,0,0,1154,0,0,0,1165,0,1057,0,951,0,0,0,0,0,939,0,967,0,0,0,952,0,952,0,0,0,0],[0,0,0,0,0,617,0,602,0,0,0,0,0,600,0,603,0,0,0,698,0,0,0,708,0,0,0,703,0,728,0,693,0,0,0,0,0,522,0,0,0,624,0,685,0,698,0,0,0,707,0,697,0,0,0,0,0,0,0,0,0,0,0,0,0,0,0,0,0,688,0,0,0,601,0,598,0,0,0,0,0,0,0,0,0,709,0,710,0,729,0,0,0,721,0,687,0,0,0,0,0,698,0,701,0,711,0,719,0,717,0,0,0,0,0,0,0,797,0,0,0,816,0,804,0,0,0,807,0,0,0,0,0,710,0,0,0,815,0,832,0,732,0,0,0,0,0,717,0,691,0,0,0,807,0,813,0,0,0,0]],"VASRT":[0,3.1861434674969593,0,1.9516432531551322,0,0,0,0,0,3.0192423580472538,0,1.4683551469728575,0,0,0,0,0,1.2510855541813066,0,0,0,3.6531707207013184,0,0,0,1.2845236996424902,0,0,0,0,0,0,0,1.0678694422394925,0,1.8762790258830575,0,0,0,1.8021356240218731,0,0,0,0,0,0,0,1.7687659859006151,0,0,0,0,0,2.2287012936400985,0,2.7141000002051117,0,1.0677943713220892,0,1.6362703291428993,0,1.3516395611428009,0,1.5016784298281778,0,0.83425982331669879,0,1.7026305587860664,0,0,0,2.3020767569363683,0,0,0,0,0,1.3766890443636304,0,1.7514131177198131,0,3.694137289529658,0,2.8365258984409452,0,0,0,0,0,0,0,5.8714252603381469,0,0,0,0,0,1.6490693052248129,0,7.4398093280742668,0,0,0,0,0,0,0,0,0,0,0,1.5342153140569268,0,2.0954737979935962,0,2.3271894145904226,0,0,0,4.1038862532023082,0,0,0,0,0,2.9177649377793364,0,0,0,3.2154014345519024,0,4.2226710068322744,0,0,0,7.76621275426171,0,0,0,0,0,0,0,3.5930286602712806,0,8.8142446040214217,0,0,0,0,0,5.20521558275338,0,0,0,0,0,5.1545209716556011,0,6.4539505557504118],"CPRT":[0,0,0,0,0,4.6762855894605355,0,1.2846242044226206,0,0,0,0,0,1.7010007404535843,0,4.9037730314908137,0,0,0,3.1031609778909996,0,0,0,9.407282289211734,0,0,0,1.1026847083002591,0,2.01204334422477,0,2.1350931925445966,0,0,0,0,0,1.4374189552015326,0,0,0,4.1864851837494026,0,1.7682962798873525,0,2.0946279169461315,0,0,0,3.10330127435959,0,1.6349120788285656,0,0,0,0,0,0,0,0,0,0,0,0,0,0,0,0,0,2.73554402827261,0,0,0,2.4915877499030845,0,10.624115814324597,0,0,0,0,0,0,0,0,0,3.6859553799798581,0,1.1523467866160451,0,3.1530999571316345,0,0,0,1.9529362779182793,0,1.3847339392335793,0,0,0,0,0,1.5336167978356603,0,1.7681641878906098,0,3.7700056815967544,0,2.5341152195003889,0,1.2731933240212578,0,0,0,0,0,0,0,4.8368909974381538,0,0,0,2.0673492787243686,0,2.8691321104568046,0,0,0,2.8903410804058751,0,0,0,0,0,4.8199138940679616,0,0,0,3.5863251965483789,0,7.4393564412282913,0,2.7522425898235832,0,0,0,0,0,1.6675970537741596,0,1.868460164212504,0,0,0,3.3583495884431809,0,10.985252872077925,0,0,0,0],"break_time":195.66430295832743,"after_SBT":249.5367213699827},{"name":"LVHS","s":[6,6,5,4,4,10,2,5,3,4,9,4,6,6,5,3,12,10,11,10,10,12,10,10,12,12,10,12,9,8,9,11,9,4,6,4,5,7,3,4,4,5,5,5,8,4,4,3,12,8,6,6,7,8,8,7,5,10,7,10,5,4,8,4,8,7,2,7,6,2,4,4,3,5,4,4,11,9,11,8],"ms":[6,-1,6,-1,5,-1,4,0,4,0,10,0,2,-1,5,-1,3,0,4,0,9,-1,4,-1,6,0,6,-1,5,-1,3,-1,12,-1,10,-1,11,0,10,-1,10,-1,12,-1,10,0,10,0,12,-1,12,0,10,0,12,0,9,-1,8,-1,9,-1,11,0,9,0,4,-1,6,-1,4,-1,5,0,7,0,3,0,4,0,4,-1,5,0,5,-1,5,-1,8,0,4,0,4,-1,3,0,12,-1,8,0,6,-1,6,0,7,0,8,0,8,-1,7,-1,5,0,10,0,7,-1,10,-1,5,0,4,0,8,-1,4,-1,8,-1,7,0,2,0,7,0,6,-1,2,0,4,-1,4,0,3,0,5,0,4,-1,4,0,11,-1,9,-1,11,0,8,0],"VAS":[[0,1166,0,1158,0,1171,0,0,0,0,0,0,0,1167,0,1178,0,0,0,0,0,1083,0,1072,0,0,0,856,0,1168,0,1174,0,1194,0,1144,0,0,0,1153,0,1163,0,1069,0,0,0,0,0,1067,0,0,0,0,0,0,0,1072,0,860,0,1088,0,0,0,0,0,1066,0,957,0,1082,0,0,0,0,0,0,0,0,0,1179,0,0,0,1169,0,952,0,0,0,0,0,994,0,0,0,1172,0,0,0,1079,0,0,0,0,0,0,0,1073,0,1127,0,0,0,0,0,947,0,1052,0,0,0,0,0,976,0,1161,0,1142,0,0,0,0,0,0,0,1182,0,0,0,1067,0,0,0,0,0,0,0,1067,0,0,0,1051,0,1059,0,0,0,0],[0,379,0,618,0,730,0,0,0,0,0,0,0,805,0,801,0,0,0,0,0,691,0,617,0,0,0,808,0,825,0,899,0,424,0,612,0,0,0,616,0,627,0,710,0,0,0,0,0,607,0,0,0,0,0,0,0,514,0,496,0,613,0,0,0,0,0,633,0,627,0,615,0,0,0,0,0,0,0,0,0,796,0,0,0,807,0,823,0,0,0,0,0,732,0,0,0,408,0,0,0,718,0,0,0,0,0,0,0,610,0,741,0,0,0,0,0,711,0,735,0,0,0,0,0,813,0,778,0,797,0,0,0,0,0,0,0,830,0,0,0,830,0,0,0,0,0,0,0,719,0,0,0,911,0,797,0,0,0,0]],"CP":[[0,0,0,0,0,0,0,952,0,1069,0,1066,0,0,0,0,0,869,0,878,0,0,0,0,0,868,0,0,0,0,0,0,0,0,0,0,0,959,0,0,0,0,0,0,0,960,0,967,0,0,0,876,0,1068,0,965,0,0,0,0,0,0,0,830,0,974,0,0,0,0,0,0,0,1052,0,1162,0,852,0,947,0,0,0,867,0,0,0,0,0,858,0,938,0,0,0,838,0,0,0,964,0,0,0,1079,0,964,0,1078,0,0,0,0,0,938,0,947,0,0,0,0,0,881,0,1059,0,0,0,0,0,0,0,973,0,1067,0,1061,0,0,0,877,0,0,0,1064,0,1179,0,1174,0,0,0,1167,0,0,0,0,0,1077,0,1169],[0,0,0,0,0,0,0,696,0,712,0,582,0,0,0,0,0,717,0,817,0,0,0,0,0,798,0,0,0,0,0,0,0,0,0,0,0,508,0,0,0,0,0,0,0,746,0,693,0,0,0,518,0,507,0,508,0,0,0,0,0,0,0,588,0,630,0,0,0,0,0,0,0,623,0,607,0,714,0,693,0,0,0,714,0,0,0,0,0,776,0,707,0,0,0,723,0,0,0,609,0,0,0,710,0,721,0,708,0,0,0,0,0,815,0,792,0,0,0,0,0,820,0,783,0,0,0,0,0,0,0,828,0,823,0,814,0,0,0,827,0,0,0,798,0,909,0,712,0,0,0,833,0,0,0,0,0,836,0,830]],"VASRT":[0,2.5787159591335258,0,1.0753396138565325,0,1.0676491521703906,0,0,0,0,0,0,0,1.9181021415722639,0,1.2513234838648806,0,0,0,0,0,2.8521755182662312,0,1.0176564336391549,0,0,0,2.46936511745727,0,1.4193481957340848,0,2.5941169834618361,0,1.2178119083806629,0,1.2508783912671602,0,0,0,3.041971616629644,0,4.2700994176876108,0,1.3680960907742765,0,0,0,0,0,5.6200525496421827,0,0,0,0,0,0,0,1.5176800214957162,0,1.3400745376267333,0,3.6036587842203391,0,0,0,0,0,2.2018419039297368,0,1.7683172012905635,0,1.5510574538652293,0,0,0,0,0,0,0,0,0,1.8516126914975006,0,0,0,2.2194839797431589,0,1.3221042829394161,0,0,0,0,0,2.44125577646096,0,0,0,1.3125034099836115,0,0,0,1.8015900266440223,0,0,0,0,0,0,0,3.2430332752866948,0,2.7865040540346517,0,0,0,0,0,1.5347666545650707,0,0.90106309443962429,0,0,0,0,0,2.6686295865561522,0,4.4211462057394382,0,1.4018706195812027,0,0,0,0,0,0,0,1.6524343693530159,0,0,0,9.7235950354740854,0,0,0,0,0,0,0,1.5350427350427351,0,0,0,1.3521769540488042,0,3.1506070283608079,0,0,0,0],