{"ORDER":[3,4,2,1],"Sens":10,"Threshold":48,"sequences":[{"name":"LVLS","s":[8,9,8,9,9,9,9,8,9,8,9,8,9,9,8,9,3,4,3,4,3,4,4,4,3,4,3,4,3,3,4,4,3,9,9,10,10,9,10,10,9,9,10,10,9,10,9,9,7,6,6,7,7,7,7,6,6,6,7,6,6,7,6,9,9,9,10,10,10,9,10,10,9,10,10,9,5,5,4,5],"ms":[8,-1,9,0,8,0,9,-1,9,0,9,0,9,0,8,-1,9,0,8,-1,9,0,8,-1,9,0,9,-1,8,-1,9,-1,3,0,4,0,3,0,4,-1,3,0,4,0,4,0,4,-1,3,-1,4,-1,3,-1,4,0,3,-1,3,-1,4,-1,4,-1,3,-1,9,0,9,-1,10,-1,10,-1,9,-1,10,0,10,0,9,0,9,0,10,0,10,-1,9,0,10,0,9,0,9,0,7,0,6,-1,6,-1,7,0,7,0,7,-1,7,-1,6,-1,6,-1,6,0,7,0,6,-1,6,-1,7,-1,6,-1,9,0,9,0,9,0,10,0,10,-1,10,-1,9,0,10,0,10,-1,9,0,10,0,10,0,9,-1,5,0,5,-1,4,-1,5,-1],"VAS":[[0,1206,0,0,0,0,0,1214,0,0,0,0,0,0,0,1211,0,0,0,1177,0,0,0,1214,0,0,0,1172,0,1164,0,1131,0,0,0,0,0,0,0,1189,0,0,0,0,0,0,0,1189,0,1177,0,1151,0,1118,0,0,0,1151,0,1147,0,1092,0,1087,0,1104,0,0,0,1210,0,1212,0,1211,0,1210,0,0,0,0,0,0,0,0,0,0,0,1214,0,0,0,0,0,0,0,0,0,0,0,1212,0,1208,0,0,0,0,0,1208,0,1152,0,1119,0,1113,0,0,0,0,0,1143,0,1112,0,1180,0,1214,0,0,0,0,0,0,0,0,0,1214,0,1191,0,0,0,0,0,1191,0,0,0,0,0,0,0,1214,0,0,0,1193,0,1151,0,1182],[0,686,0,0,0,0,0,701,0,0,0,0,0,0,0,752,0,0,0,888,0,0,0,903,0,0,0,910,0,963,0,957,0,0,0,0,0,0,0,954,0,0,0,0,0,0,0,1002,0,1009,0,992,0,1021,0,0,0,1000,0,1029,0,1008,0,1008,0,1028,0,0,0,847,0,745,0,689,0,687,0,0,0,0,0,0,0,0,0,0,0,696,0,0,0,0,0,0,0,0,0,0,0,844,0,911,0,0,0,0,0,847,0,929,0,970,0,990,0,0,0,0,0,910,0,1007,0,954,0,953,0,0,0,0,0,0,0,0,0,801,0,765,0,0,0,0,0,677,0,0,0,0,0,0,0,664,0,0,0,770,0,830,0,859]],"CP":[[0,0,0,854,0,847,0,0,0,913,0,953,0,949,0,0,0,900,0,0,0,904,0,0,0,902,0,0,0,0,0,0,0,885,0,871,0,908,0,0,0,833,0,916,0,976,0,0,0,0,0,0,0,0,0,932,0,0,0,0,0,0,0,0,0,0,0,909,0,0,0,0,0,0,0,0,0,994,0,1010,0,875,0,861,0,845,0,0,0,903,0,928,0,961,0,910,0,903,0,0,0,0,0,914,0,909,0,0,0,0,0,0,0,0,0,936,0,939,0,0,0,0,0,0,0,0,0,845,0,907,0,969,0,948,0,0,0,0,0,970,0,984,0,0,0,1018,0,933,0,952,0,0,0,906,0,0,0,0,0,0],[0,0,0,660,0,753,0,0,0,693,0,776,0,756,0,0,0,817,0,0,0,816,0,0,0,802,0,0,0,0,0,0,0,953,0,951,0,959,0,0,0,956,0,952,0,966,0,0,0,0,0,0,0,0,0,973,0,0,0,0,0,0,0,0,0,0,0,897,0,0,0,0,0,0,0,0,0,639,0,621,0,642,0,687,0,636,0,0,0,691,0,702,0,649,0,714,0,811,0,0,0,0,0,905,0,873,0,0,0,0,0,0,0,0,0,951,0,957,0,0,0,0,0,0,0,0,0,876,0,871,0,858,0,806,0,0,0,0,0,750,0,681,0,0,0,681,0,673,0,679,0,0,0,756,0,0,0,0,0,0]],"VASRT":[0,3.4926740219756778,0,0,0,0,0,1.0343381760228412,0,0,0,0,0,0,0,1.7599211550255467,0,0,0,4.7845333398969112,0,0,0,2.5236758495217817,0,0,0,2.5752319301635356,0,3.4359507649644438,0,2.8542188419798209,0,0,0,0,0,0,0,2.0354211663066955,0,0,0,0,0,0,0,2.2164979622143051,0,1.6347069670323811,0,2.5019303071138923,0,1.2523137636168593,0,0,0,3.4202256639981621,0,2.5337575045278431,0,2.8022525377456984,0,2.2010230976393683,0,2.8362124876163755,0,0,0,1.3348068564771229,0,1.5181423434843162,0,1.0482185014942393,0,2.6034951050069841,0,0,0,0,0,0,0,0,0,0,0,1.8888675572620857,0,0,0,0,0,0,0,0,0,0,0,1.2012610273229423,0,3.3201290563421595,0,0,0,0,0,1.3674376819085243,0,1.575413659214955,0,1.4010173545090752,0,2.7517031457996182,0,0,0,0,0,2.995044499004182,0,1.8016728918096809,0,1.1906091615234884,0,1.6257464531042645,0,0,0,0,0,0,0,0,0,1.9779012550790809,0,1.7280000164089437,0,0,0,0,0,1.4513468666096456,0,0,0,0,0,0,0,3.5530790357284237,0,0,0,2.5521371623603444,0,2.952604407032053,0,1.464152406269037],"CPRT":[0,0,0,5.4374132120712391,0,1.6184141166142607,0,0,0,1.5179216431916216,0,1.4851948254396059,0,2.2351262155437821,0,0,0,5.7387802821928089,0,0,0,2.4421869840156378,0,0,0,2.6706306572397285,0,0,0,0,0,0,0,1.4460771343420731,0,3.2301173854809564,0,2.2977078756776379,0,0,0,1.7848377258024486,0,1.1901841698817941,0,2.0518957457762355,0,0,0,0,0,0,0,0,0,3.0255331368362324,0,0,0,0,0,0,0,0,0,0,0,3.1276779908889338,0,0,0,0,0,0,0,0,0,1.8311749419020837,0,1.6513965036643223,0,2.3181476763910167,0,2.5351752372630703,0,1.5264949060485418,0,0,0,1.801685198517452,0,1.4013644036682193,0,1.9178724163605374,0,3.8649683409942588,0,4.0367552134290792,0,0,0,0,0,1.8858442093863259,0,3.9522376671404751,0,0,0,0,0,0,0,0,0,1.6679596914298138,0,2.06805773486839,0,0,0,0,0,0,0,0,0,2.9576620537023706,0,1.4424101456498866,0,2.0382398126098629,0,1.8513509688455694,0,0,0,0,0,1.9212452747369955,0,1.9845148798352541,0,0,0,2.4663610500903519,0,4.8204439029493029,0,1.7353401471472025,0,0,0,2.8190922162124465,0,0,0,0,0,0],"break_time":173.53083876366813,"after_SBT":"Last"},{"name":"LVHS","s":[8,8,9,10,10,4,12,9,11,10,5,10,8,8,9,11,2,4,3,4,4,2,4,4,2,2,4,2,5,6,5,3,5,10,8,10,9,7,11,10,10,9,9,9,6,10,10,11,2,6,8,8,7,6,6,7,9,4,7,4,9,10,6,10,6,7,12,7,8,12,10,10,11,9,10,10,3,5,3,6],"ms":[8,0,8,0,9,0,10,0,10,-1,4,0,12,-1,9,-1,11,-1,10,-1,5,-1,10,0,8,-1,8,-1,9,0,11,-1,2,0,4,-1,3,0,4,0,4,-1,2,-1,4,-1,4,-1,2,-1,2,0,4,0,2,-1,5,0,6,0,5,-1,3,0,5,0,10,0,8,-1,10,-1,9,0,7,0,11,-1,10,0,10,-1,9,0,9,0,9,-1,6,0,10,-1,10,0,11,0,2,-1,6,0,8,0,8,-1,7,-1,6,-1,6,-1,7,-1,9,0,4,0,7,-1,4,-1,9,-1,10,-1,6,0,10,-1,6,0,7,0,12,0,7,-1,8,0,12,-1,10,-1,10,0,11,0,9,-1,10,0,10,0,3,0,5,-1,3,-1,6,0],"VAS":[[0,0,0,0,0,0,0,0,0,1214,0,0,0,1214,0,1137,0,1109,0,1111,0,1107,0,0,0,1160,0,1150,0,0,0,1167,0,0,0,1193,0,0,0,0,0,1159,0,1164,0,1153,0,1193,0,1114,0,0,0,0,0,1164,0,0,0,0,0,1112,0,0,0,0,0,0,0,1161,0,1180,0,0,0,0,0,1169,0,0,0,1206,0,0,0,0,0,1182,0,0,0,1210,0,0,0,0,0,1109,0,0,0,0,0,1168,0,1161,0,1123,0,1110,0,1110,0,0,0,0,0,1120,0,1023,0,1133,0,1149,0,0,0,1175,0,0,0,0,0,0,0,1175,0,0,0,1212,0,1207,0,0,0,0,0,1199,0,0,0,0,0,0,0,1157,0,1135,0,0],[0,0,0,0,0,0,0,0,0,646,0,0,0,702,0,779,0,818,0,762,0,973,0,0,0,699,0,827,0,0,0,672,0,0,0,990,0,0,0,0,0,885,0,960,0,1018,0,1004,0,1040,0,0,0,0,0,974,0,0,0,0,0,848,0,0,0,0,0,0,0,814,0,728,0,0,0,0,0,673,0,0,0,648,0,0,0,0,0,753,0,0,0,710,0,0,0,0,0,918,0,0,0,0,0,804,0,901,0,861,0,952,0,821,0,0,0,0,0,996,0,1026,0,794,0,739,0,0,0,931,0,0,0,0,0,0,0,702,0,0,0,659,0,614,0,0,0,0,0,697,0,0,0,0,0,0,0,941,0,957,0,0]],"CP":[[0,904,0,913,0,970,0,982,0,0,0,856,0,0,0,0,0,0,0,0,0,0,0,942,0,0,0,0,0,871,0,0,0,858,0,0,0,851,0,921,0,0,0,0,0,0,0,0,0,0,0,905,0,931,0,0,0,901,0,906,0,0,0,887,0,791,0,852,0,0,0,0,0,961,0,881,0,0,0,963,0,0,0,905,0,895,0,0,0,895,0,0,0,909,0,902,0,0,0,864,0,949,0,0,0,0,0,0,0,0,0,0,0,911,0,806,0,0,0,0,0,0,0,0,0,845,0,0,0,870,0,820,0,901,0,0,0,883,0,0,0,0,0,942,0,972,0,0,0,963,0,916,0,913,0,0,0,0,0,944],[0,583,0,586,0,598,0,601,0,0,0,793,0,0,0,0,0,0,0,0,0,0,0,667,0,0,0,0,0,818,0,0,0,880,0,0,0,952,0,957,0,0,0,0,0,0,0,0,0,0,0,1025,0,958,0,0,0,907,0,900,0,0,0,982,0,995,0,695,0,0,0,0,0,604,0,735,0,0,0,588,0,0,0,639,0,615,0,0,0,677,0,0,0,676,0,648,0,0,0,921,0,922,0,0,0,0,0,0,0,0,0,0,0,658,0,946,0,0,0,0,0,0,0,0,0,896,0,0,0,908,0,920,0,668,0,0,0,696,0,0,0,0,0,598,0,613,0,0,0,662,0,720,0,839,0,0,0,0,0,951]],"VASRT":[0,0,0,0,0,0,0,0,0,2.5036872947600091,0,0,0,2.0519527668555746,0,3.7867149089611294,0,4.9041627439035649,0,3.8872549683204829,0,2.4022968418936741,0,0,0,1.4010218669685912,0,2.15133640590804,0,0,0,1.7849300261107317,0,0,0,2.0853129698342081,0,0,0,0,0,1.4854840330722261,0,1.7514102461546666,0,1.4352090807094406,0,3.056671158615003,0,2.2855045442518445,0,0,0,0,0,2.8869288405645497,0,0,0,0,0,4.1537497513019472,0,0,0,0,0,0,0,2.5027983402353451,0,1.9181669568998583,0,0,0,0,0,2.60289699900931,0,0,0,2.2351007816810551,0,0,0,0,0,2.2680565041976131,0,0,0,1.8856272011059627,0,0,0,0,0,2.4201788985086323,0,0,0,0,0,1.8684745220382371,0,2.8861937198870242,0,1.9175028049038128,0,1.9519451777191159,0,1.8186389191428789,0,0,0,0,0,2.083997792997073,0,4.5109544056988264,0,1.6678694422394926,0,1.5082009849468452,0,0,0,2.4866051741501707,0,0,0,0,0,0,0,1.6018529799667309,0,0,0,1.4514818301715351,0,1.8181901345328271,0,0,0,0,0,2.7197508301899949,0,0,0,0,0,0,0,2.2862273582215988,0,1.9254755004215047,0,0],