{"ORDER":[2,1,3,4],"Sens":8,"Threshold":47,"sequences":[{"name":"LVLS","s":[7,7,8,7,8,7,8,8,8,8,7,8,8,7,7,8,7,4,3,3,4,4,3,3,3,4,4,4,4,3,8,8,9,8,8,8,9,9,8,9,8,9,8,5,6,5,5,5,5,5,5,6,5,5,5,6,6,10,9,10,10,10,9,10,10,9,10,9,10,10,9,10,10,7,6,7,7,6,6,7],"ms":[7,-1,7,0,8,0,7,-1,8,-1,7,0,8,-1,8,-1,8,-1,8,-1,7,0,8,0,8,0,7,0,7,-1,8,-1,7,-1,4,-1,3,0,3,0,4,0,4,0,3,0,3,0,3,-1,4,-1,4,0,4,0,4,-1,3,-1,8,-1,8,-1,9,-1,8,0,8,-1,8,0,9,-1,9,0,8,0,9,-1,8,0,9,0,8,0,5,0,6,0,5,0,5,-1,5,0,5,0,5,0,5,0,6,-1,5,0,5,-1,5,-1,6,-1,6,0,10,-1,9,0,10,-1,10,-1,10,-1,9,-1,10,0,10,-1,9,0,10,-1,9,-1,10,-1,10,0,9,0,10,-1,10,-1,7,0,6,-1,7,0,7,0,6,0,6,-1,7,-1],"VAS":[[0,1064,0,0,0,0,0,1059,0,969,0,0,0,1036,0,1157,0,932,0,963,0,0,0,0,0,0,0,0,0,962,0,950,0,1134,0,1155,0,0,0,0,0,0,0,0,0,0,0,0,0,957,0,958,0,0,0,0,0,1058,0,960,0,963,0,1057,0,958,0,0,0,945,0,0,0,1051,0,0,0,0,0,947,0,0,0,0,0,0,0,0,0,0,0,0,0,1163,0,0,0,0,0,0,0,0,0,1167,0,0,0,1161,0,1159,0,1142,0,0,0,966,0,0,0,1054,0,1147,0,1052,0,1043,0,0,0,966,0,0,0,1040,0,1092,0,985,0,0,0,0,0,1087,0,1073,0,0,0,953,0,0,0,0,0,0,0,972,0,1073],[0,492,0,0,0,0,0,700,0,697,0,0,0,776,0,788,0,718,0,790,0,0,0,0,0,0,0,0,0,809,0,808,0,782,0,920,0,0,0,0,0,0,0,0,0,0,0,0,0,877,0,814,0,0,0,0,0,895,0,996,0,695,0,713,0,604,0,0,0,714,0,0,0,707,0,0,0,0,0,788,0,0,0,0,0,0,0,0,0,0,0,0,0,797,0,0,0,0,0,0,0,0,0,801,0,0,0,804,0,787,0,795,0,0,0,599,0,0,0,695,0,688,0,598,0,682,0,0,0,609,0,0,0,687,0,687,0,590,0,0,0,0,0,588,0,602,0,0,0,788,0,0,0,0,0,0,0,803,0,772]],"CP":[[0,0,0,949,0,954,0,0,0,0,0,955,0,0,0,0,0,0,0,0,0,937,0,968,0,952,0,854,0,0,0,0,0,0,0,0,0,956,0,1064,0,1046,0,1064,0,1039,0,1062,0,0,0,0,0,957,0,971,0,0,0,0,0,0,0,0,0,0,0,961,0,0,0,841,0,0,0,852,0,989,0,0,0,836,0,951,0,951,0,943,0,1058,0,1073,0,0,0,1085,0,1092,0,1082,0,1165,0,0,0,1164,0,0,0,0,0,0,0,1055,0,0,0,957,0,0,0,0,0,0,0,0,0,957,0,0,0,958,0,0,0,0,0,0,0,876,0,942,0,0,0,0,0,863,0,0,0,840,0,978,0,1027,0,0,0,0],[0,0,0,593,0,613,0,0,0,0,0,699,0,0,0,0,0,0,0,0,0,814,0,785,0,706,0,798,0,0,0,0,0,0,0,0,0,819,0,815,0,795,0,818,0,810,0,892,0,0,0,0,0,830,0,885,0,0,0,0,0,0,0,0,0,0,0,692,0,0,0,678,0,0,0,670,0,701,0,0,0,806,0,723,0,797,0,803,0,806,0,794,0,0,0,813,0,791,0,810,0,808,0,0,0,799,0,0,0,0,0,0,0,788,0,0,0,687,0,0,0,0,0,0,0,0,0,584,0,0,0,686,0,0,0,0,0,0,0,586,0,597,0,0,0,0,0,592,0,0,0,796,0,793,0,782,0,0,0,0]],"VASRT":[0,2.3396922092386454,0,0,0,0,0,1.6014439870451389,0,3.6859135371734362,0,0,0,2.8914187377830287,0,4.4038126180674775,0,8.2565402972890372,0,3.3021190099663822,0,0,0,0,0,0,0,0,0,3.0540182426431528,0,5.372785766882239,0,2.4087898609136911,0,3.6199446608373895,0,0,0,0,0,0,0,0,0,0,0,0,0,3.1854432158247854,0,2.4686624044435419,0,0,0,0,0,1.9682642824471479,0,5.7545148183017156,0,1.7027663427951405,0,1.7347855248503197,0,1.6853810669505414,0,0,0,3.5025895364268296,0,0,0,1.8904071264042466,0,0,0,0,0,2.8522669981273294,0,0,0,0,0,0,0,0,0,0,0,0,0,3.6695878688679264,0,0,0,0,0,0,0,0,0,1.3848643903359525,0,0,0,0.92662207536217611,0,2.44183583262057,0,1.6925066507499913,0,0,0,2.5028217229801104,0,0,0,6.3728739649545982,0,2.8362928914404795,0,1.4181281907703793,0,1.2520044550282132,0,0,0,3.5199456863963703,0,0,0,1.9117957742867751,0,2.4022057722561683,0,1.3182526936306633,0,0,0,0,0,1.585014942394352,0,3.0690270932171582,0,0,0,2.7526027661376835,0,0,0,0,0,0,0,3.5709578105546429,0,2.1685645661167618],"CPRT":[0,0,0,3.2382389921626782,0,4.2372171251940873,0,0,0,0,0,3.3192093350480678,0,0,0,0,0,0,0,0,0,2.8180539403001608,0,5.1537768260590431,0,6.5795023577600968,0,5.7878450749581063,0,0,0,0,0,0,0,0,0,6.3206697310369018,0,3.0306789815789097,0,6.4382709896028834,0,5.0541897161047631,0,2.0516036665784685,0,5.4875043842646436,0,0,0,0,0,7.372362005911322,0,2.6851870311913508,0,0,0,0,0,0,0,0,0,0,0,2.2691809270642964,0,0,0,7.8061845308785553,0,0,0,5.0706400923823534,0,2.6188436207154711,0,0,0,3.9531479532919418,0,2.6429290784942334,0,8.3743323098254709,0,8.773577498415511,0,5.8299549369383783,0,2.6189223836452058,0,0,0,4.6935412346499463,0,2.3398452226385991,0,1.23477260280716,0,1.8344066833627668,0,0,0,1.4516307413355649,0,0,0,0,0,0,0,3.5527984427912433,0,0,0,5.2722600653486182,0,0,0,0,0,0,0,0,0,1.5681736230332342,0,0,0,8.3227758189601246,0,0,0,0,0,0,0,2.6511971349984309,0,3.9191617491113533,0,0,0,0,0,4.28733578236818,0,0,0,5.8543197569835437,0,2.5045339962546587,0,1.7520235304252583,0,0,0,0],"break_time":189.9441246751542,"after_SBT":125.76964222349392},{"name":"LVHS","s":[7,4,6,11,6,7,10,7,7,9,5,10,8,10,8,8,8,2,3,5,2,5,4,5,4,3,5,3,6,3,11,8,8,11,11,9,9,8,9,10,6,6,8,6,3,6,8,4,3,4,5,5,6,3,4,4,7,10,9,6,11,10,10,11,7,11,6,8,10,8,7,10,9,7,6,6,6,9,6,5],"ms":[7,0,4,0,6,0,11,-1,6,-1,7,-1,10,0,7,-1,7,0,9,-1,5,0,10,-1,8,-1,10,-1,8,0,8,0,8,-1,2,0,3,0,5,-1,2,0,5,-1,4,0,5,-1,4,-1,3,0,5,-1,3,-1,6,-1,3,0,11,-1,8,-1,8,-1,11,0,11,-1,9,0,9,-1,8,0,9,0,10,0,6,0,6,-1,8,-1,6,-1,3,0,6,0,8,0,4,-1,3,0,4,0,5,-1,5,-1,6,0,3,0,4,0,4,0,7,-1,10,-1,9,0,6,-1,11,0,10,-1,10,0,11,0,7,-1,11,0,6,-1,8,0,10,-1,8,0,7,0,10,-1,9,-1,7,-1,6,0,6,-1,6,-1,9,0,6,0,5,-1],"VAS":[[0,0,0,0,0,0,0,1066,0,1166,0,1149,0,0,0,1061,0,0,0,1067,0,0,0,1077,0,1144,0,1162,0,0,0,0,0,1037,0,0,0,0,0,1046,0,0,0,869,0,0,0,1053,0,959,0,0,0,1073,0,963,0,955,0,0,0,1072,0,1061,0,965,0,0,0,1042,0,0,0,1150,0,0,0,0,0,0,0,0,0,1058,0,1064,0,1041,0,0,0,0,0,0,0,1042,0,0,0,0,0,1149,0,1152,0,0,0,0,0,0,0,0,0,968,0,1074,0,0,0,974,0,0,0,970,0,0,0,0,0,947,0,0,0,957,0,0,0,1023,0,0,0,0,0,1064,0,1149,0,1039,0,0,0,1032,0,1073,0,0,0,0,0,1050],[0,0,0,0,0,0,0,698,0,898,0,890,0,0,0,907,0,0,0,922,0,0,0,788,0,786,0,792,0,0,0,0,0,917,0,0,0,0,0,917,0,0,0,789,0,0,0,1018,0,824,0,0,0,783,0,794,0,721,0,0,0,512,0,689,0,678,0,0,0,485,0,0,0,691,0,0,0,0,0,0,0,0,0,798,0,692,0,800,0,0,0,0,0,0,0,909,0,0,0,0,0,802,0,823,0,0,0,0,0,0,0,0,0,714,0,577,0,0,0,902,0,0,0,519,0,0,0,0,0,781,0,0,0,681,0,0,0,672,0,0,0,0,0,707,0,705,0,884,0,0,0,810,0,797,0,0,0,0,0,904]],"CP":[[0,767,0,854,0,967,0,0,0,0,0,0,0,956,0,0,0,941,0,0,0,946,0,0,0,0,0,0,0,953,0,864,0,0,0,764,0,849,0,0,0,940,0,0,0,871,0,0,0,0,0,854,0,0,0,0,0,0,0,954,0,0,0,0,0,0,0,946,0,0,0,1044,0,0,0,956,0,961,0,1093,0,852,0,0,0,0,0,0,0,963,0,1031,0,980,0,0,0,950,0,1064,0,0,0,0,0,1050,0,1054,0,1041,0,1043,0,0,0,0,0,972,0,0,0,972,0,0,0,987,0,974,0,0,0,856,0,0,0,991,0,0,0,855,0,825,0,0,0,0,0,0,0,877,0,0,0,0,0,860,0,772,0,0],[0,874,0,801,0,797,0,0,0,0,0,0,0,696,0,0,0,886,0,0,0,911,0,0,0,0,0,0,0,793,0,901,0,0,0,914,0,921,0,0,0,905,0,0,0,910,0,0,0,0,0,795,0,0,0,0,0,0,0,791,0,0,0,0,0,0,0,579,0,0,0,507,0,0,0,605,0,594,0,587,0,706,0,0,0,0,0,0,0,828,0,843,0,718,0,0,0,787,0,781,0,0,0,0,0,799,0,811,0,802,0,821,0,0,0,0,0,567,0,0,0,589,0,0,0,567,0,512,0,0,0,678,0,0,0,670,0,0,0,600,0,801,0,0,0,0,0,0,0,791,0,0,0,0,0,590,0,780,0,0]],"VASRT":[0,0,0,0,0,0,0,4.8205956856784793,0,7.4892174779863767,0,2.8525123118355662,0,0,0,2.8040989541349512,0,0,0,5.287898198913318,0,0,0,5.2881997132537091,0,4.4876208877648764,0,2.5518422115974313,0,0,0,0,0,5.6601289332750815,0,0,0,0,0,4.4532831219656277,0,0,0,7.9729576505674418,0,0,0,5.4211613840123558,0,21.232743636919302,0,0,0,4.6372675826959489,0,3.7871686162542892,0,2.4359072812636526,0,0,0,5.2394585869027912,0,3.019495055780153,0,1.9858255442128732,0,0,0,2.5358890263137925,0,0,0,7.639231323032619,0,0,0,0,0,0,0,0,0,2.8681479840587114,0,3.2029257146607759,0,1.98502150597183,0,0,0,0,0,0,0,2.0849675615694334,0,0,0,0,0,3.9874980257989616,0,2.170412213176792,0,0,0,0,0,0,0,0,0,7.1056079616194809,0,3.3360957790043462,0,0,0,4.2212823999721047,0,0,0,5.1875365868166448,0,0,0,0,0,10.5414471457668,0,0,0,2.3324062280145794,0,0,0,7.856653929224124,0,0,0,0,0,3.2694615200014767,0,3.2025926131037723,0,9.0904280478074568,0,0,0,3.6854471129489128,0,2.4521443412732111,0,0,0,0,0,2.5686962478899122],