{"ORDER":[4,2,3,1],"Sens":7,"Threshold":46.5,"sequences":[{"name":"LVLS","s":[7,7,6,7,6,7,6,6,6,6,7,6,6,7,7,6,7,10,11,11,10,10,11,11,11,10,10,10,10,11,6,6,5,6,6,6,5,5,6,5,6,5,6,9,8,9,9,9,9,9,9,8,9,9,9,8,8,4,5,4,4,4,5,4,4,5,4,5,4,4,5,4,4,7,8,7,7,8,8,7],"ms":[7,-1,7,0,6,0,7,-1,6,-1,7,0,6,0,6,-1,6,-1,6,0,7,-1,6,0,6,0,7,0,7,0,6,-1,7,-1,10,0,11,-1,11,-1,10,0,10,0,11,-1,11,0,11,-1,10,0,10,0,10,-1,10,0,11,-1,6,-1,6,-1,5,0,6,-1,6,0,6,0,5,-1,5,-1,6,-1,5,-1,6,0,5,0,6,0,9,-1,8,0,9,-1,9,-1,9,-1,9,0,9,0,9,0,8,0,9,-1,9,-1,9,-1,8,0,8,-1,4,0,5,-1,4,0,4,-1,4,-1,5,0,4,-1,4,-1,5,0,4,-1,5,0,4,0,4,0,5,-1,4,-1,4,-1,7,0,8,0,7,0,7,0,8,0,8,-1,7,-1],"VAS":[[0,1056,0,0,0,0,0,1154,0,1149,0,0,0,0,0,952,0,963,0,0,0,1073,0,0,0,0,0,0,0,0,0,1055,0,1048,0,0,0,1067,0,1055,0,0,0,0,0,1043,0,0,0,946,0,0,0,0,0,879,0,0,0,1153,0,1040,0,942,0,0,0,1063,0,0,0,0,0,1057,0,943,0,944,0,1064,0,0,0,0,0,0,0,1046,0,0,0,948,0,1141,0,1043,0,0,0,0,0,0,0,0,0,1039,0,962,0,1074,0,0,0,1054,0,0,0,1030,0,0,0,1156,0,966,0,0,0,1068,0,1158,0,0,0,1052,0,0,0,0,0,0,0,948,0,1056,0,970,0,0,0,0,0,0,0,0,0,0,0,1060,0,955],[0,703,0,0,0,0,0,491,0,612,0,0,0,0,0,412,0,512,0,0,0,612,0,0,0,0,0,0,0,0,0,695,0,694,0,0,0,299,0,300,0,0,0,0,0,500,0,0,0,289,0,0,0,0,0,715,0,0,0,493,0,480,0,714,0,0,0,715,0,0,0,0,0,703,0,695,0,797,0,797,0,0,0,0,0,0,0,310,0,0,0,272,0,314,0,391,0,0,0,0,0,0,0,0,0,687,0,615,0,595,0,0,0,400,0,0,0,812,0,0,0,629,0,493,0,0,0,512,0,606,0,0,0,598,0,0,0,0,0,0,0,616,0,404,0,515,0,0,0,0,0,0,0,0,0,0,0,629,0,804]],"CP":[[0,0,0,929,0,1062,0,0,0,0,0,1057,0,1060,0,0,0,0,0,938,0,0,0,1055,0,1035,0,936,0,967,0,0,0,0,0,1068,0,0,0,0,0,1066,0,1053,0,0,0,860,0,0,0,1064,0,967,0,0,0,958,0,0,0,0,0,0,0,969,0,0,0,955,0,1157,0,0,0,0,0,0,0,0,0,1054,0,1050,0,1052,0,0,0,950,0,0,0,0,0,0,0,1161,0,953,0,1072,0,1053,0,0,0,0,0,0,0,1139,0,0,0,1056,0,0,0,955,0,0,0,0,0,1066,0,0,0,0,0,1156,0,0,0,1058,0,1051,0,1036,0,0,0,0,0,0,0,975,0,1059,0,882,0,960,0,1042,0,0,0,0],[0,0,0,716,0,500,0,0,0,0,0,507,0,611,0,0,0,0,0,490,0,0,0,508,0,504,0,725,0,691,0,0,0,0,0,701,0,0,0,0,0,302,0,503,0,0,0,374,0,0,0,413,0,402,0,0,0,700,0,0,0,0,0,0,0,609,0,0,0,711,0,608,0,0,0,0,0,0,0,0,0,686,0,698,0,578,0,0,0,395,0,0,0,0,0,0,0,399,0,398,0,484,0,404,0,0,0,0,0,0,0,509,0,0,0,603,0,0,0,691,0,0,0,0,0,408,0,0,0,0,0,399,0,0,0,400,0,397,0,683,0,0,0,0,0,0,0,388,0,295,0,584,0,481,0,510,0,0,0,0]],"VASRT":[0,2.7348298446823542,0,0,0,0,0,2.8863148014902484,0,3.60340302430884,0,0,0,0,0,1.5345249688847831,0,3.103267241358092,0,0,0,1.8030216013855604,0,0,0,0,0,0,0,0,0,1.1518324134824676,0,1.6357554659816533,0,0,0,1.3345536022683546,0,1.1515657702257114,0,0,0,0,0,4.5540141296312857,0,0,0,1.291989544302572,0,0,0,0,0,4.3530611056096,0,0,0,1.8205970839893442,0,1.0682422138117926,0,2.0191462164962748,0,0,0,2.5861019791493178,0,0,0,0,0,4.2033154832765449,0,5.6550411574122315,0,1.1175318351537546,0,2.735872624926468,0,0,0,0,0,0,0,2.1857190794326158,0,0,0,1.7856241544332108,0,3.2201049836034907,0,1.5679484960089658,0,0,0,0,0,0,0,0,0,1.8348358339001212,0,1.2008201126137028,0,1.5230338751797792,0,0,0,2.9514844645434204,0,0,0,1.3181148403791421,0,0,0,3.6860558703769186,0,1.9683847243770187,0,0,0,3.7195536473925981,0,2.3685731796264862,0,0,0,2.2521284285195065,0,0,0,0,0,0,0,1.7689847947708386,0,2.5893693845955679,0,1.55137025918545,0,0,0,0,0,0,0,0,0,0,0,3.0193312258944238,0,2.3231404504384026],"CPRT":[0,0,0,3.23987391465939,0,2.4922640637909121,0,0,0,0,0,1.5688546728615416,0,3.8366617248783079,0,0,0,0,0,1.0185965211669621,0,0,0,1.9013231248620635,0,1.0345840406216644,0,6.3930436466295886,0,1.4011397563454941,0,0,0,0,0,3.5531641529728262,0,0,0,0,0,1.5512340660143069,0,3.9076265714517784,0,0,0,5.4371767976062824,0,0,0,2.6702931516986816,0,4.8709627134274163,0,0,0,4.1378512819797564,0,0,0,0,0,0,0,4.2701087986531645,0,0,0,3.4192218611371143,0,4.5699253480925162,0,0,0,0,0,0,0,0,0,2.953948248235847,0,1.3019939992960619,0,2.7371664600523276,0,0,0,2.7693232265967214,0,0,0,0,0,0,0,2.4527319447646443,0,2.3684185265375675,0,1.5351107636088566,0,3.9028233008466127,0,0,0,0,0,0,0,1.6855151998962963,0,0,0,1.9681168504590776,0,0,0,1.6349038484416138,0,0,0,0,0,1.1842541824020374,0,0,0,0,0,2.3129374487737282,0,0,0,1.8857573119734308,0,3.5267566252644897,0,3.1025518169891955,0,0,0,0,0,0,0,3.5863620588797538,0,3.2243675837280339,0,3.4531491389063689,0,1.7353635414162614,0,1.1515263890677905,0,0,0,0],"break_time":163.6899878328631,"after_SBT":"Last"},{"name":"LVHS","s":[1,4,4,6,3,5,3,2,3,6,3,2,2,2,4,7,10,6,9,5,8,7,8,9,8,9,8,5,6,6,6,3,2,8,4,6,3,2,8,7,5,5,6,4,4,6,7,10,6,10,9,8,8,7,7,7,10,9,9,4,7,6,7,7,4,2,5,4,5,5,6,5,5,7,3,10,10,10,10,7],"ms":[1,-1,4,-1,4,-1,6,-1,3,0,5,0,3,-1,2,-1,3,0,6,0,3,-1,2,0,2,0,2,-1,4,-1,7,-1,10,-1,6,-1,9,0,5,-1,8,-1,7,0,8,-1,9,0,8,0,9,-1,8,-1,5,0,6,0,6,-1,6,0,3,-1,2,0,8,0,4,-1,6,-1,3,-1,2,0,8,0,7,0,5,0,5,-1,6,0,4,-1,4,-1,6,0,7,0,10,-1,6,0,10,0,9,0,8,-1,8,0,7,-1,7,0,7,0,10,-1,9,-1,9,0,4,0,7,-1,6,-1,7,0,7,0,4,-1,2,-1,5,-1,4,-1,5,0,5,-1,6,0,5,-1,5,0,7,0,3,0,10,0,10,-1,10,-1,10,0,7,0],"VAS":[[0,1059,0,1142,0,1051,0,1055,0,0,0,0,0,1155,0,1146,0,0,0,0,0,947,0,0,0,0,0,1059,0,1163,0,1058,0,1059,0,1055,0,0,0,1046,0,1052,0,0,0,1169,0,0,0,0,0,1069,0,1153,0,0,0,0,0,1062,0,0,0,1157,0,0,0,0,0,1057,0,1063,0,1162,0,0,0,0,0,0,0,0,0,1059,0,0,0,1054,0,1158,0,0,0,0,0,1053,0,0,0,0,0,0,0,1057,0,0,0,951,0,0,0,0,0,838,0,951,0,0,0,0,0,1051,0,1045,0,0,0,0,0,1064,0,1055,0,1169,0,1071,0,0,0,1156,0,0,0,1055,0,0,0,0,0,0,0,0,0,1051,0,981,0,0,0,0],[0,682,0,700,0,689,0,785,0,0,0,0,0,615,0,706,0,0,0,0,0,784,0,0,0,0,0,710,0,810,0,698,0,385,0,695,0,0,0,621,0,694,0,0,0,673,0,0,0,0,0,599,0,607,0,0,0,0,0,699,0,0,0,695,0,0,0,0,0,797,0,680,0,812,0,0,0,0,0,0,0,0,0,809,0,0,0,699,0,689,0,0,0,0,0,389,0,0,0,0,0,0,0,600,0,0,0,705,0,0,0,0,0,595,0,603,0,0,0,0,0,709,0,807,0,0,0,0,0,695,0,702,0,704,0,703,0,0,0,606,0,0,0,796,0,0,0,0,0,0,0,0,0,295,0,316,0,0,0,0]],"CP":[[0,0,0,0,0,0,0,0,0,1052,0,1032,0,0,0,0,0,872,0,945,0,0,0,1051,0,1058,0,0,0,0,0,0,0,0,0,0,0,1070,0,0,0,0,0,1061,0,0,0,1059,0,1059,0,0,0,0,0,1042,0,1167,0,0,0,1067,0,0,0,1172,0,1042,0,0,0,0,0,0,0,1077,0,1147,0,1164,0,1058,0,0,0,1168,0,0,0,0,0,1152,0,1161,0,0,0,1163,0,1155,0,1061,0,0,0,1047,0,0,0,1047,0,1048,0,0,0,0,0,1071,0,947,0,0,0,0,0,1058,0,1052,0,0,0,0,0,0,0,0,0,1055,0,0,0,1055,0,0,0,964,0,1156,0,1078,0,1054,0,0,0,0,0,853,0,1056],[0,0,0,0,0,0,0,0,0,681,0,593,0,0,0,0,0,712,0,705,0,0,0,797,0,899,0,0,0,0,0,0,0,0,0,0,0,602,0,0,0,0,0,488,0,0,0,707,0,699,0,0,0,0,0,491,0,475,0,0,0,602,0,0,0,686,0,704,0,0,0,0,0,0,0,803,0,706,0,610,0,627,0,0,0,703,0,0,0,0,0,686,0,708,0,0,0,497,0,499,0,392,0,0,0,671,0,0,0,693,0,701,0,0,0,0,0,621,0,691,0,0,0,0,0,697,0,693,0,0,0,0,0,0,0,0,0,694,0,0,0,599,0,0,0,799,0,698,0,709,0,789,0,0,0,0,0,300,0,394]],"VASRT":[0,3.2325034848222556,0,5.3371502973687646,0,52.765433927031637,0,2.5195022877991429,0,0,0,0,0,4.7380861741779388,0,4.17041662803758,0,0,0,0,0,3.7661952960847747,0,0,0,0,0,4.0883352189797488,0,3.4883883014988633,0,3.6364659677058095,0,3.1865961306371462,0,3.5033662685614475,0,0,0,4.5035873773543571,0,2.9689537000648967,0,0,0,5.1707981330049382,0,0,0,0,0,2.0356780984151546,0,1.9347655221244167,0,0,0,0,0,5.0214848829682239,0,0,0,10.976386483402072,0,0,0,0,0,2.152069520870783,0,1.1894442908396965,0,2.803520019165497,0,0,0,0,0,0,0,0,0,2.8689288407089593,0,0,0,4.47039275321059,0,5.020792430941448,0,0,0,0,0,1.9015569504872187,0,0,0,0,0,0,0,5.7537393640107082,0,0,0,2.5363922921228661,0,0,0,0,0,12.843639984017813,0,5.3875618714910773,0,0,0,0,0,2.2492868318432762,0,1.8349765394956095,0,0,0,0,0,1.7576262022534226,0,1.8844766039002114,0,3.8866138521582103,0,1.7515541199664932,0,0,0,7.3737714924720459,0,0,0,4.3529925988036329,0,0,0,0,0,0,0,0,0,2.4191353046337674,0,6.154014785983918,0,0,0,0],