{"ORDER":[3,1,4,2],"Sens":6,"Threshold":46,"sequences":[{"name":"LVLS","s":[7,7,8,8,7,8,7,7,7,8,7,8,8,7,8,11,10,10,10,11,10,11,10,11,10,10,11,10,10,10,5,5,4,4,4,4,5,5,4,4,4,5,4,5,4,9,9,10,9,9,9,10,10,10,10,9,10,9,9,10,5,6,5,5,5,6,6,6,5,6,6,6,5,6,6,10,10,9,10,10],"ms":[7,0,7,-1,8,0,8,-1,7,0,8,-1,7,0,7,-1,7,0,8,-1,7,0,8,-1,8,0,7,-1,8,0,11,-1,10,0,10,-1,10,0,11,-1,10,0,11,-1,10,0,11,-1,10,0,10,-1,11,0,10,-1,10,0,10,-1,5,0,5,-1,4,0,4,-1,4,0,4,-1,5,0,5,-1,4,0,4,-1,4,0,5,-1,4,0,5,-1,4,0,9,-1,9,0,10,-1,9,0,9,-1,9,0,10,-1,10,0,10,-1,10,0,9,-1,10,0,9,-1,9,0,10,-1,5,0,6,-1,5,0,5,-1,5,0,6,-1,6,0,6,-1,5,0,6,-1,6,0,6,-1,5,0,6,-1,6,0,10,-1,10,0,9,-1,10,0,10,-1],"VAS":[[0,0,0,1100,0,0,0,1104,0,0,0,1091,0,0,0,1090,0,0,0,1092,0,0,0,1103,0,0,0,1082,0,0,0,1105,0,0,0,1090,0,0,0,1074,0,0,0,1076,0,0,0,1087,0,0,0,1090,0,0,0,1090,0,0,0,1096,0,0,0,1104,0,0,0,1108,0,0,0,1121,0,0,0,1118,0,0,0,1126,0,0,0,1111,0,0,0,1116,0,0,0,1098,0,0,0,1110,0,0,0,816,0,0,0,1104,0,0,0,1108,0,0,0,1120,0,0,0,1118,0,0,0,1119,0,0,0,1115,0,0,0,1126,0,0,0,1105,0,0,0,1122,0,0,0,1107,0,0,0,1133,0,0,0,1115,0,0,0,1106,0,0,0,1098,0,0,0,1109],[0,0,0,671,0,0,0,694,0,0,0,695,0,0,0,715,0,0,0,792,0,0,0,886,0,0,0,1050,0,0,0,654,0,0,0,711,0,0,0,662,0,0,0,662,0,0,0,631,0,0,0,746,0,0,0,717,0,0,0,824,0,0,0,1021,0,0,0,1038,0,0,0,987,0,0,0,943,0,0,0,990,0,0,0,962,0,0,0,946,0,0,0,648,0,0,0,568,0,0,0,872,0,0,0,738,0,0,0,728,0,0,0,783,0,0,0,849,0,0,0,651,0,0,0,932,0,0,0,980,0,0,0,974,0,0,0,946,0,0,0,1022,0,0,0,1044,0,0,0,945,0,0,0,576,0,0,0,533,0,0,0,555]],"CP":[[0,711,0,0,0,857,0,0,0,967,0,0,0,1063,0,0,0,921,0,0,0,819,0,0,0,956,0,0,0,1013,0,0,0,891,0,0,0,929,0,0,0,912,0,0,0,1012,0,0,0,1018,0,0,0,1085,0,0,0,918,0,0,0,900,0,0,0,903,0,0,0,1044,0,0,0,1046,0,0,0,1109,0,0,0,729,0,0,0,883,0,0,0,981,0,0,0,899,0,0,0,844,0,0,0,907,0,0,0,950,0,0,0,1026,0,0,0,938,0,0,0,906,0,0,0,824,0,0,0,945,0,0,0,1085,0,0,0,1142,0,0,0,1172,0,0,0,1157,0,0,0,1187,0,0,0,1034,0,0,0,855,0,0,0,877,0,0],[0,543,0,0,0,643,0,0,0,696,0,0,0,670,0,0,0,800,0,0,0,864,0,0,0,885,0,0,0,950,0,0,0,723,0,0,0,702,0,0,0,844,0,0,0,769,0,0,0,655,0,0,0,671,0,0,0,884,0,0,0,779,0,0,0,946,0,0,0,887,0,0,0,930,0,0,0,924,0,0,0,548,0,0,0,910,0,0,0,948,0,0,0,673,0,0,0,762,0,0,0,845,0,0,0,702,0,0,0,697,0,0,0,735,0,0,0,864,0,0,0,958,0,0,0,923,0,0,0,963,0,0,0,963,0,0,0,1002,0,0,0,1021,0,0,0,1028,0,0,0,913,0,0,0,539,0,0,0,539,0,0]],"VASRT":[0,0,0,1.2685454267987508,0,0,0,1.2342884663665945,0,0,0,2.4357393802848333,0,0,0,3.1187425029823976,0,0,0,2.4186876137372439,0,0,0,4.2704074767520668,0,0,0,1.6505499590586945,0,0,0,1.4183364538429857,0,0,0,1.2510354294078361,0,0,0,4.1202587260772319,0,0,0,1.5852596532049905,0,0,0,1.5026492880807472,0,0,0,1.8517280676852492,0,0,0,1.2675136894926067,0,0,0,1.5347525225259226,0,0,0,2.5027157459112024,0,0,0,1.5177323439594754,0,0,0,1.1189812588918115,0,0,0,0.90163215508796224,0,0,0,1.0692342909277677,0,0,0,2.0020052214522597,0,0,0,1.517894796433922,0,0,0,0.95108334468312739,0,0,0,3.2708324786801639,0,0,0,2.2855697077004113,0,0,0,3.1698448825009149,0,0,0,1.6355542829200094,0,0,0,1.0349929193694218,0,0,0,1.401258432350031,0,0,0,1.8676455385463622,0,0,0,1.0177261904566555,0,0,0,1.2516327294148921,0,0,0,6.1882225237894417,0,0,0,1.0346310934036091,0,0,0,2.3692470902136331,0,0,0,2.1350669254966697,0,0,0,1.4373413421856258,0,0,0,0.88422922864611453,0,0,0,1.2676978843436837,0,0,0,1.2339204868979619],"CPRT":[0,3.6693259370964326,0,0,0,1.8518753415194065,0,0,0,1.3346652248325837,0,0,0,6.4057090558229364,0,0,0,2.6028410312286168,0,0,0,2.7190815199644245,0,0,0,1.8847785313311749,0,0,0,2.2690750382747877,0,0,0,1.0169094155156881,0,0,0,1.5348776437499283,0,0,0,1.5845991772356496,0,0,0,1.8518507275081266,0,0,0,2.3188302109092578,0,0,0,3.2353111785352695,0,0,0,1.1687241245206421,0,0,0,2.4678069244136531,0,0,0,2.6355436168484547,0,0,0,0.88440932116197823,0,0,0,5.0201687208426522,0,0,0,2.6355747945960757,0,0,0,6.90596914387546,0,0,0,0.93436427752133622,0,0,0,1.7521853139681232,0,0,0,1.8188359541785566,0,0,0,1.5350150719795737,0,0,0,2.7525340124612536,0,0,0,1.5682612170151737,0,0,0,1.0673369608916179,0,0,0,1.4350579824059047,0,0,0,4.8876440124776632,0,0,0,5.03722910229419,0,0,0,0.85099703155023965,0,0,0,2.20183079015899,0,0,0,5.6545267628144646,0,0,0,1.2352463616388993,0,0,0,3.2356008034013284,0,0,0,2.3191030162009421,0,0,0,0.81833628974957706,0,0,0,1.0012869025564113,0,0,0,1.1176734344258126,0,0],"break_time":187.52973208469189,"after_SBT":352.36270919858418},{"name":"LVHS","s":[10,11,6,10,6,8,8,9,4,8,6,7,7,8,9,12,12,13,13,10,11,7,8,8,13,13,6,9,13,8,8,4,5,5,6,5,2,5,6,4,5,4,5,8,8,12,11,9,9,9,7,9,9,7,10,7,6,10,7,9,5,5,5,4,6,4,5,6,4,7,6,5,7,7,5,10,10,9,9,6],"ms":[10,0,11,-1,6,0,10,-1,6,0,8,-1,8,0,9,-1,4,0,8,-1,6,0,7,-1,7,0,8,-1,9,0,12,-1,12,0,13,-1,13,0,10,-1,11,0,7,-1,8,0,8,-1,13,0,13,-1,6,0,9,-1,13,0,8,-1,8,0,4,-1,5,0,5,-1,6,0,5,-1,2,0,5,-1,6,0,4,-1,5,0,4,-1,5,0,8,-1,8,0,12,-1,11,0,9,-1,9,0,9,-1,7,0,9,-1,9,0,7,-1,10,0,7,-1,6,0,10,-1,7,0,9,-1,5,0,5,-1,5,0,4,-1,6,0,4,-1,5,0,6,-1,4,0,7,-1,6,0,5,-1,7,0,7,-1,5,0,10,-1,10,0,9,-1,9,0,6,-1],"VAS":[[0,0,0,1116,0,0,0,1115,0,0,0,1107,0,0,0,1104,0,0,0,1109,0,0,0,1124,0,0,0,1108,0,0,0,1115,0,0,0,1096,0,0,0,1034,0,0,0,1108,0,0,0,1114,0,0,0,1107,0,0,0,1111,0,0,0,1111,0,0,0,1118,0,0,0,1111,0,0,0,1115,0,0,0,1113,0,0,0,1118,0,0,0,1111,0,0,0,1114,0,0,0,1128,0,0,0,1115,0,0,0,1116,0,0,0,1093,0,0,0,1090,0,0,0,1116,0,0,0,1108,0,0,0,1103,0,0,0,1111,0,0,0,1108,0,0,0,1102,0,0,0,1109,0,0,0,1102,0,0,0,1112,0,0,0,1103,0,0,0,1104,0,0,0,1113,0,0,0,1109],[0,0,0,519,0,0,0,957,0,0,0,847,0,0,0,847,0,0,0,978,0,0,0,844,0,0,0,926,0,0,0,827,0,0,0,530,0,0,0,556,0,0,0,984,0,0,0,1021,0,0,0,529,0,0,0,938,0,0,0,793,0,0,0,1057,0,0,0,1038,0,0,0,903,0,0,0,916,0,0,0,1057,0,0,0,857,0,0,0,766,0,0,0,504,0,0,0,872,0,0,0,951,0,0,0,867,0,0,0,867,0,0,0,845,0,0,0,702,0,0,0,700,0,0,0,914,0,0,0,982,0,0,0,982,0,0,0,1057,0,0,0,847,0,0,0,955,0,0,0,990,0,0,0,666,0,0,0,754,0,0,0,963]],"CP":[[0,807,0,0,0,761,0,0,0,839,0,0,0,915,0,0,0,903,0,0,0,1102,0,0,0,979,0,0,0,1033,0,0,0,935,0,0,0,955,0,0,0,841,0,0,0,1057,0,0,0,863,0,0,0,811,0,0,0,804,0,0,0,857,0,0,0,897,0,0,0,932,0,0,0,1000,0,0,0,1060,0,0,0,809,0,0,0,836,0,0,0,829,0,0,0,750,0,0,0,815,0,0,0,806,0,0,0,756,0,0,0,856,0,0,0,900,0,0,0,843,0,0,0,841,0,0,0,871,0,0,0,1099,0,0,0,934,0,0,0,930,0,0,0,951,0,0,0,992,0,0,0,1110,0,0,0,837,0,0,0,858,0,0],[0,558,0,0,0,700,0,0,0,837,0,0,0,869,0,0,0,904,0,0,0,916,0,0,0,845,0,0,0,851,0,0,0,678,0,0,0,552,0,0,0,654,0,0,0,910,0,0,0,746,0,0,0,662,0,0,0,754,0,0,0,838,0,0,0,914,0,0,0,910,0,0,0,877,0,0,0,893,0,0,0,750,0,0,0,848,0,0,0,873,0,0,0,605,0,0,0,789,0,0,0,867,0,0,0,950,0,0,0,778,0,0,0,933,0,0,0,701,0,0,0,841,0,0,0,878,0,0,0,973,0,0,0,913,0,0,0,968,0,0,0,924,0,0,0,945,0,0,0,992,0,0,0,690,0,0,0,855,0,0]],"VASRT":[0,0,0,2.3848810897115076,0,0,0,3.6357610406147596,0,0,0,1.4188668857860649,0,0,0,2.201789356573336,0,0,0,1.5347426769214108,0,0,0,1.1845800603535557,0,0,0,2.2023493253299509,0,0,0,2.9031311483749009,0,0,0,1.3687433234494404,0,0,0,2.3182247062317756,0,0,0,1.2011908258657158,0,0,0,3.3033168200666547,0,0,0,1.669421931740424,0,0,0,1.6024890508673157,0,0,0,0.8006950176318367,0,0,0,1.8855341814774642,0,0,0,1.5354987373012214,0,0,0,1.1842986401579234,0,0,0,2.5687526767737268,0,0,0,2.1021629152178587,0,0,0,0.8506791005712091,0,0,0,1.8017152683993836,0,0,0,1.0018066684279359,0,0,0,1.5518703366704463,0,0,0,1.7018906842531043,0,0,0,1.6850005497129186,0,0,0,0.91830773749649253,0,0,0,1.1008874992000446,0,0,0,1.1007931454901387,0,0,0,0.93514987471468258,0,0,0,0.78462904223600238,0,0,0,2.0860235080217064,0,0,0,1.568224295998254,0,0,0,2.0852448847982226,0,0,0,1.418969033932876,0,0,0,0.78431890569387719,0,0,0,2.4024522118971,0,0,0,0.968215927234419,0,0,0,1.1520526444473251,0,0,0,1.6851662840555357],