{"ORDER":[4,2,3,1],"Sens":5,"Threshold":45.5,"sequences":[{"name":"LVLS","s":[7,7,6,7,6,7,6,6,6,6,7,6,6,7,7,6,7,10,11,11,10,10,11,11,11,10,10,10,10,11,6,6,5,6,6,6,5,5,6,5,6,5,6,9,8,9,9,9,9,9,9,8,9,9,9,8,8,4,5,4,4,4,5,4,4,5,4,5,4,4,5,4,4,7,8,7,7,8,8,7],"ms":[7,-1,7,0,6,0,7,-1,6,-1,7,0,6,0,6,-1,6,-1,6,0,7,-1,6,0,6,0,7,0,7,0,6,-1,7,-1,10,0,11,-1,11,-1,10,0,10,0,11,-1,11,0,11,-1,10,0,10,0,10,-1,10,0,11,-1,6,-1,6,-1,5,0,6,-1,6,0,6,0,5,-1,5,-1,6,-1,5,-1,6,0,5,0,6,0,9,-1,8,0,9,-1,9,-1,9,-1,9,0,9,0,9,0,8,0,9,-1,9,-1,9,-1,8,0,8,-1,4,0,5,-1,4,0,4,-1,4,-1,5,0,4,-1,4,-1,5,0,4,-1,5,0,4,0,4,0,5,-1,4,-1,4,-1,7,0,8,0,7,0,7,0,8,0,8,-1,7,-1],"VAS":[[0,1175,0,0,0,0,0,1106,0,1104,0,0,0,0,0,1107,0,1107,0,0,0,1112,0,0,0,0,0,0,0,0,0,1116,0,1128,0,0,0,1122,0,1108,0,0,0,0,0,1112,0,0,0,1111,0,0,0,0,0,1093,0,0,0,1112,0,1105,0,1112,0,0,0,1110,0,0,0,0,0,1161,0,1133,0,1130,0,1151,0,0,0,0,0,0,0,1114,0,0,0,1114,0,1113,0,1111,0,0,0,0,0,0,0,0,0,1111,0,1162,0,1177,0,0,0,1097,0,0,0,1094,0,0,0,1116,0,1077,0,0,0,1111,0,1127,0,0,0,1097,0,0,0,0,0,0,0,1091,0,1114,0,1103,0,0,0,0,0,0,0,0,0,0,0,1109,0,1127],[0,338,0,0,0,0,0,526,0,531,0,0,0,0,0,676,0,795,0,0,0,462,0,0,0,0,0,0,0,0,0,725,0,655,0,0,0,433,0,397,0,0,0,0,0,458,0,0,0,501,0,0,0,0,0,483,0,0,0,506,0,526,0,608,0,0,0,801,0,0,0,0,0,915,0,916,0,927,0,931,0,0,0,0,0,0,0,443,0,0,0,692,0,572,0,599,0,0,0,0,0,0,0,0,0,551,0,533,0,521,0,0,0,792,0,0,0,1029,0,0,0,965,0,907,0,0,0,818,0,1002,0,0,0,983,0,0,0,0,0,0,0,897,0,879,0,995,0,0,0,0,0,0,0,0,0,0,0,865,0,901]],"CP":[[0,0,0,894,0,887,0,0,0,0,0,812,0,834,0,0,0,0,0,1108,0,0,0,807,0,826,0,809,0,853,0,0,0,0,0,827,0,0,0,0,0,813,0,859,0,0,0,849,0,0,0,835,0,877,0,0,0,886,0,0,0,0,0,0,0,846,0,0,0,847,0,828,0,0,0,0,0,0,0,0,0,861,0,864,0,884,0,0,0,811,0,0,0,0,0,0,0,802,0,846,0,810,0,867,0,0,0,0,0,0,0,857,0,0,0,839,0,0,0,865,0,0,0,0,0,834,0,0,0,0,0,846,0,0,0,842,0,866,0,871,0,0,0,0,0,0,0,892,0,903,0,915,0,942,0,918,0,0,0,0],[0,0,0,392,0,493,0,0,0,0,0,517,0,510,0,0,0,0,0,855,0,0,0,628,0,713,0,736,0,634,0,0,0,0,0,496,0,0,0,0,0,438,0,427,0,0,0,476,0,0,0,607,0,514,0,0,0,571,0,0,0,0,0,0,0,703,0,0,0,794,0,935,0,0,0,0,0,0,0,0,0,594,0,738,0,564,0,0,0,597,0,0,0,0,0,0,0,643,0,633,0,688,0,749,0,0,0,0,0,0,0,428,0,0,0,788,0,0,0,976,0,0,0,0,0,911,0,0,0,0,0,939,0,0,0,901,0,908,0,930,0,0,0,0,0,0,0,900,0,481,0,448,0,439,0,516,0,0,0,0]],"VASRT":[0,2.1689251526544542,0,0,0,0,0,1.302546873173223,0,0.85104083980973833,0,0,0,0,0,1.4518534927462212,0,1.1668280896502639,0,0,0,0.96819249331848323,0,0,0,0,0,0,0,0,0,0.85100350946283276,0,1.1179893300843624,0,0,0,0.81631828428084729,0,2.0516549445275145,0,0,0,0,0,1.20162079341345,0,0,0,1.5098299828321426,0,0,0,0,0,1.138348726973637,0,0,0,2.1348560833082071,0,1.23409204186742,0,1.4062628835846978,0,0,0,1.5358553879792181,0,0,0,0,0,0.70116565033771661,0,1.2841926492034483,0,1.2679920990936109,0,1.1345000092300308,0,0,0,0,0,0,0,1.7409938486972325,0,0,0,1.3960872873759842,0,1.1009269002069577,0,1.6193900385405064,0,0,0,0,0,0,0,0,0,1.1509183880674161,0,1.6342261849821245,0,1.4845700549084277,0,0,0,1.184730247221248,0,0,0,0.58481270216331416,0,0,0,1.5846063596963524,0,3.53658476552645,0,0,0,0.73420095623119386,0,2.4863180176355124,0,0,0,0.918266641232804,0,0,0,0,0,0,0,1.4344661657836604,0,0.90103355834097376,0,1.0344477057220038,0,0,0,0,0,0,0,0,0,0,0,1.3180352751267077,0,1.834692609206648],"CPRT":[0,0,0,1.9018211876383222,0,1.4342614642110683,0,0,0,0,0,2.0337002783367075,0,1.1677666812296041,0,0,0,0,0,1.4797806944675196,0,0,0,2.251585206516812,0,1.2382418637278247,0,3.2527855207480836,0,1.5012965116636823,0,0,0,0,0,1.4517107349360769,0,0,0,0,0,1.1905972650393097,0,1.6680150716147837,0,0,0,1.3344606277651634,0,0,0,1.6025790757252241,0,1.8347844992913387,0,0,0,1.468168905461922,0,0,0,0,0,0,0,1.8739391105121848,0,0,0,2.2686279456617831,0,1.3512957937723957,0,0,0,0,0,0,0,0,0,1.93477691015488,0,1.4339796406031107,0,0.95118093116653235,0,0,0,1.2175772604858277,0,0,0,0,0,0,0,1.2186504054034653,0,1.6846278964349519,0,0.86711381038234892,0,1.1171446797076747,0,0,0,0,0,0,0,2.6354962372240989,0,0,0,1.1509229005269321,0,0,0,1.1009552056348313,0,0,0,0,0,1.0829090595829256,0,0,0,0,0,2.0520307093381249,0,0,0,2.4319018581077616,0,0.8013414311470467,0,1.3179277965455072,0,0,0,0,0,0,0,2.2355032110251694,0,1.7351776986046243,0,1.0227538719979326,0,0.9670959656560808,0,2.0518173930700927,0,0,0,0],"break_time":231.22519429214893,"after_SBT":"Last"},{"name":"LVHS","s":[1,4,4,6,3,5,3,2,3,6,3,2,2,2,4,7,10,6,9,5,8,7,8,9,8,9,8,5,6,6,6,3,2,8,4,6,3,2,8,7,5,5,6,4,4,6,7,10,6,10,9,8,8,7,7,7,10,9,9,4,7,6,7,7,4,2,5,4,5,5,6,5,5,7,3,10,10,10,10,7],"ms":[1,-1,4,-1,4,-1,6,-1,3,0,5,0,3,-1,2,-1,3,0,6,0,3,-1,2,0,2,0,2,-1,4,-1,7,-1,10,-1,6,-1,9,0,5,-1,8,-1,7,0,8,-1,9,0,8,0,9,-1,8,-1,5,0,6,0,6,-1,6,0,3,-1,2,0,8,0,4,-1,6,-1,3,-1,2,0,8,0,7,0,5,0,5,-1,6,0,4,-1,4,-1,6,0,7,0,10,-1,6,0,10,0,9,0,8,-1,8,0,7,-1,7,0,7,0,10,-1,9,-1,9,0,4,0,7,-1,6,-1,7,0,7,0,4,-1,2,-1,5,-1,4,-1,5,0,5,-1,6,0,5,-1,5,0,7,0,3,0,10,0,10,-1,10,-1,10,0,7,0],"VAS":[[0,1108,0,1110,0,1111,0,1112,0,0,0,0,0,1108,0,1115,0,0,0,0,0,1107,0,0,0,0,0,1098,0,1107,0,1112,0,1106,0,1106,0,0,0,1105,0,1111,0,0,0,1106,0,0,0,0,0,1109,0,1100,0,0,0,0,0,1109,0,0,0,1111,0,0,0,0,0,1107,0,1095,0,1103,0,0,0,0,0,0,0,0,0,1102,0,0,0,1115,0,1162,0,0,0,0,0,1107,0,0,0,0,0,0,0,1105,0,0,0,1104,0,0,0,0,0,1113,0,1184,0,0,0,0,0,1110,0,1122,0,0,0,0,0,1108,0,1114,0,1155,0,1153,0,0,0,1116,0,0,0,1111,0,0,0,0,0,0,0,0,0,1170,0,1156,0,0,0,0],[0,850,0,569,0,552,0,538,0,0,0,0,0,688,0,731,0,0,0,0,0,753,0,0,0,0,0,917,0,710,0,623,0,439,0,688,0,0,0,870,0,962,0,0,0,924,0,0,0,0,0,732,0,960,0,0,0,0,0,929,0,0,0,1015,0,0,0,0,0,865,0,625,0,958,0,0,0,0,0,0,0,0,0,921,0,0,0,875,0,843,0,0,0,0,0,479,0,0,0,0,0,0,0,637,0,0,0,831,0,0,0,0,0,573,0,530,0,0,0,0,0,629,0,948,0,0,0,0,0,894,0,1001,0,1005,0,1015,0,0,0,801,0,0,0,908,0,0,0,0,0,0,0,0,0,518,0,492,0,0,0,0]],"CP":[[0,0,0,0,0,0,0,0,0,900,0,905,0,0,0,0,0,798,0,802,0,0,0,753,0,771,0,0,0,0,0,0,0,0,0,0,0,799,0,0,0,0,0,806,0,0,0,804,0,804,0,0,0,0,0,763,0,756,0,0,0,739,0,0,0,710,0,804,0,0,0,0,0,0,0,775,0,778,0,767,0,751,0,0,0,730,0,0,0,0,0,778,0,817,0,0,0,801,0,807,0,806,0,0,0,801,0,0,0,801,0,796,0,0,0,0,0,780,0,787,0,0,0,0,0,811,0,798,0,0,0,0,0,0,0,0,0,756,0,0,0,800,0,0,0,800,0,774,0,784,0,823,0,0,0,0,0,871,0,821],[0,0,0,0,0,0,0,0,0,852,0,636,0,0,0,0,0,745,0,525,0,0,0,826,0,691,0,0,0,0,0,0,0,0,0,0,0,616,0,0,0,0,0,721,0,0,0,582,0,533,0,0,0,0,0,881,0,970,0,0,0,880,0,0,0,1028,0,719,0,0,0,0,0,0,0,812,0,682,0,722,0,735,0,0,0,794,0,0,0,0,0,816,0,612,0,0,0,715,0,451,0,632,0,0,0,569,0,0,0,502,0,677,0,0,0,0,0,517,0,484,0,0,0,0,0,491,0,499,0,0,0,0,0,0,0,0,0,882,0,0,0,781,0,0,0,906,0,847,0,801,0,491,0,0,0,0,0,419,0,738]],"VASRT":[0,3.051353019963531,0,2.135248257062512,0,1.5516260237642527,0,1.9177821671702162,0,0,0,0,0,3.6700186036399138,0,1.5685748217065711,0,0,0,0,0,1.9532853781953854,0,0,0,0,0,3.4619618122857863,0,1.6518013943499905,0,1.2836609994277381,0,1.2009070043627279,0,3.4866859881978671,0,0,0,3.1196761694961839,0,8.606730128256407,0,0,0,1.8346359983509011,0,0,0,0,0,3.3527410114883116,0,2.6522509994072268,0,0,0,0,0,3.1704515946416594,0,0,0,1.9519156416204653,0,0,0,0,0,4.0027886999809246,0,1.2182627441086764,0,3.2362424339386182,0,0,0,0,0,0,0,0,0,1.635726372659418,0,0,0,1.4512873841887521,0,2.2717247235605766,0,0,0,0,0,1.2790939801738939,0,0,0,0,0,0,0,1.9183548393051633,0,0,0,1.1343703785748422,0,0,0,0,0,1.2210928766724303,0,1.8557325670356628,0,0,0,0,0,1.6186581996517202,0,1.4350630411105574,0,0,0,0,0,2.676247438666445,0,2.9031146226250617,0,3.1029357651387888,0,1.6516955566631593,0,0,0,2.0854717263644549,0,0,0,1.5424874727970481,0,0,0,0,0,0,0,0,0,3.3194337273530938,0,1.2846077954789259,0,0,0,0],