{"ORDER":[1,2,4,3],"Sens":6,"Threshold":46,"sequences":[{"name":"LVLS","s":[7,7,6,7,6,7,6,6,6,6,7,6,6,7,7,6,7,10,11,11,10,10,11,11,11,10,10,10,10,11,6,6,5,6,6,6,5,5,6,5,6,5,6,9,8,9,9,9,9,9,9,8,9,9,9,8,8,4,5,4,4,4,5,4,4,5,4,5,4,4,5,4,4,7,8,7,7,8,8,7],"ms":[7,-1,7,0,6,0,7,-1,6,0,7,0,6,0,6,-1,6,0,6,-1,7,0,6,-1,6,-1,7,-1,7,-1,6,-1,7,-1,10,0,11,0,11,-1,10,-1,10,-1,11,0,11,-1,11,0,10,0,10,-1,10,-1,10,-1,11,0,6,-1,6,-1,5,-1,6,0,6,-1,6,0,5,0,5,-1,6,-1,5,0,6,-1,5,0,6,-1,9,0,8,0,9,0,9,-1,9,-1,9,0,9,0,9,0,8,-1,9,0,9,-1,9,-1,8,-1,8,-1,4,-1,5,0,4,0,4,-1,4,-1,5,0,4,0,4,0,5,0,4,-1,5,0,4,0,4,0,5,0,4,0,4,0,7,-1,8,0,7,-1,7,-1,8,-1,8,0,7,0],"VAS":[[0,1006,0,0,0,0,0,905,0,0,0,0,0,0,0,905,0,0,0,1105,0,0,0,1108,0,1109,0,1110,0,1109,0,1111,0,1110,0,0,0,0,0,1173,0,1163,0,1163,0,0,0,1166,0,0,0,0,0,1032,0,1076,0,1081,0,0,0,1056,0,1061,0,1085,0,0,0,1050,0,0,0,0,0,1093,0,1079,0,0,0,1095,0,0,0,1110,0,0,0,0,0,0,0,1175,0,1130,0,0,0,0,0,0,0,1094,0,0,0,1109,0,1109,0,1110,0,1107,0,1106,0,0,0,0,0,1107,0,1101,0,0,0,0,0,0,0,0,0,1019,0,0,0,0,0,0,0,0,0,0,0,0,0,1129,0,0,0,1113,0,1111,0,1113,0,0,0,0],[0,747,0,0,0,0,0,653,0,0,0,0,0,0,0,753,0,0,0,753,0,0,0,501,0,489,0,604,0,705,0,754,0,700,0,0,0,0,0,400,0,349,0,348,0,0,0,308,0,0,0,0,0,422,0,408,0,403,0,0,0,687,0,585,0,754,0,0,0,664,0,0,0,0,0,655,0,814,0,0,0,668,0,0,0,580,0,0,0,0,0,0,0,526,0,508,0,0,0,0,0,0,0,533,0,0,0,483,0,453,0,542,0,573,0,536,0,0,0,0,0,864,0,763,0,0,0,0,0,0,0,0,0,854,0,0,0,0,0,0,0,0,0,0,0,0,0,689,0,0,0,591,0,592,0,559,0,0,0,0]],"CP":[[0,0,0,705,0,705,0,0,0,905,0,1006,0,903,0,0,0,805,0,0,0,802,0,0,0,0,0,0,0,0,0,0,0,0,0,803,0,803,0,0,0,0,0,0,0,953,0,0,0,1006,0,907,0,0,0,0,0,0,0,845,0,0,0,0,0,0,0,806,0,0,0,807,0,808,0,0,0,0,0,805,0,0,0,805,0,0,0,805,0,801,0,859,0,0,0,0,0,893,0,873,0,871,0,0,0,822,0,0,0,0,0,0,0,0,0,0,0,892,0,897,0,0,0,0,0,910,0,840,0,884,0,921,0,0,0,979,0,982,0,1004,0,1016,0,1020,0,1036,0,0,0,1004,0,0,0,0,0,0,0,1029,0,1032],[0,0,0,749,0,448,0,0,0,550,0,548,0,447,0,0,0,752,0,0,0,650,0,0,0,0,0,0,0,0,0,0,0,0,0,484,0,351,0,0,0,0,0,0,0,340,0,0,0,347,0,398,0,0,0,0,0,0,0,740,0,0,0,0,0,0,0,548,0,0,0,484,0,449,0,0,0,0,0,661,0,0,0,651,0,0,0,491,0,488,0,437,0,0,0,0,0,493,0,449,0,392,0,0,0,343,0,0,0,0,0,0,0,0,0,0,0,619,0,729,0,0,0,0,0,783,0,760,0,792,0,765,0,0,0,760,0,798,0,759,0,778,0,822,0,834,0,0,0,589,0,0,0,0,0,0,0,519,0,520]],"VASRT":[0,6.2053899277801365,0,0,0,0,0,6.7885231745562917,0,0,0,0,0,0,0,7.0054280785742264,0,0,0,8.98978009964331,0,0,0,7.2402056040644958,0,2.8860558847599886,0,3.1858390815914213,0,2.8858413378211796,0,3.6864103179437953,0,3.9950432683334052,0,0,0,0,0,6.3554300271362907,0,2.7689321264555247,0,3.4361513643011121,0,0,0,4.3638465845809256,0,0,0,0,0,7.5173034362379214,0,4.0602187722418108,0,3.4201448499504656,0,0,0,4.4205267681149607,0,4.2702811467390305,0,3.5284299307337466,0,0,0,6.7483044433368411,0,0,0,0,0,5.5043826237490743,0,3.0692966101173447,0,0,0,5.5170872484047431,0,0,0,1.9850731941444684,0,0,0,0,0,0,0,3.5024385741448376,0,2.735974352821005,0,0,0,0,0,0,0,5.1480271321884,0,0,0,4.1871345676961225,0,2.635537259583336,0,4.6872311753521254,0,3.7203948812300145,0,3.4525676920205357,0,0,0,0,0,4.0033753197180122,0,2.4016987358960002,0,0,0,0,0,0,0,0,0,4.6365944057808708,0,0,0,0,0,0,0,0,0,0,0,0,0,4.2161053782364082,0,0,0,3.3195100289412744,0,1.8684027329095723,0,2.5186567638691471,0,0,0,0],"CPRT":[0,0,0,24.240079255198047,0,18.249317490498196,0,0,0,10.123628263585067,0,6.588629012243123,0,8.1216833935336457,0,0,0,7.7232828553202921,0,0,0,8.9897136434213465,0,0,0,0,0,0,0,0,0,0,0,0,0,7.1571989112665859,0,6.1370232945466929,0,0,0,0,0,0,0,8.4094523720153678,0,0,0,7.6897405130666474,0,5.9405282449198937,0,0,0,0,0,0,0,10.441268493392323,0,0,0,0,0,0,0,7.3059570618965868,0,0,0,11.948701129550662,0,7.222224273340184,0,0,0,0,0,5.6878694832618519,0,0,0,5.02024781607215,0,0,0,5.269841797271603,0,3.6694053193693223,0,4.0193362992499058,0,0,0,0,0,4.6817477165929287,0,4.1957418791112095,0,3.11928071395314,0,0,0,5.5776563515944364,0,0,0,0,0,0,0,0,0,0,0,4.5700992125758146,0,1.3522959188905914,0,0,0,0,0,2.6854910068732964,0,3.4863705262553353,0,3.4026623511144751,0,2.6853642477832542,0,0,0,3.652974633824166,0,2.4521800307257471,0,4.3872116897314886,0,3.9528521820818439,0,4.3531885654275859,0,4.069538642036842,0,0,0,4.0694582382127376,0,0,0,0,0,0,0,3.635874053152671,0,2.3519759444885433],"break_time":222.36756567166935,"after_SBT":291.93186063063672},{"name":"LVHS","s":[7,10,8,3,8,7,4,7,7,5,9,4,6,4,6,6,6,12,11,9,12,9,10,9,10,11,9,11,8,11,3,6,6,3,3,5,5,6,5,4,8,8,6,8,11,8,6,10,11,10,9,9,8,11,10,10,7,4,5,8,3,4,4,3,7,3,8,6,4,6,7,4,5,7,8,8,8,5,8,9],"ms":[7,0,10,0,8,0,3,-1,8,0,7,0,4,0,7,0,7,-1,5,-1,9,-1,4,0,6,0,4,-1,6,0,6,-1,6,-1,12,0,11,0,9,-1,12,0,9,0,10,-1,9,-1,10,0,11,0,9,0,11,0,8,0,11,-1,3,-1,6,-1,6,0,3,0,3,0,5,0,5,-1,6,0,5,-1,4,-1,8,-1,8,-1,6,0,8,-1,11,-1,8,0,6,0,10,-1,11,-1,10,0,9,-1,9,-1,8,-1,11,-1,10,0,10,-1,7,-1,4,-1,5,0,8,-1,3,-1,4,0,4,0,3,-1,7,-1,3,-1,8,0,6,-1,4,0,6,-1,7,0,4,0,5,-1,7,-1,8,0,8,0,8,0,5,0,8,-1,9,-1],"VAS":[[0,0,0,0,0,0,0,1101,0,0,0,0,0,0,0,0,0,1103,0,1106,0,1122,0,0,0,0,0,1124,0,0,0,1150,0,1131,0,0,0,0,0,1046,0,0,0,0,0,1111,0,1063,0,0,0,0,0,0,0,0,0,0,0,1108,0,1039,0,1016,0,0,0,0,0,0,0,0,0,1106,0,0,0,1053,0,1057,0,1086,0,1059,0,0,0,1075,0,1108,0,0,0,0,0,1045,0,1111,0,0,0,1013,0,1006,0,1009,0,1054,0,0,0,1214,0,972,0,1005,0,0,0,1083,0,1011,0,0,0,0,0,1070,0,993,0,953,0,0,0,970,0,0,0,954,0,0,0,0,0,1062,0,1095,0,0,0,0,0,0,0,0,0,1004,0,1011],[0,0,0,0,0,0,0,430,0,0,0,0,0,0,0,0,0,522,0,517,0,512,0,0,0,0,0,610,0,0,0,728,0,691,0,0,0,0,0,467,0,0,0,0,0,499,0,553,0,0,0,0,0,0,0,0,0,0,0,429,0,565,0,636,0,0,0,0,0,0,0,0,0,632,0,0,0,702,0,759,0,707,0,607,0,0,0,565,0,520,0,0,0,0,0,548,0,494,0,0,0,630,0,636,0,689,0,512,0,0,0,811,0,549,0,710,0,0,0,723,0,684,0,0,0,0,0,727,0,609,0,683,0,0,0,783,0,0,0,620,0,0,0,0,0,583,0,584,0,0,0,0,0,0,0,0,0,656,0,575]],"CP":[[0,802,0,887,0,960,0,0,0,962,0,884,0,900,0,948,0,0,0,0,0,0,0,988,0,1051,0,0,0,1038,0,0,0,0,0,861,0,897,0,0,0,905,0,926,0,0,0,0,0,847,0,880,0,823,0,880,0,878,0,0,0,0,0,0,0,899,0,925,0,926,0,907,0,0,0,917,0,0,0,0,0,0,0,0,0,848,0,0,0,0,0,857,0,880,0,0,0,0,0,876,0,0,0,0,0,0,0,0,0,855,0,0,0,0,0,0,0,898,0,0,0,0,0,867,0,847,0,0,0,0,0,0,0,769,0,0,0,808,0,0,0,802,0,761,0,0,0,0,0,868,0,800,0,801,0,805,0,0,0,0],[0,689,0,376,0,347,0,0,0,348,0,424,0,519,0,524,0,0,0,0,0,0,0,607,0,605,0,0,0,607,0,0,0,0,0,396,0,395,0,0,0,386,0,497,0,0,0,0,0,546,0,409,0,493,0,401,0,499,0,0,0,0,0,0,0,641,0,723,0,718,0,596,0,0,0,699,0,0,0,0,0,0,0,0,0,556,0,0,0,0,0,519,0,760,0,0,0,0,0,514,0,0,0,0,0,0,0,0,0,550,0,0,0,0,0,0,0,733,0,0,0,0,0,733,0,703,0,0,0,0,0,0,0,688,0,0,0,730,0,0,0,697,0,660,0,0,0,0,0,441,0,491,0,543,0,709,0,0,0,0]],"VASRT":[0,0,0,0,0,0,0,2.9701529518664147,0,0,0,0,0,0,0,0,0,3.1698571806563169,0,1.9849936107675488,0,2.5519862000783529,0,0,0,0,0,2.105685083654846,0,0,0,3.3527984427912432,0,2.9689735590383539,0,0,0,0,0,4.0035205388697106,0,0,0,0,0,2.1347580398696309,0,3.9532086663836123,0,0,0,0,0,0,0,0,0,0,0,2.2852009787934913,0,3.4283058380970548,0,2.2860907537653397,0,0,0,0,0,0,0,0,0,2.88560422858479,0,0,0,5.0430767589874863,0,2.4521381879193256,0,4.3414885783496295,0,3.4434648305058673,0,0,0,3.6524864677492466,0,1.884826034430066,0,0,0,0,0,5.12046338856994,0,2.2619216103737343,0,0,0,4.0976426501264518,0,3.23582892855751,0,2.5021805435052373,0,2.4178496489511607,0,0,0,2.7024127300585183,0,8.8212856817608429,0,5.838147102077988,0,0,0,3.4761108342101861,0,3.27021879275299,0,0,0,0,0,3.847404207663387,0,3.1525949718894282,0,4.186822797765922,0,0,0,4.331362619195593,0,0,0,2.4024260623252705,0,0,0,0,0,1.9806033978820157,0,2.8864767741657591,0,0,0,0,0,0,0,0,0,2.3180168150650511,0,4.2360229643167004],