{"ORDER":[3,2,1,4],"Sens":10,"Threshold":48,"sequences":[{"name":"LVLS","s":[6,6,6,6,6,6,6,6,5,5,5,6,5,6,5,11,11,10,10,11,10,10,10,10,10,10,11,10,10,11,6,6,6,7,7,7,7,6,7,6,7,7,6,6,6,10,10,9,9,9,9,9,10,10,10,10,9,10,9,10,5,5,5,6,5,5,5,5,5,6,6,5,6,6,5,8,9,9,9,9],"ms":[6,0,6,-1,6,0,6,-1,6,0,6,-1,6,0,6,-1,5,0,5,-1,5,0,6,-1,5,0,6,-1,5,0,11,-1,11,0,10,-1,10,0,11,-1,10,0,10,-1,10,0,10,-1,10,0,10,-1,11,0,10,-1,10,0,11,-1,6,0,6,-1,6,0,7,-1,7,0,7,-1,7,0,6,-1,7,0,6,-1,7,0,7,-1,6,0,6,-1,6,0,10,-1,10,0,9,-1,9,0,9,-1,9,0,9,-1,10,0,10,-1,10,0,10,-1,9,0,10,-1,9,0,10,-1,5,0,5,-1,5,0,6,-1,5,0,5,-1,5,0,5,-1,5,0,6,-1,6,0,5,-1,6,0,6,-1,5,0,8,-1,9,0,9,-1,9,0,9,-1],"VAS":[[0,0,0,1106,0,0,0,1107,0,0,0,905,0,0,0,1006,0,0,0,1189,0,0,0,1149,0,0,0,1148,0,0,0,1170,0,0,0,1195,0,0,0,1210,0,0,0,1184,0,0,0,1109,0,0,0,1006,0,0,0,1180,0,0,0,1174,0,0,0,1106,0,0,0,1008,0,0,0,1008,0,0,0,1174,0,0,0,1173,0,0,0,969,0,0,0,904,0,0,0,1109,0,0,0,1112,0,0,0,908,0,0,0,1108,0,0,0,1186,0,0,0,1209,0,0,0,1166,0,0,0,1110,0,0,0,1107,0,0,0,1109,0,0,0,1192,0,0,0,1178,0,0,0,1112,0,0,0,906,0,0,0,1009,0,0,0,1109,0,0,0,1109,0,0,0,1079],[0,0,0,446,0,0,0,432,0,0,0,533,0,0,0,547,0,0,0,547,0,0,0,546,0,0,0,549,0,0,0,393,0,0,0,396,0,0,0,370,0,0,0,371,0,0,0,345,0,0,0,369,0,0,0,324,0,0,0,332,0,0,0,395,0,0,0,540,0,0,0,522,0,0,0,533,0,0,0,548,0,0,0,541,0,0,0,564,0,0,0,517,0,0,0,494,0,0,0,528,0,0,0,521,0,0,0,470,0,0,0,443,0,0,0,463,0,0,0,464,0,0,0,533,0,0,0,546,0,0,0,561,0,0,0,552,0,0,0,541,0,0,0,563,0,0,0,563,0,0,0,545,0,0,0,518,0,0,0,475]],"CP":[[0,705,0,0,0,800,0,0,0,804,0,0,0,905,0,0,0,1007,0,0,0,1153,0,0,0,1110,0,0,0,1063,0,0,0,1007,0,0,0,1111,0,0,0,1152,0,0,0,1007,0,0,0,1110,0,0,0,907,0,0,0,1112,0,0,0,904,0,0,0,803,0,0,0,802,0,0,0,1001,0,0,0,1157,0,0,0,751,0,0,0,907,0,0,0,1008,0,0,0,906,0,0,0,1004,0,0,0,1005,0,0,0,1109,0,0,0,1146,0,0,0,1157,0,0,0,1083,0,0,0,1008,0,0,0,1108,0,0,0,1185,0,0,0,1180,0,0,0,1110,0,0,0,1006,0,0,0,805,0,0,0,903,0,0,0,1005,0,0,0,1047,0,0],[0,396,0,0,0,446,0,0,0,469,0,0,0,545,0,0,0,545,0,0,0,546,0,0,0,544,0,0,0,558,0,0,0,398,0,0,0,377,0,0,0,370,0,0,0,347,0,0,0,351,0,0,0,346,0,0,0,346,0,0,0,390,0,0,0,568,0,0,0,539,0,0,0,541,0,0,0,535,0,0,0,544,0,0,0,542,0,0,0,561,0,0,0,482,0,0,0,497,0,0,0,512,0,0,0,499,0,0,0,467,0,0,0,463,0,0,0,471,0,0,0,500,0,0,0,549,0,0,0,552,0,0,0,567,0,0,0,547,0,0,0,500,0,0,0,535,0,0,0,562,0,0,0,522,0,0,0,487,0,0]],"VASRT":[0,0,0,10.574772512279948,0,0,0,4.4033721757351358,0,0,0,11.99308368414014,0,0,0,6.55573664506993,0,0,0,6.855331675495977,0,0,0,6.4658725346779811,0,0,0,2.6359773952153533,0,0,0,14.878248637863178,0,0,0,5.6714749966567037,0,0,0,6.6555088086625425,0,0,0,3.4032954645212685,0,0,0,21.516962613333639,0,0,0,16.863559876179075,0,0,0,3.0789661953781287,0,0,0,8.6994622831062216,0,0,0,5.8781456725440311,0,0,0,3.7855154460285334,0,0,0,5.9052608304337593,0,0,0,7.8727258406851668,0,0,0,12.885686343845094,0,0,0,5.8546018934132551,0,0,0,3.8318539418487978,0,0,0,6.2720614477334093,0,0,0,6.7052463906758542,0,0,0,15.161426648080948,0,0,0,2.4856644380760007,0,0,0,6.80538816284437,0,0,0,3.1027667724761807,0,0,0,4.4705355099080535,0,0,0,14.998695499143871,0,0,0,4.1367379438277005,0,0,0,7.37049219063434,0,0,0,6.3213974239800077,0,0,0,4.0031898737915936,0,0,0,4.9973229017021685,0,0,0,16.845548739515792,0,0,0,3.3840331556532064,0,0,0,4.7937473386951872,0,0,0,3.5865519909226431,0,0,0,3.986717884050385],"CPRT":[0,9.6821103706177176,0,0,0,4.6035712146707937,0,0,0,14.144239644191238,0,0,0,6.4219223419974618,0,0,0,4.3197959235578907,0,0,0,10.96497333157212,0,0,0,10.540480958799925,0,0,0,11.4588594068049,0,0,0,8.039406181365,0,0,0,8.0594979558717714,0,0,0,4.4865706149285769,0,0,0,5.8043679447219816,0,0,0,14.027115157889728,0,0,0,5.8045701833767209,0,0,0,2.6515415672224059,0,0,0,4.1040958865560109,0,0,0,7.9396951406112448,0,0,0,9.1405185349881073,0,0,0,4.0699462693326618,0,0,0,3.4191008461205867,0,0,0,9.1405238678532434,0,0,0,7.5556652667211983,0,0,0,3.6860107461334675,0,0,0,13.293442955162091,0,0,0,6.2381563218654854,0,0,0,3.5358524420830335,0,0,0,8.6688873264049846,0,0,0,5.0205508111287873,0,0,0,7.7892320428073187,0,0,0,9.3566066404836654,0,0,0,4.7205472011893113,0,0,0,4.4367977539612928,0,0,0,7.4390018681436789,0,0,0,8.225193357383187,0,0,0,5.1204005063760558,0,0,0,7.9068479731420505,0,0,0,6.3047334510939343,0,0,0,9.858935051445739,0,0,0,7.3056872135123321,0,0,0,5.6213542687944527,0,0],"break_time":178.48350216637391,"after_SBT":306.71766376203277},{"name":"LVHS","s":[7,5,8,8,4,4,5,6,4,8,9,1,5,9,6,9,11,12,10,11,10,10,7,9,9,10,8,9,12,11,8,9,6,7,6,6,5,6,5,7,5,7,8,6,5,8,9,9,13,9,7,11,13,12,9,11,11,7,8,13,5,6,8,7,5,6,4,6,6,6,4,4,7,10,3,11,5,6,6,9],"ms":[7,0,5,-1,8,0,8,-1,4,0,4,-1,5,0,6,-1,4,0,8,-1,9,0,1,-1,5,0,9,-1,6,0,9,-1,11,0,12,-1,10,0,11,-1,10,0,10,-1,7,0,9,-1,9,0,10,-1,8,0,9,-1,12,0,11,-1,8,0,9,-1,6,0,7,-1,6,0,6,-1,5,0,6,-1,5,0,7,-1,5,0,7,-1,8,0,6,-1,5,0,8,-1,9,0,9,-1,13,0,9,-1,7,0,11,-1,13,0,12,-1,9,0,11,-1,11,0,7,-1,8,0,13,-1,5,0,6,-1,8,0,7,-1,5,0,6,-1,4,0,6,-1,6,0,6,-1,4,0,4,-1,7,0,10,-1,3,0,11,-1,5,0,6,-1,6,0,9,-1],"VAS":[[0,0,0,1041,0,0,0,1007,0,0,0,1173,0,0,0,1108,0,0,0,1008,0,0,0,1177,0,0,0,1144,0,0,0,1185,0,0,0,1180,0,0,0,1181,0,0,0,1158,0,0,0,1110,0,0,0,1109,0,0,0,1187,0,0,0,1186,0,0,0,1108,0,0,0,907,0,0,0,1109,0,0,0,1201,0,0,0,958,0,0,0,1027,0,0,0,1006,0,0,0,1007,0,0,0,1007,0,0,0,1006,0,0,0,1007,0,0,0,1109,0,0,0,1190,0,0,0,1054,0,0,0,1109,0,0,0,1214,0,0,0,907,0,0,0,1162,0,0,0,1005,0,0,0,1047,0,0,0,1099,0,0,0,1161,0,0,0,1186,0,0,0,804,0,0,0,1007],[0,0,0,565,0,0,0,543,0,0,0,654,0,0,0,602,0,0,0,550,0,0,0,953,0,0,0,550,0,0,0,539,0,0,0,448,0,0,0,446,0,0,0,467,0,0,0,548,0,0,0,524,0,0,0,543,0,0,0,433,0,0,0,499,0,0,0,543,0,0,0,582,0,0,0,647,0,0,0,701,0,0,0,546,0,0,0,581,0,0,0,548,0,0,0,526,0,0,0,520,0,0,0,483,0,0,0,422,0,0,0,449,0,0,0,523,0,0,0,376,0,0,0,573,0,0,0,571,0,0,0,807,0,0,0,779,0,0,0,653,0,0,0,808,0,0,0,528,0,0,0,483,0,0,0,582,0,0,0,539]],"CP":[[0,1005,0,0,0,1026,0,0,0,746,0,0,0,755,0,0,0,978,0,0,0,725,0,0,0,729,0,0,0,715,0,0,0,904,0,0,0,1009,0,0,0,1124,0,0,0,705,0,0,0,804,0,0,0,1005,0,0,0,723,0,0,0,806,0,0,0,730,0,0,0,802,0,0,0,1107,0,0,0,904,0,0,0,720,0,0,0,803,0,0,0,834,0,0,0,801,0,0,0,802,0,0,0,804,0,0,0,804,0,0,0,804,0,0,0,906,0,0,0,906,0,0,0,705,0,0,0,905,0,0,0,705,0,0,0,906,0,0,0,862,0,0,0,804,0,0,0,705,0,0,0,705,0,0,0,892,0,0,0,802,0,0],[0,453,0,0,0,564,0,0,0,583,0,0,0,652,0,0,0,652,0,0,0,549,0,0,0,852,0,0,0,751,0,0,0,505,0,0,0,448,0,0,0,445,0,0,0,572,0,0,0,544,0,0,0,546,0,0,0,451,0,0,0,473,0,0,0,547,0,0,0,577,0,0,0,622,0,0,0,818,0,0,0,539,0,0,0,522,0,0,0,577,0,0,0,531,0,0,0,449,0,0,0,505,0,0,0,471,0,0,0,477,0,0,0,448,0,0,0,542,0,0,0,497,0,0,0,545,0,0,0,704,0,0,0,852,0,0,0,757,0,0,0,654,0,0,0,652,0,0,0,526,0,0,0,473,0,0,0,597,0,0]],"VASRT":[0,0,0,10.258069650500428,0,0,0,7.8226243931814805,0,0,0,4.0700705661123493,0,0,0,6.6768382181010573,0,0,0,3.1062930269916817,0,0,0,5.8877727247741118,0,0,0,7.4565047417375458,0,0,0,3.6362501917780348,0,0,0,8.1228519834566324,0,0,0,7.4062572557732365,0,0,0,10.357931242139152,0,0,0,6.3214593672596537,0,0,0,5.4372506372773834,0,0,0,4.6708945347977657,0,0,0,6.572394874870473,0,0,0,5.8715230744869986,0,0,0,7.1222953143806045,0,0,0,4.3870495062177106,0,0,0,3.5487050572790739,0,0,0,10.347975193152273,0,0,0,3.5861085426756381,0,0,0,4.7368341815323705,0,0,0,6.4051525322494767,0,0,0,3.9367399128855971,0,0,0,10.107945804963174,0,0,0,8.1728734379832915,0,0,0,12.260225768896598,0,0,0,6.9054499420358582,0,0,0,7.8335920456624528,0,0,0,17.396489087727272,0,0,0,3.5529110469891054,0,0,0,12.074022219177476,0,0,0,8.2898830625741979,0,0,0,21.800456083035172,0,0,0,3.5868551437945553,0,0,0,8.457425686524342,0,0,0,7.9441361866076168,0,0,0,9.1579984362398541,0,0,0,12.644561256980925,0,0,0,4.2704763561270926],