{"ORDER":[1,2,3,4],"Sens":8,"Threshold":47,"sequences":[{"name":"LVLS","s":[6,5,6,5,5,5,5,6,5,6,5,6,5,5,6,5,11,10,11,10,11,10,10,10,11,10,11,10,11,11,10,10,11,5,5,4,4,5,4,4,5,5,4,4,5,4,5,5,7,8,8,7,7,7,7,8,8,8,7,8,8,7,8,5,5,5,4,4,4,5,4,4,5,4,4,5,9,9,10,9],"ms":[6,0,5,0,6,-1,5,0,5,0,5,0,5,-1,6,0,5,-1,6,0,5,-1,6,0,5,-1,5,-1,6,-1,5,0,11,0,10,0,11,0,10,-1,11,0,10,0,10,0,10,0,11,-1,10,-1,11,-1,10,-1,11,0,11,-1,10,-1,10,-1,11,-1,5,-1,5,0,4,-1,4,-1,5,-1,4,-1,4,0,5,0,5,0,4,0,4,-1,5,-1,4,0,5,-1,5,0,7,0,8,0,8,0,7,-1,7,0,7,0,7,-1,8,-1,8,-1,8,-1,7,0,8,0,8,-1,7,-1,8,-1,5,-1,5,0,5,0,4,0,4,0,4,-1,5,-1,4,0,4,-1,5,-1,4,0,4,0,5,0,9,0,9,-1,10,-1,9,-1],"VAS":[[0,0,0,0,0,1106,0,0,0,0,0,0,0,1214,0,0,0,1213,0,0,0,1214,0,0,0,1086,0,1002,0,1107,0,0,0,0,0,0,0,0,0,1046,0,0,0,0,0,0,0,0,0,1043,0,1134,0,1136,0,776,0,0,0,956,0,1115,0,1103,0,1115,0,706,0,0,0,709,0,709,0,705,0,705,0,0,0,0,0,0,0,0,0,1087,0,1168,0,0,0,1116,0,0,0,0,0,0,0,0,0,1003,0,0,0,0,0,949,0,1082,0,1169,0,768,0,0,0,0,0,1087,0,817,0,720,0,908,0,0,0,0,0,0,0,0,0,1015,0,993,0,0,0,998,0,796,0,0,0,0,0,0,0,0,0,1130,0,1055,0,812],[0,0,0,0,0,654,0,0,0,0,0,0,0,694,0,0,0,581,0,0,0,947,0,0,0,727,0,777,0,927,0,0,0,0,0,0,0,0,0,538,0,0,0,0,0,0,0,0,0,549,0,548,0,540,0,583,0,0,0,543,0,538,0,537,0,429,0,608,0,0,0,796,0,758,0,829,0,1023,0,0,0,0,0,0,0,0,0,885,0,773,0,0,0,762,0,0,0,0,0,0,0,0,0,667,0,0,0,0,0,796,0,803,0,721,0,835,0,0,0,0,0,693,0,818,0,908,0,873,0,0,0,0,0,0,0,0,0,869,0,873,0,0,0,868,0,907,0,0,0,0,0,0,0,0,0,533,0,457,0,614]],"CP":[[0,1214,0,1214,0,0,0,1113,0,1214,0,928,0,0,0,1211,0,0,0,1214,0,0,0,1210,0,0,0,0,0,0,0,917,0,1214,0,1214,0,1048,0,0,0,1087,0,1156,0,1091,0,985,0,0,0,0,0,0,0,0,0,747,0,0,0,0,0,0,0,0,0,0,0,705,0,0,0,0,0,0,0,0,0,998,0,705,0,737,0,722,0,0,0,0,0,1051,0,0,0,1114,0,1214,0,1211,0,1120,0,0,0,829,0,926,0,0,0,0,0,0,0,0,0,757,0,897,0,0,0,0,0,0,0,0,0,859,0,1029,0,1119,0,1049,0,0,0,0,0,1067,0,0,0,0,0,1022,0,1082,0,815,0,1111,0,0,0,0,0,0],[0,955,0,759,0,0,0,549,0,550,0,818,0,0,0,551,0,0,0,750,0,0,0,797,0,0,0,0,0,0,0,808,0,530,0,454,0,397,0,0,0,413,0,446,0,448,0,495,0,0,0,0,0,0,0,0,0,496,0,0,0,0,0,0,0,0,0,0,0,447,0,0,0,0,0,0,0,0,0,936,0,899,0,735,0,633,0,0,0,0,0,682,0,0,0,766,0,737,0,606,0,589,0,0,0,671,0,732,0,0,0,0,0,0,0,0,0,678,0,892,0,0,0,0,0,0,0,0,0,652,0,850,0,768,0,809,0,0,0,0,0,842,0,0,0,0,0,850,0,764,0,866,0,554,0,0,0,0,0,0]],"VASRT":[0,0,0,0,0,8.6733881802276329,0,0,0,0,0,0,0,5.7724760480700006,0,0,0,2.3186218948637953,0,0,0,3.6376047864888759,0,0,0,6.95649496758208,0,7.189242706737307,0,4.5291273108407735,0,0,0,0,0,0,0,0,0,3.920393240335645,0,0,0,0,0,0,0,0,0,6.3882753995065009,0,3.9867009613589888,0,7.0557124660796369,0,9.6258826473369314,0,0,0,2.6697974931236272,0,3.4301161548101793,0,1.3852988171202714,0,1.6021397262577968,0,7.0056212938862323,0,0,0,3.4361690039155843,0,8.12305395055575,0,2.3460888257144559,0,3.2874206986518,0,0,0,0,0,0,0,0,0,2.3685436447135513,0,2.1706021467000589,0,0,0,1.084644715602239,0,0,0,0,0,0,0,0,0,3.652480314395361,0,0,0,0,0,2.151694120880586,0,1.5049265802325558,0,5.1550210342146991,0,9.5409290333696379,0,0,0,0,0,3.1693218388682753,0,4.8538073877166754,0,4.8203392959332483,0,3.06916944080371,0,0,0,0,0,0,0,0,0,2.5856384822547529,0,1.8516323822299343,0,0,0,7.2728721189484329,0,2.6021614681081924,0,0,0,0,0,0,0,0,0,1.7680686057935877,0,1.868303458800219,0,5.5216415507272236],"CPRT":[0,10.151316304952013,0,6.1461044142109653,0,0,0,4.4704764131689974,0,3.66808891186141,0,4.3479377034452629,0,0,0,2.5424423482018876,0,0,0,4.0867684431399338,0,0,0,4.3100835010122269,0,0,0,0,0,0,0,5.8208984306896472,0,3.5202964275678457,0,2.619052834747579,0,4.6714584884491295,0,0,0,4.9038280014521911,0,3.7710140111867974,0,4.4199651720170081,0,2.9019971735594488,0,0,0,0,0,0,0,0,0,3.5368436166132349,0,0,0,0,0,0,0,0,0,0,0,6.4384482061947867,0,0,0,0,0,0,0,0,0,2.6178250355356187,0,3.319368501801907,0,4.7529128951735142,0,7.5727726397272832,0,0,0,0,0,4.8709887824358669,0,0,0,3.0017766783785502,0,2.4525923054360779,0,1.6681947495482412,0,2.7529740184887772,0,0,0,9.2572323444893634,0,1.7016316643386478,0,0,0,0,0,0,0,0,0,8.2464254141719948,0,4.370179206176326,0,0,0,0,0,0,0,0,0,4.02066173167685,0,4.9873331159148293,0,2.5192876877542103,0,2.3184196546327578,0,0,0,0,0,5.5873277830081287,0,0,0,0,0,2.2934952896076006,0,2.6516951464395668,0,2.1854563429797409,0,2.4352127727217718,0,0,0,0,0,0],"break_time":170.3689329469027,"after_SBT":249.96337933990921},{"name":"LVHS","s":[6,6,5,4,4,10,2,5,3,4,9,4,6,6,5,3,12,10,11,10,10,12,10,10,12,12,10,12,9,8,9,11,9,4,6,4,5,7,3,4,4,5,5,5,8,4,4,3,12,8,6,6,7,8,8,7,5,10,7,10,5,4,8,4,8,7,2,7,6,2,4,4,3,5,4,4,11,9,11,8],"ms":[6,-1,6,0,5,0,4,0,4,-1,10,0,2,0,5,-1,3,-1,4,-1,9,-1,4,0,6,-1,6,-1,5,-1,3,-1,12,0,10,-1,11,0,10,0,10,-1,12,-1,10,-1,10,-1,12,-1,12,0,10,0,12,-1,9,0,8,0,9,-1,11,0,9,0,4,0,6,-1,4,-1,5,0,7,0,3,-1,4,0,4,-1,5,0,5,0,5,-1,8,0,4,-1,4,0,3,0,12,-1,8,0,6,0,6,-1,7,-1,8,-1,8,-1,7,-1,5,0,10,0,7,-1,10,-1,5,-1,4,-1,8,0,4,-1,8,0,7,0,2,0,7,-1,6,-1,2,0,4,-1,4,0,3,0,5,-1,4,0,4,0,11,0,9,0,11,-1,8,0],"VAS":[[0,1117,0,0,0,0,0,0,0,1116,0,0,0,0,0,1078,0,1107,0,1120,0,1105,0,0,0,1041,0,1008,0,1054,0,814,0,0,0,1118,0,0,0,0,0,767,0,1154,0,1095,0,797,0,1118,0,0,0,0,0,1148,0,0,0,0,0,791,0,0,0,0,0,0,0,1075,0,820,0,0,0,0,0,905,0,0,0,1110,0,0,0,0,0,1112,0,0,0,1104,0,0,0,0,0,1206,0,0,0,0,0,1092,0,825,0,904,0,1037,0,825,0,0,0,0,0,1214,0,789,0,1004,0,865,0,0,0,1112,0,0,0,0,0,0,0,1105,0,878,0,0,0,1016,0,0,0,0,0,1087,0,0,0,0,0,0,0,0,0,1124,0,0],[0,348,0,0,0,0,0,0,0,569,0,0,0,0,0,649,0,662,0,711,0,546,0,0,0,669,0,595,0,750,0,795,0,0,0,379,0,0,0,0,0,642,0,250,0,460,0,601,0,314,0,0,0,0,0,140,0,0,0,0,0,428,0,0,0,0,0,0,0,629,0,671,0,0,0,0,0,714,0,0,0,855,0,0,0,0,0,669,0,0,0,739,0,0,0,0,0,185,0,0,0,0,0,585,0,719,0,692,0,604,0,730,0,0,0,0,0,1057,0,820,0,844,0,775,0,0,0,760,0,0,0,0,0,0,0,691,0,654,0,0,0,665,0,0,0,0,0,723,0,0,0,0,0,0,0,0,0,382,0,0]],"CP":[[0,0,0,1038,0,1018,0,1065,0,0,0,1139,0,1083,0,0,0,0,0,0,0,0,0,879,0,0,0,0,0,0,0,0,0,1162,0,0,0,1094,0,1037,0,0,0,0,0,0,0,0,0,0,0,991,0,1097,0,0,0,1120,0,1134,0,0,0,842,0,803,0,793,0,0,0,0,0,739,0,788,0,0,0,768,0,0,0,881,0,912,0,0,0,801,0,0,0,812,0,925,0,0,0,1214,0,845,0,0,0,0,0,0,0,0,0,0,0,829,0,981,0,0,0,0,0,0,0,0,0,807,0,0,0,851,0,992,0,1047,0,0,0,0,0,1011,0,0,0,853,0,847,0,0,0,865,0,841,0,1079,0,1093,0,0,0,1099],[0,0,0,448,0,538,0,584,0,0,0,368,0,561,0,0,0,0,0,0,0,0,0,663,0,0,0,0,0,0,0,0,0,230,0,0,0,551,0,549,0,0,0,0,0,0,0,0,0,0,0,213,0,392,0,0,0,292,0,331,0,0,0,417,0,467,0,631,0,0,0,0,0,741,0,672,0,0,0,733,0,0,0,861,0,868,0,0,0,745,0,0,0,721,0,819,0,0,0,415,0,642,0,0,0,0,0,0,0,0,0,0,0,733,0,474,0,0,0,0,0,0,0,0,0,851,0,0,0,626,0,633,0,664,0,0,0,0,0,643,0,0,0,735,0,725,0,0,0,638,0,658,0,355,0,424,0,0,0,402]],"VASRT":[0,5.6046859840956316,0,0,0,0,0,0,0,2.0689692516906342,0,0,0,0,0,4.4199828116314794,0,2.9522507942954306,0,5.9881346928143184,0,1.3016287927735013,0,0,0,3.2193933203292455,0,2.6520754237096931,0,1.6114152919048528,0,9.2238692699455846,0,0,0,2.2519269227692553,0,0,0,0,0,6.1974521012677961,0,3.0196308397892273,0,3.2202420729418568,0,3.119736472364262,0,2.2345478002785417,0,0,0,0,0,2.7358340563524148,0,0,0,0,0,5.92115789711182,0,0,0,0,0,0,0,2.0765284418272181,0,4.1195916634361556,0,0,0,0,0,3.4365119508388049,0,0,0,2.6028871536430933,0,0,0,0,0,1.6679596914298138,0,0,0,1.3245040909547749,0,0,0,0,0,1.5352527695220279,0,0,0,0,0,1.2512246199791197,0,4.5203686269201029,0,3.5695909455448693,0,6.64084719376296,0,6.8887613093516622,0,0,0,0,0,2.4188255708774067,0,9.34068166854344,0,3.8864213939807892,0,1.6511237049753968,0,0,0,2.7521084467088786,0,0,0,0,0,0,0,3.6864927728858614,0,1.9854694701346969,0,0,0,2.0694434701634123,0,0,0,0,0,1.2676626895489387,0,0,0,0,0,0,0,0,0,1.8051885079962833,0,0],