{"ORDER":[2,1,3,4],"Sens":7,"Threshold":46.5,"sequences":[{"name":"LVLS","s":[6,6,5,5,6,6,5,6,5,5,6,5,5,5,6,9,9,10,10,9,9,10,10,10,9,10,10,10,9,9,5,6,5,5,6,5,5,5,5,5,5,5,6,6,5,10,10,10,9,10,9,10,9,9,9,10,10,9,10,9,6,7,7,6,7,6,6,7,7,7,6,6,6,6,7,3,4,4,4,4],"ms":[6,0,6,-1,5,0,5,-1,6,0,6,-1,5,0,6,-1,5,0,5,-1,6,0,5,-1,5,0,5,-1,6,0,9,-1,9,0,10,-1,10,0,9,-1,9,0,10,-1,10,0,10,-1,9,0,10,-1,10,0,10,-1,9,0,9,-1,5,0,6,-1,5,0,5,-1,6,0,5,-1,5,0,5,-1,5,0,5,-1,5,0,5,-1,6,0,6,-1,5,0,10,-1,10,0,10,-1,9,0,10,-1,9,0,10,-1,9,0,9,-1,9,0,10,-1,10,0,9,-1,10,0,9,-1,6,0,7,-1,7,0,6,-1,7,0,6,-1,6,0,7,-1,7,0,7,-1,6,0,6,-1,6,0,6,-1,7,0,3,-1,4,0,4,-1,4,0,4,-1],"VAS":[[0,0,0,1124,0,0,0,1105,0,0,0,1028,0,0,0,1045,0,0,0,1079,0,0,0,1019,0,0,0,1116,0,0,0,1045,0,0,0,1138,0,0,0,1052,0,0,0,1100,0,0,0,1093,0,0,0,1097,0,0,0,1149,0,0,0,1181,0,0,0,1160,0,0,0,987,0,0,0,1093,0,0,0,1081,0,0,0,1160,0,0,0,1030,0,0,0,1025,0,0,0,1058,0,0,0,1098,0,0,0,1111,0,0,0,1099,0,0,0,1098,0,0,0,1091,0,0,0,1098,0,0,0,1105,0,0,0,1097,0,0,0,1104,0,0,0,1119,0,0,0,1140,0,0,0,1120,0,0,0,1103,0,0,0,1097,0,0,0,1087,0,0,0,1092,0,0,0,1142],[0,0,0,393,0,0,0,516,0,0,0,431,0,0,0,438,0,0,0,500,0,0,0,537,0,0,0,543,0,0,0,480,0,0,0,404,0,0,0,407,0,0,0,437,0,0,0,403,0,0,0,352,0,0,0,403,0,0,0,440,0,0,0,398,0,0,0,488,0,0,0,468,0,0,0,463,0,0,0,429,0,0,0,529,0,0,0,481,0,0,0,344,0,0,0,332,0,0,0,365,0,0,0,443,0,0,0,435,0,0,0,419,0,0,0,352,0,0,0,360,0,0,0,461,0,0,0,412,0,0,0,372,0,0,0,396,0,0,0,396,0,0,0,441,0,0,0,412,0,0,0,469,0,0,0,407,0,0,0,475]],"CP":[[0,811,0,0,0,923,0,0,0,939,0,0,0,1001,0,0,0,1036,0,0,0,890,0,0,0,901,0,0,0,925,0,0,0,822,0,0,0,824,0,0,0,996,0,0,0,997,0,0,0,1090,0,0,0,1085,0,0,0,1187,0,0,0,995,0,0,0,1108,0,0,0,1026,0,0,0,1040,0,0,0,1063,0,0,0,806,0,0,0,861,0,0,0,929,0,0,0,827,0,0,0,835,0,0,0,943,0,0,0,1034,0,0,0,1037,0,0,0,995,0,0,0,1004,0,0,0,941,0,0,0,978,0,0,0,1033,0,0,0,1076,0,0,0,1065,0,0,0,1081,0,0,0,1074,0,0,0,1075,0,0,0,978,0,0,0,881,0,0],[0,517,0,0,0,443,0,0,0,476,0,0,0,472,0,0,0,462,0,0,0,544,0,0,0,550,0,0,0,539,0,0,0,395,0,0,0,463,0,0,0,458,0,0,0,401,0,0,0,417,0,0,0,368,0,0,0,363,0,0,0,489,0,0,0,373,0,0,0,504,0,0,0,433,0,0,0,401,0,0,0,446,0,0,0,471,0,0,0,502,0,0,0,337,0,0,0,381,0,0,0,478,0,0,0,423,0,0,0,489,0,0,0,359,0,0,0,329,0,0,0,408,0,0,0,411,0,0,0,399,0,0,0,354,0,0,0,416,0,0,0,483,0,0,0,385,0,0,0,401,0,0,0,477,0,0,0,409,0,0]],"VASRT":[0,0,0,1.3445765586894229,0,0,0,3.2860563521837136,0,0,0,3.1527879706527244,0,0,0,2.7856520784918604,0,0,0,2.8690202465023456,0,0,0,1.8841455385290673,0,0,0,7.3540543256874811,0,0,0,2.3512242047335508,0,0,0,1.7860122533284379,0,0,0,1.672393501264509,0,0,0,2.8358468313434151,0,0,0,4.7212595453510575,0,0,0,1.5512631758149571,0,0,0,2.3185697202901911,0,0,0,2.5684715746983331,0,0,0,1.9347640506131791,0,0,0,3.0527951495361414,0,0,0,1.6347691783870484,0,0,0,5.4701471260878574,0,0,0,1.7017050873670112,0,0,0,2.0516334010883188,0,0,0,1.7016464256339467,0,0,0,2.0515189491755565,0,0,0,1.3851913992874445,0,0,0,1.5848763488609163,0,0,0,2.4025569131621749,0,0,0,1.4850381814042306,0,0,0,1.1706412383779006,0,0,0,0.76753955051985367,0,0,0,3.8363481225168754,0,0,0,2.2241838122332274,0,0,0,1.4515587407007822,0,0,0,0.9154294715726472,0,0,0,1.4815467827321189,0,0,0,1.2846468297025275,0,0,0,2.2508876176567716,0,0,0,2.984773793383531,0,0,0,1.634955008912071,0,0,0,1.234666622909663,0,0,0,2.1642307005974883],"CPRT":[0,4.20317060513885,0,0,0,2.3510215551102367,0,0,0,5.0370709335214885,0,0,0,4.183073833790389,0,0,0,5.2539474628800447,0,0,0,8.82321445786098,0,0,0,2.6021905849969542,0,0,0,3.9023195997875049,0,0,0,2.2679003406892959,0,0,0,8.24040152520506,0,0,0,2.6527955597580513,0,0,0,4.6870786251822922,0,0,0,1.6515168980660089,0,0,0,3.0861621894363758,0,0,0,1.5513325033176697,0,0,0,8.3731653337873126,0,0,0,1.8708362988958878,0,0,0,6.421152272321712,0,0,0,4.9878406123792667,0,0,0,1.340999423638217,0,0,0,2.977011164189268,0,0,0,1.7521664844597684,0,0,0,3.0347027224377028,0,0,0,1.9183678911106963,0,0,0,2.6520350083377604,0,0,0,2.1025846031410693,0,0,0,1.8684118874104947,0,0,0,5.458516924730433,0,0,0,4.7699770891063524,0,0,0,2.4032103966640754,0,0,0,5.57683928120917,0,0,0,1.4179582845340186,0,0,0,2.8015227437282197,0,0,0,3.3193758063424408,0,0,0,2.0179320303318078,0,0,0,2.7698495100924845,0,0,0,1.4180944782079865,0,0,0,6.13798757437836,0,0,0,2.11860623004014,0,0,0,2.2175591386160343,0,0],"break_time":220.85611302434052,"after_SBT":279.96636344430522},{"name":"LVHS","s":[5,5,4,5,4,2,4,5,4,4,10,6,7,8,3,10,8,6,10,9,8,10,10,8,13,7,10,11,8,7,6,5,5,6,6,6,7,4,7,6,6,7,7,4,5,9,9,7,12,11,9,7,7,10,11,11,11,8,12,11,7,2,5,6,5,8,8,6,4,7,6,9,6,9,7,5,8,4,4,5],"ms":[5,0,5,-1,4,0,5,-1,4,0,2,-1,4,0,5,-1,4,0,4,-1,10,0,6,-1,7,0,8,-1,3,0,10,-1,8,0,6,-1,10,0,9,-1,8,0,10,-1,10,0,8,-1,13,0,7,-1,10,0,11,-1,8,0,7,-1,6,0,5,-1,5,0,6,-1,6,0,6,-1,7,0,4,-1,7,0,6,-1,6,0,7,-1,7,0,4,-1,5,0,9,-1,9,0,7,-1,12,0,11,-1,9,0,7,-1,7,0,10,-1,11,0,11,-1,11,0,8,-1,12,0,11,-1,7,0,2,-1,5,0,6,-1,5,0,8,-1,8,0,6,-1,4,0,7,-1,6,0,9,-1,6,0,9,-1,7,0,5,-1,8,0,4,-1,4,0,5,-1],"VAS":[[0,0,0,1108,0,0,0,1112,0,0,0,990,0,0,0,1098,0,0,0,1048,0,0,0,1167,0,0,0,1110,0,0,0,1113,0,0,0,1094,0,0,0,1102,0,0,0,1096,0,0,0,1140,0,0,0,958,0,0,0,1105,0,0,0,1103,0,0,0,1096,0,0,0,1100,0,0,0,1156,0,0,0,1097,0,0,0,1091,0,0,0,1109,0,0,0,1101,0,0,0,1107,0,0,0,1108,0,0,0,1098,0,0,0,1114,0,0,0,1080,0,0,0,1091,0,0,0,1102,0,0,0,1118,0,0,0,1103,0,0,0,1110,0,0,0,1083,0,0,0,1105,0,0,0,1137,0,0,0,1100,0,0,0,1120,0,0,0,1069,0,0,0,1099,0,0,0,1101],[0,0,0,681,0,0,0,638,0,0,0,840,0,0,0,615,0,0,0,721,0,0,0,645,0,0,0,611,0,0,0,573,0,0,0,654,0,0,0,585,0,0,0,535,0,0,0,633,0,0,0,530,0,0,0,472,0,0,0,583,0,0,0,627,0,0,0,598,0,0,0,590,0,0,0,670,0,0,0,664,0,0,0,645,0,0,0,687,0,0,0,582,0,0,0,590,0,0,0,520,0,0,0,606,0,0,0,577,0,0,0,561,0,0,0,576,0,0,0,532,0,0,0,621,0,0,0,589,0,0,0,586,0,0,0,610,0,0,0,630,0,0,0,573,0,0,0,545,0,0,0,597,0,0,0,619,0,0,0,620]],"CP":[[0,806,0,0,0,1105,0,0,0,1042,0,0,0,1044,0,0,0,1054,0,0,0,995,0,0,0,1105,0,0,0,1056,0,0,0,1091,0,0,0,1101,0,0,0,1085,0,0,0,974,0,0,0,1102,0,0,0,1030,0,0,0,807,0,0,0,882,0,0,0,977,0,0,0,1099,0,0,0,936,0,0,0,964,0,0,0,802,0,0,0,801,0,0,0,848,0,0,0,957,0,0,0,1026,0,0,0,995,0,0,0,1001,0,0,0,1052,0,0,0,1096,0,0,0,1043,0,0,0,1031,0,0,0,936,0,0,0,900,0,0,0,953,0,0,0,1023,0,0,0,1042,0,0,0,799,0,0,0,869,0,0,0,847,0,0,0,998,0,0],[0,638,0,0,0,729,0,0,0,697,0,0,0,676,0,0,0,714,0,0,0,579,0,0,0,683,0,0,0,698,0,0,0,663,0,0,0,610,0,0,0,665,0,0,0,518,0,0,0,474,0,0,0,592,0,0,0,609,0,0,0,620,0,0,0,639,0,0,0,614,0,0,0,579,0,0,0,682,0,0,0,681,0,0,0,619,0,0,0,670,0,0,0,560,0,0,0,535,0,0,0,594,0,0,0,607,0,0,0,534,0,0,0,540,0,0,0,541,0,0,0,582,0,0,0,624,0,0,0,591,0,0,0,581,0,0,0,611,0,0,0,618,0,0,0,535,0,0,0,562,0,0,0,598,0,0,0,622,0,0]],"VASRT":[0,0,0,3.427785560599006,0,0,0,3.8366894271456142,0,0,0,4.3889371355434719,0,0,0,5.1879058376628837,0,0,0,3.2487655397187107,0,0,0,6.6879056325519288,0,0,0,2.0084042162607862,0,0,0,4.7828096508806439,0,0,0,1.5686073581503914,0,0,0,1.8748330909605551,0,0,0,1.6519148133182646,0,0,0,4.3031527604857844,0,0,0,5.254367119893506,0,0,0,2.618807033664861,0,0,0,3.018552696080945,0,0,0,1.5019319400829878,0,0,0,1.4680804281075848,0,0,0,1.7016985238164586,0,0,0,3.2524813297753421,0,0,0,1.9017854908612815,0,0,0,1.5511109834865171,0,0,0,4.0040049965028581,0,0,0,1.4516957548185692,0,0,0,1.118657507778833,0,0,0,2.5755606195171277,0,0,0,4.9203968486752911,0,0,0,2.6189945050775219,0,0,0,1.5308115625147423,0,0,0,0.98444520563398774,0,0,0,2.6531618879232721,0,0,0,2.1183523026781339,0,0,0,1.7350302846324719,0,0,0,1.6183319966936114,0,0,0,2.3373377828736457,0,0,0,3.1694868739244493,0,0,0,5.8375570464842959,0,0,0,3.2205053523703646,0,0,0,2.7185155709981315,0,0,0,2.1686172034762206,0,0,0,1.3345568885488606],