{"ORDER":[2,1,3,4],"Sens":5,"Threshold":45.5,"sequences":[{"name":"LVLS","s":[11,10,11,11,10,11,10,10,10,11,11,11,11,4,5,5,5,5,4,5,5,4,5,4,5,5,5,5,8,7,7,8,8,8,8,8,8,7,7,8,7,7,8,7,7,4,4,5,5,5,5,4,5,4,4,5,5,5,5,5,5,9,9,9,9,9,9,9,10,9,9,10,9,9,10,10,10,10,4,3],"ms":[11,0,10,0,11,0,11,-1,10,0,11,-1,10,-1,10,0,10,-1,11,-1,11,0,11,0,11,0,4,0,5,0,5,-1,5,0,5,-1,4,0,5,-1,5,0,4,-1,5,0,4,0,5,0,5,0,5,0,5,0,8,0,7,0,7,-1,8,-1,8,0,8,-1,8,0,8,-1,8,0,7,0,7,-1,8,-1,7,0,7,0,8,-1,7,-1,7,0,4,0,4,-1,5,-1,5,0,5,-1,5,0,4,-1,5,-1,4,0,4,-1,5,-1,5,-1,5,-1,5,-1,5,-1,5,0,9,-1,9,0,9,0,9,-1,9,-1,9,-1,9,0,10,-1,9,-1,9,-1,10,0,9,-1,9,0,10,0,10,0,10,-1,10,-1,4,-1,3,-1],"VAS":[[0,0,0,0,0,0,0,1055,0,0,0,1056,0,974,0,0,0,947,0,954,0,0,0,0,0,0,0,0,0,0,0,947,0,0,0,971,0,0,0,937,0,0,0,964,0,0,0,0,0,0,0,0,0,0,0,0,0,0,0,0,0,1083,0,1064,0,0,0,1026,0,0,0,1046,0,0,0,0,0,1053,0,1078,0,0,0,0,0,1032,0,1044,0,0,0,0,0,1092,0,1035,0,0,0,1073,0,0,0,948,0,1023,0,0,0,1034,0,1090,0,1077,0,1079,0,1062,0,1082,0,0,0,1049,0,0,0,0,0,1064,0,1064,0,1084,0,0,0,1087,0,1046,0,1065,0,0,0,1071,0,0,0,0,0,0,0,1065,0,1055,0,1050,0,1076],[0,0,0,0,0,0,0,593,0,0,0,614,0,720,0,0,0,723,0,652,0,0,0,0,0,0,0,0,0,0,0,778,0,0,0,979,0,0,0,939,0,0,0,909,0,0,0,0,0,0,0,0,0,0,0,0,0,0,0,0,0,599,0,634,0,0,0,750,0,0,0,746,0,0,0,0,0,838,0,845,0,0,0,0,0,724,0,731,0,0,0,0,0,979,0,935,0,0,0,902,0,0,0,919,0,868,0,0,0,836,0,879,0,984,0,881,0,950,0,963,0,0,0,708,0,0,0,0,0,685,0,698,0,709,0,0,0,598,0,742,0,627,0,0,0,686,0,0,0,0,0,0,0,678,0,787,0,993,0,999]],"CP":[[0,788,0,764,0,775,0,0,0,1041,0,0,0,0,0,953,0,0,0,0,0,955,0,952,0,956,0,967,0,943,0,0,0,778,0,0,0,966,0,0,0,986,0,0,0,947,0,947,0,958,0,975,0,951,0,964,0,947,0,976,0,0,0,0,0,741,0,0,0,938,0,0,0,842,0,847,0,0,0,0,0,770,0,754,0,0,0,0,0,1073,0,1053,0,0,0,0,0,1067,0,0,0,1058,0,0,0,0,0,830,0,0,0,0,0,0,0,0,0,0,0,0,0,971,0,0,0,1056,0,1068,0,0,0,0,0,0,0,943,0,0,0,0,0,0,0,1074,0,0,0,869,0,847,0,842,0,0,0,0,0,0,0,0],[0,607,0,593,0,591,0,0,0,597,0,0,0,0,0,714,0,0,0,0,0,621,0,624,0,617,0,815,0,758,0,0,0,627,0,0,0,962,0,0,0,801,0,0,0,781,0,804,0,720,0,965,0,944,0,923,0,595,0,647,0,0,0,0,0,800,0,0,0,782,0,0,0,785,0,802,0,0,0,0,0,752,0,744,0,0,0,0,0,771,0,815,0,0,0,0,0,939,0,0,0,801,0,0,0,0,0,819,0,0,0,0,0,0,0,0,0,0,0,0,0,942,0,0,0,689,0,672,0,0,0,0,0,0,0,684,0,0,0,0,0,0,0,675,0,0,0,711,0,605,0,684,0,0,0,0,0,0,0,0]],"VASRT":[0,0,0,0,0,0,0,2.5853943992172934,0,0,0,1.6406798225372738,0,2.1017104272683826,0,0,0,1.2659959510931433,0,1.0009816650565391,0,0,0,0,0,0,0,0,0,0,0,1.0515359796857278,0,0,0,1.6681303444442392,0,0,0,1.6347758845958991,0,0,0,2.3189205376390403,0,0,0,0,0,0,0,0,0,0,0,0,0,0,0,0,0,2.6452714552066605,0,1.7673014876758577,0,0,0,2.5192413324882725,0,0,0,1.9181074744789648,0,0,0,0,0,2.5186079472616552,0,1.502105472587834,0,0,0,0,0,1.4691608261082703,0,1.5019577920945812,0,0,0,0,0,2.7514820352833311,0,1.8150363355546941,0,0,0,1.1847495277300892,0,0,0,1.7011742650331563,0,2.1361409035995069,0,0,0,1.6779859662509051,0,1.1027798801736888,0,1.4608878469209643,0,1.3352244640941546,0,1.6233105454127772,0,1.1513749669257229,0,0,0,1.2477258229598043,0,0,0,0,0,1.6681319853386087,0,2.375208957642363,0,0.93499227754087366,0,0,0,2.0686021015754639,0,1.3851014995723419,0,1.1506176941742097,0,0,0,1.2843559181932112,0,0,0,0,0,0,0,1.3506578960862619,0,1.4680610166571291,0,1.3839344134520521,0,2.5194004992421117],"CPRT":[0,3.2699078432699742,0,3.2354859816342896,0,1.3001450140399025,0,0,0,7.3722922679006189,0,0,0,0,0,1.634043225259928,0,0,0,0,0,1.0074693511698551,0,1.6201678224716383,0,0.834220031628239,0,1.3680981418922384,0,1.5009568465292007,0,0,0,3.2697441640566192,0,0,0,1.9852335915690846,0,0,0,1.4838123719333223,0,0,0,1.6348907472017624,0,1.301369531463124,0,1.0847423488172228,0,1.9021292655561914,0,1.4782899419328506,0,0.85112452542258155,0,1.3343835057297981,0,1.3422044185183135,0,0,0,0,0,7.1892824984257668,0,0,0,3.9355464896141643,0,0,0,3.1529440721665343,0,1.8802610662941837,0,0,0,0,0,3.4531793353967579,0,1.4519974812271428,0,0,0,0,0,1.9023573498735487,0,2.1355899733149553,0,0,0,0,0,1.1847753718164085,0,0,0,1.4349231548655594,0,0,0,0,0,2.2014526017405789,0,0,0,0,0,0,0,0,0,0,0,0,0,2.9087953989321882,0,0,0,1.384482472171457,0,1.6204217508753145,0,0,0,0,0,0,0,3.4030315523476071,0,0,0,0,0,0,0,1.8182906393129574,0,0,0,3.5027638814535864,0,2.9210245744443011,0,1.5684107322696235,0,0,0,0,0,0,0,0],"break_time":187.52529869405319,"after_SBT":192.5335614176507},{"name":"LVHS","s":[8,9,10,10,10,10,11,11,9,8,10,13,10,6,9,6,3,4,6,5,4,7,6,4,5,6,2,5,9,8,6,8,7,7,8,6,12,8,11,6,7,8,7,5,7,5,2,7,5,5,4,8,3,4,6,5,6,7,3,4,4,8,12,10,11,11,13,8,10,10,5,9,10,10,9,10,7,10,3,1],"ms":[8,-1,9,-1,10,0,10,0,10,-1,10,0,11,0,11,-1,9,-1,8,0,10,0,13,0,10,0,6,0,9,0,6,-1,3,0,4,-1,6,-1,5,-1,4,0,7,-1,6,0,4,-1,5,-1,6,0,2,-1,5,0,9,0,8,-1,6,-1,8,0,7,0,7,-1,8,-1,6,0,12,-1,8,-1,11,-1,6,0,7,0,8,0,7,-1,5,0,7,0,5,-1,2,0,7,-1,5,-1,5,-1,4,0,8,0,3,-1,4,0,6,-1,5,-1,6,0,7,0,3,-1,4,0,4,-1,8,0,12,-1,10,-1,11,-1,11,0,13,-1,8,-1,10,-1,10,0,5,0,9,0,10,-1,10,0,9,-1,10,-1,7,0,10,-1,3,0,1,0],"VAS":[[0,961,0,967,0,0,0,0,0,953,0,0,0,0,0,970,0,955,0,0,0,0,0,0,0,0,0,0,0,0,0,864,0,0,0,947,0,1065,0,1050,0,0,0,1075,0,0,0,1051,0,1055,0,0,0,1082,0,0,0,0,0,1075,0,892,0,0,0,0,0,947,0,1067,0,0,0,1043,0,1057,0,1062,0,0,0,0,0,0,0,978,0,0,0,0,0,852,0,0,0,961,0,962,0,976,0,0,0,0,0,857,0,0,0,1011,0,1000,0,0,0,0,0,1072,0,0,0,785,0,0,0,1114,0,1097,0,1113,0,0,0,1148,0,1147,0,1122,0,0,0,0,0,0,0,1056,0,0,0,1031,0,967,0,0,0,964,0,0,0,0],[0,680,0,491,0,0,0,0,0,495,0,0,0,0,0,789,0,869,0,0,0,0,0,0,0,0,0,0,0,0,0,812,0,0,0,833,0,795,0,932,0,0,0,694,0,0,0,820,0,796,0,0,0,990,0,0,0,0,0,848,0,780,0,0,0,0,0,815,0,744,0,0,0,722,0,822,0,610,0,0,0,0,0,0,0,722,0,0,0,0,0,915,0,0,0,730,0,852,0,961,0,0,0,0,0,921,0,0,0,679,0,898,0,0,0,0,0,766,0,0,0,884,0,0,0,565,0,634,0,593,0,0,0,570,0,930,0,769,0,0,0,0,0,0,0,697,0,0,0,721,0,639,0,0,0,659,0,0,0,0]],"CP":[[0,0,0,0,0,964,0,755,0,0,0,861,0,878,0,0,0,0,0,965,0,862,0,979,0,975,0,966,0,951,0,0,0,855,0,0,0,0,0,0,0,1085,0,0,0,1086,0,0,0,0,0,827,0,0,0,1074,0,1085,0,0,0,0,0,855,0,851,0,0,0,0,0,768,0,0,0,0,0,0,0,940,0,803,0,775,0,0,0,966,0,970,0,0,0,957,0,0,0,0,0,0,0,870,0,950,0,0,0,997,0,0,0,0,0,1062,0,728,0,0,0,1069,0,0,0,1099,0,0,0,0,0,0,0,1133,0,0,0,0,0,0,0,1154,0,785,0,945,0,0,0,1066,0,0,0,0,0,755,0,0,0,872,0,970],[0,0,0,0,0,393,0,687,0,0,0,214,0,813,0,0,0,0,0,943,0,984,0,561,0,580,0,829,0,575,0,0,0,893,0,0,0,0,0,0,0,819,0,0,0,824,0,0,0,0,0,1008,0,0,0,793,0,998,0,0,0,0,0,1003,0,826,0,0,0,0,0,927,0,0,0,0,0,0,0,768,0,731,0,737,0,0,0,925,0,788,0,0,0,814,0,0,0,0,0,0,0,766,0,699,0,0,0,719,0,0,0,0,0,677,0,600,0,0,0,764,0,0,0,781,0,0,0,0,0,0,0,568,0,0,0,0,0,0,0,599,0,862,0,803,0,0,0,690,0,0,0,0,0,785,0,0,0,766,0,972]],"VASRT":[0,4.8705871735389374,0,2.4189740718178445,0,0,0,0,0,4.1042246876660124,0,0,0,0,0,6.3884501547568506,0,5.2873296290142946,0,0,0,0,0,0,0,0,0,0,0,0,0,5.6368462830665855,0,0,0,3.5367923386641889,0,3.1355231068693992,0,2.6691390842578748,0,0,0,3.0331883192934308,0,0,0,2.4853654784540313,0,2.502365554345396,0,0,0,1.3661077370220638,0,0,0,0,0,3.4862097186071268,0,5.6220326989225473,0,0,0,0,0,3.4628844051450245,0,2.619168107577035,0,0,0,3.1725658870367295,0,1.7353463005010881,0,4.7703633965693,0,0,0,0,0,0,0,2.5848131123869065,0,0,0,0,0,2.5027622405592167,0,0,0,1.8009435142624488,0,1.4358711815875242,0,2.3348716718047173,0,0,0,0,0,1.8355553094214,0,0,0,1.9350074558137913,0,2.6519658940105306,0,0,0,0,0,2.309078863434515,0,0,0,3.3143924896264707,0,0,0,2.7863752438266478,0,1.4520815770635784,0,1.4840293802136855,0,0,0,2.2022841249623109,0,1.8851792369430957,0,1.5678154978370962,0,0,0,0,0,0,0,3.3941255981572755,0,0,0,2.0183049971386904,0,3.3034062915992362,0,0,0,2.4524159092913593,0,0,0,0],