{"ORDER":[3,4,1,2],"Sens":9,"Threshold":47.5,"sequences":[{"name":"LVLS","s":[6,5,6,5,5,5,5,6,5,6,5,6,5,5,6,5,11,10,11,10,11,10,10,10,11,10,11,10,11,11,10,10,11,5,5,4,4,5,4,4,5,5,4,4,5,4,5,5,7,8,8,7,7,7,7,8,8,8,7,8,8,7,8,5,5,5,4,4,4,5,4,4,5,4,4,5,9,9,10,9],"ms":[6,-1,5,-1,6,0,5,0,5,-1,5,-1,5,0,6,0,5,-1,6,0,5,-1,6,0,5,-1,5,0,6,0,5,0,11,-1,10,-1,11,0,10,-1,11,0,10,0,10,0,10,-1,11,0,10,0,11,-1,10,-1,11,-1,11,-1,10,-1,10,-1,11,-1,5,-1,5,0,4,-1,4,0,5,0,4,-1,4,-1,5,-1,5,-1,4,0,4,0,5,0,4,-1,5,0,5,0,7,-1,8,-1,8,0,7,0,7,0,7,0,7,0,8,-1,8,-1,8,-1,7,0,8,-1,8,0,7,0,8,-1,5,0,5,-1,5,-1,4,0,4,-1,4,0,5,0,4,0,4,-1,5,-1,4,0,4,0,5,-1,9,0,9,0,10,-1,9,-1],"VAS":[[0,978,0,1018,0,0,0,0,0,1039,0,1029,0,0,0,0,0,1007,0,0,0,914,0,0,0,1017,0,0,0,0,0,0,0,1034,0,1039,0,0,0,1049,0,0,0,0,0,0,0,986,0,0,0,0,0,964,0,1056,0,1066,0,1109,0,1108,0,1146,0,1110,0,1103,0,0,0,1111,0,0,0,0,0,1012,0,1013,0,800,0,1008,0,0,0,0,0,0,0,1068,0,0,0,0,0,1070,0,1108,0,0,0,0,0,0,0,0,0,0,0,1125,0,1044,0,1055,0,0,0,1086,0,0,0,0,0,1062,0,0,0,1075,0,1105,0,0,0,1139,0,0,0,0,0,0,0,1157,0,1107,0,0,0,0,0,1074,0,0,0,0,0,990,0,1017],[0,298,0,365,0,0,0,0,0,373,0,412,0,0,0,0,0,495,0,0,0,628,0,0,0,683,0,0,0,0,0,0,0,445,0,390,0,0,0,326,0,0,0,0,0,0,0,362,0,0,0,0,0,303,0,295,0,307,0,358,0,402,0,395,0,289,0,382,0,0,0,544,0,0,0,0,0,520,0,601,0,760,0,726,0,0,0,0,0,0,0,731,0,0,0,0,0,715,0,697,0,0,0,0,0,0,0,0,0,0,0,656,0,606,0,627,0,0,0,675,0,0,0,0,0,699,0,0,0,705,0,711,0,0,0,738,0,0,0,0,0,0,0,756,0,686,0,0,0,0,0,724,0,0,0,0,0,446,0,419]],"CP":[[0,0,0,0,0,1016,0,1072,0,0,0,0,0,1085,0,1086,0,0,0,898,0,0,0,963,0,0,0,976,0,1044,0,994,0,0,0,0,0,978,0,0,0,969,0,1060,0,1008,0,0,0,1016,0,922,0,0,0,0,0,0,0,0,0,0,0,0,0,0,0,0,0,1072,0,0,0,1059,0,982,0,0,0,0,0,0,0,0,0,1067,0,1112,0,1087,0,0,0,1077,0,1021,0,0,0,0,0,1023,0,1072,0,1123,0,1141,0,1104,0,0,0,0,0,0,0,1077,0,0,0,1050,0,1031,0,0,0,1071,0,0,0,0,0,1133,0,0,0,1078,0,1103,0,1113,0,0,0,0,0,1040,0,1060,0,0,0,1009,0,947,0,0,0,0],[0,0,0,0,0,349,0,353,0,0,0,0,0,416,0,460,0,0,0,543,0,0,0,642,0,0,0,625,0,643,0,616,0,0,0,0,0,333,0,0,0,278,0,284,0,236,0,0,0,305,0,359,0,0,0,0,0,0,0,0,0,0,0,0,0,0,0,0,0,475,0,0,0,602,0,602,0,0,0,0,0,0,0,0,0,708,0,765,0,723,0,0,0,723,0,732,0,0,0,0,0,693,0,696,0,702,0,691,0,666,0,0,0,0,0,0,0,665,0,0,0,645,0,719,0,0,0,719,0,0,0,0,0,701,0,0,0,756,0,756,0,752,0,0,0,0,0,700,0,726,0,0,0,647,0,531,0,0,0,0]],"VASRT":[0,4.6701379787052932,0,2.719290559319357,0,0,0,0,0,3.0855952036657581,0,3.5029177153007245,0,0,0,0,0,3.9197446768361095,0,0,0,2.7182022361288021,0,0,0,5.8214095692857395,0,0,0,0,0,0,0,2.6855312087853482,0,1.3349619209950383,0,0,0,3.1742305743745627,0,0,0,0,0,0,0,4.2204213406517219,0,0,0,0,0,3.736458826883593,0,2.2191767222724748,0,3.4870601121141078,0,4.9544795390727714,0,3.01859584566568,0,2.4013520969604483,0,1.6182840757354797,0,5.0875950436785571,0,0,0,2.7857894445367446,0,0,0,0,0,4.153122519429215,0,2.6557727689477151,0,12.672810585409577,0,2.9861951556695976,0,0,0,0,0,0,0,3.7363049930364545,0,0,0,0,0,2.3032130762872303,0,3.1692139500634822,0,0,0,0,0,0,0,0,0,0,0,4.9205405106053055,0,3.2026808111761316,0,5.0196259171061186,0,0,0,5.0046654729160132,0,0,0,0,0,3.8532408689356132,0,0,0,3.602671376033507,0,3.8202847361954633,0,0,0,3.5700036304787925,0,0,0,0,0,0,0,2.436155466537036,0,2.37505430334804,0,0,0,0,0,4.8539722976008077,0,0,0,0,0,2.0012659500060508,0,4.8533848574165352],"CPRT":[0,0,0,0,0,3.2771121899991589,0,3.9878413829457746,0,0,0,0,0,3.7526856313033421,0,2.8690123251678328,0,0,0,3.1592754630911579,0,0,0,2.4849310516697125,0,0,0,2.03512580532019,0,2.5521133693919871,0,4.6039726052685017,0,0,0,0,0,2.4520208639719079,0,0,0,3.7197065260420192,0,3.0045780952908383,0,4.7542695045934789,0,0,0,3.5189508941848753,0,3.8031903088778538,0,0,0,0,0,0,0,0,0,0,0,0,0,0,0,0,0,5.6381487429723567,0,0,0,2.301478650938694,0,4.7439183326872314,0,0,0,0,0,0,0,0,0,3.7194796723954391,0,2.4355114154970168,0,3.1349405893682349,0,0,0,1.7180168150650512,0,4.6882046359368177,0,0,0,0,0,2.9369108932823837,0,3.5583458964308496,0,3.0357764199376871,0,2.56895386830592,0,3.286335657249984,0,0,0,0,0,0,0,4.0531169814107182,0,0,0,3.4531863091978283,0,1.9684607795478926,0,0,0,2.6178328297838735,0,0,0,0,0,5.3377461085164466,0,0,0,2.6352611791056715,0,4.8045465080742256,0,2.2017717556954417,0,0,0,0,0,4.4869276098937725,0,2.2849835602895356,0,0,0,2.1184442680482998,0,3.852715782737381,0,0,0,0],"break_time":194.47955753283327,"after_SBT":83.453767596028214},{"name":"LVHS","s":[6,6,5,4,4,10,2,5,3,4,9,4,6,6,5,3,12,10,11,10,10,12,10,10,12,12,10,12,9,8,9,11,9,4,6,4,5,7,3,4,4,5,5,5,8,4,4,3,12,8,6,6,7,8,8,7,5,10,7,10,5,4,8,4,8,7,2,7,6,2,4,4,3,5,4,4,11,9,11,8],"ms":[6,-1,6,-1,5,-1,4,0,4,0,10,0,2,-1,5,-1,3,0,4,0,9,-1,4,-1,6,0,6,-1,5,-1,3,-1,12,-1,10,-1,11,0,10,-1,10,-1,12,-1,10,0,10,0,12,-1,12,0,10,0,12,0,9,-1,8,-1,9,-1,11,0,9,0,4,-1,6,-1,4,-1,5,0,7,0,3,0,4,0,4,-1,5,0,5,-1,5,-1,8,0,4,0,4,-1,3,0,12,-1,8,0,6,-1,6,0,7,0,8,0,8,-1,7,-1,5,0,10,0,7,-1,10,-1,5,0,4,0,8,-1,4,-1,8,-1,7,0,2,0,7,0,6,-1,2,0,4,-1,4,0,3,0,5,0,4,-1,4,0,11,-1,9,-1,11,0,8,0],"VAS":[[0,1023,0,1061,0,1061,0,0,0,0,0,0,0,1018,0,1074,0,0,0,0,0,1010,0,1001,0,0,0,1053,0,1036,0,1021,0,1065,0,1056,0,0,0,1030,0,1018,0,1050,0,0,0,0,0,989,0,0,0,0,0,0,0,1057,0,1015,0,948,0,0,0,0,0,968,0,951,0,988,0,0,0,0,0,0,0,0,0,1003,0,0,0,1166,0,1164,0,0,0,0,0,1061,0,0,0,1062,0,0,0,983,0,0,0,0,0,0,0,1065,0,1086,0,0,0,0,0,1013,0,1070,0,0,0,0,0,1105,0,1099,0,1114,0,0,0,0,0,0,0,1152,0,0,0,1153,0,0,0,0,0,0,0,1081,0,0,0,1039,0,1045,0,0,0,0],[0,346,0,402,0,453,0,0,0,0,0,0,0,674,0,644,0,0,0,0,0,562,0,627,0,0,0,609,0,653,0,672,0,442,0,411,0,0,0,354,0,418,0,309,0,0,0,0,0,275,0,0,0,0,0,0,0,351,0,524,0,544,0,0,0,0,0,555,0,545,0,581,0,0,0,0,0,0,0,0,0,699,0,0,0,705,0,698,0,0,0,0,0,737,0,0,0,439,0,0,0,604,0,0,0,0,0,0,0,607,0,636,0,0,0,0,0,553,0,557,0,0,0,0,0,576,0,580,0,574,0,0,0,0,0,0,0,594,0,0,0,579,0,0,0,0,0,0,0,648,0,0,0,440,0,396,0,0,0,0]],"CP":[[0,0,0,0,0,0,0,972,0,955,0,956,0,0,0,0,0,1040,0,1050,0,0,0,0,0,999,0,0,0,0,0,0,0,0,0,0,0,1011,0,0,0,0,0,0,0,1006,0,1015,0,0,0,954,0,1025,0,1079,0,0,0,0,0,0,0,966,0,961,0,0,0,0,0,0,0,971,0,991,0,1065,0,1071,0,0,0,1053,0,0,0,0,0,1104,0,1100,0,0,0,1082,0,0,0,964,0,0,0,932,0,999,0,1033,0,0,0,0,0,1094,0,1002,0,0,0,0,0,1013,0,1058,0,0,0,0,0,0,0,1121,0,1104,0,1102,0,0,0,1126,0,0,0,1140,0,1097,0,1099,0,0,0,1086,0,0,0,0,0,985,0,974],[0,0,0,0,0,0,0,544,0,600,0,500,0,0,0,0,0,645,0,676,0,0,0,0,0,614,0,0,0,0,0,0,0,0,0,0,0,337,0,0,0,0,0,0,0,325,0,360,0,0,0,244,0,246,0,222,0,0,0,0,0,0,0,438,0,430,0,0,0,0,0,0,0,563,0,569,0,561,0,570,0,0,0,706,0,0,0,0,0,615,0,677,0,0,0,695,0,0,0,478,0,0,0,604,0,622,0,613,0,0,0,0,0,653,0,612,0,0,0,0,0,547,0,591,0,0,0,0,0,0,0,600,0,621,0,603,0,0,0,600,0,0,0,601,0,615,0,622,0,0,0,655,0,0,0,0,0,394,0,456]],"VASRT":[0,3.6363158639616522,0,3.6527428574944776,0,5.0218189724309239,0,0,0,0,0,0,0,3.4781295445082341,0,2.6525648204553893,0,0,0,0,0,2.6514379362471514,0,2.7858038023624778,0,0,0,2.5689653545665063,0,2.8026299434506776,0,4.4534627998990848,0,2.4900654101518032,0,3.2702019735857029,0,0,0,2.4685569769803033,0,2.6696608886673681,0,2.7520969604482923,0,0,0,0,0,2.986362116671692,0,0,0,0,0,0,0,3.0529262274402664,0,2.8700464988441952,0,1.8550273926803804,0,0,0,0,0,4.2041723841579852,0,2.1022867914156613,0,3.3360104524971335,0,0,0,0,0,0,0,0,0,3.569535155136307,0,0,0,2.0528322862376136,0,2.0857806247295088,0,0,0,0,0,2.8369373527040915,0,0,0,5.4038179509741786,0,0,0,4.6372528146466232,0,0,0,0,0,0,0,2.7522778690525271,0,2.408585159341099,0,0,0,0,0,3.1798625340741973,0,3.7704597991135067,0,0,0,0,0,3.1625855572579833,0,3.4862556636494721,0,2.9690519117444962,0,0,0,0,0,0,0,2.619117239851581,0,0,0,2.9856097666032873,0,0,0,0,0,0,0,2.6021914144304352,0,0,0,2.0182807939467406,0,2.7023073025952797,0,0,0,0],