{"ORDER":[2,3,1,4],"Sens":4,"Threshold":45,"sequences":[{"name":"LVLS","s":[7,7,8,7,8,7,8,8,8,8,7,8,8,7,7,8,7,4,3,3,4,4,3,3,3,4,4,4,4,3,8,8,9,8,8,8,9,9,8,9,8,9,8,5,6,5,5,5,5,5,5,6,5,5,5,6,6,10,9,10,10,10,9,10,10,9,10,9,10,10,9,10,10,7,6,7,7,6,6,7],"ms":[7,-1,7,-1,8,0,7,0,8,-1,7,-1,8,0,8,0,8,-1,8,0,7,-1,8,0,8,0,7,0,7,0,8,-1,7,-1,4,0,3,-1,3,0,4,0,4,0,3,-1,3,0,3,0,4,-1,4,-1,4,-1,4,-1,3,-1,8,-1,8,-1,9,-1,8,0,8,-1,8,0,9,0,9,-1,8,-1,9,-1,8,-1,9,0,8,0,5,0,6,-1,5,0,5,0,5,-1,5,-1,5,0,5,0,6,0,5,0,5,0,5,-1,6,-1,6,-1,10,0,9,-1,10,0,10,0,10,-1,9,0,10,-1,10,-1,9,0,10,-1,9,0,10,0,10,0,9,-1,10,-1,10,-1,7,0,6,0,7,-1,7,0,6,0,6,-1,7,-1],"VAS":[[0,1162,0,1158,0,0,0,0,0,1128,0,1104,0,0,0,0,0,1066,0,0,0,1098,0,0,0,0,0,0,0,0,0,1153,0,1116,0,0,0,1093,0,0,0,0,0,0,0,1115,0,0,0,0,0,1151,0,1162,0,1131,0,1101,0,1097,0,1126,0,1091,0,1137,0,0,0,1063,0,0,0,0,0,1110,0,1123,0,1152,0,1120,0,0,0,0,0,0,0,1117,0,0,0,0,0,1118,0,1092,0,0,0,0,0,0,0,0,0,0,0,1046,0,1047,0,1073,0,0,0,1117,0,0,0,0,0,1082,0,0,0,1114,0,1113,0,0,0,1077,0,0,0,0,0,0,0,1098,0,1124,0,1092,0,0,0,0,0,1072,0,0,0,0,0,1100,0,1106],[0,381,0,491,0,0,0,0,0,471,0,492,0,0,0,0,0,517,0,0,0,495,0,0,0,0,0,0,0,0,0,508,0,536,0,0,0,533,0,0,0,0,0,0,0,710,0,0,0,0,0,517,0,543,0,573,0,526,0,647,0,495,0,676,0,468,0,0,0,590,0,0,0,0,0,546,0,582,0,536,0,539,0,0,0,0,0,0,0,733,0,0,0,0,0,583,0,619,0,0,0,0,0,0,0,0,0,0,0,913,0,902,0,821,0,0,0,531,0,0,0,0,0,655,0,0,0,517,0,527,0,0,0,541,0,0,0,0,0,0,0,511,0,518,0,627,0,0,0,0,0,737,0,0,0,0,0,769,0,825]],"CP":[[0,0,0,0,0,961,0,1009,0,0,0,0,0,983,0,993,0,0,0,996,0,0,0,868,0,915,0,948,0,947,0,0,0,0,0,953,0,0,0,896,0,879,0,961,0,0,0,875,0,876,0,0,0,0,0,0,0,0,0,0,0,0,0,0,0,0,0,853,0,0,0,900,0,959,0,0,0,0,0,0,0,0,0,833,0,822,0,793,0,0,0,768,0,770,0,0,0,0,0,806,0,840,0,887,0,839,0,897,0,0,0,0,0,0,0,780,0,0,0,855,0,808,0,0,0,782,0,0,0,0,0,822,0,0,0,833,0,864,0,945,0,0,0,0,0,0,0,836,0,832,0,0,0,857,0,841,0,0,0,0],[0,0,0,0,0,478,0,472,0,0,0,0,0,477,0,469,0,0,0,513,0,0,0,570,0,529,0,498,0,508,0,0,0,0,0,503,0,0,0,534,0,605,0,587,0,0,0,590,0,591,0,0,0,0,0,0,0,0,0,0,0,0,0,0,0,0,0,535,0,0,0,573,0,564,0,0,0,0,0,0,0,0,0,534,0,534,0,721,0,0,0,667,0,662,0,0,0,0,0,569,0,562,0,571,0,923,0,959,0,0,0,0,0,0,0,542,0,0,0,542,0,570,0,0,0,652,0,0,0,0,0,932,0,0,0,540,0,537,0,528,0,0,0,0,0,0,0,801,0,826,0,0,0,745,0,770,0,0,0,0]],"VASRT":[0,2.2889467304154127,0,2.1175905927525798,0,0,0,0,0,2.9693731168173212,0,2.1516502269562023,0,0,0,0,0,2.2517997534556211,0,0,0,2.9353081497069979,0,0,0,0,0,0,0,0,0,1.8850578107597546,0,1.3344475006102077,0,0,0,1.8695078752674146,0,0,0,0,0,0,0,2.2688683366869111,0,0,0,0,0,1.6518018045735827,0,1.3245701369531464,0,4.7369326351327787,0,1.56764648571704,0,2.4189379721417157,0,2.1521535713040394,0,2.2429175922336468,0,1.5516342282361,0,0,0,2.3190173504068392,0,0,0,0,0,3.8211064140509783,0,1.5666557957414688,0,1.4679605118769985,0,1.5685132881677157,0,0,0,0,0,0,0,2.0350191471861736,0,0,0,0,0,1.9858029819152929,0,2.6852584100964232,0,0,0,0,0,0,0,0,0,0,0,2.0183915543166804,0,2.0852038503586381,0,1.5013186637376703,0,0,0,1.5347756794841028,0,0,0,0,0,2.3692377430318396,0,0,0,2.6848485967276465,0,1.5681465482761379,0,0,0,2.29630039853222,0,0,0,0,0,0,0,1.5525289258910568,0,2.41864261115521,0,2.1021776719400909,0,0,0,0,0,2.0848412127029836,0,0,0,0,0,2.2181585473162149,0,1.5516896084210698],"CPRT":[0,0,0,0,0,2.9860204004192483,0,2.2348710564693288,0,0,0,0,0,2.1114708772016186,0,2.6521320345654398,0,0,0,2.8188403389267318,0,0,0,2.5517638588912885,0,1.7349237702009481,0,1.3745882893471086,0,1.9160789188147,0,0,0,0,0,2.7520551176418708,0,0,0,3.0028572073208504,0,1.7012046215789915,0,1.1010712989114717,0,0,0,2.1515550550827727,0,1.2175776707094201,0,0,0,0,0,0,0,0,0,0,0,0,0,0,0,0,0,2.285337173026158,0,0,0,2.1021912093186392,0,1.884850237622016,0,0,0,0,0,0,0,0,0,1.9858357998026825,0,1.6513173305109949,0,1.8828819848258294,0,0,0,2.4019301020020962,0,2.3850005845686191,0,0,0,0,0,1.6846857379614759,0,1.9852028247996572,0,2.0015666438992574,0,3.2201604384469755,0,2.2687305015598751,0,0,0,0,0,0,0,2.1849599724329747,0,0,0,1.8512787694933124,0,2.3725671177075065,0,0,0,2.9696303270097366,0,0,0,0,0,2.319410344608329,0,0,0,1.9008173705077953,0,2.0013553787491873,0,1.400981665056539,0,0,0,0,0,0,0,2.0338422156996669,0,2.8068933972461689,0,0,0,2.4527879820896379,0,2.0850697072439335,0,0,0,0],"break_time":181.30415782122046,"after_SBT":61.906962109697893},{"name":"LVHS","s":[7,4,6,11,6,7,10,7,7,9,5,10,8,10,8,8,8,2,3,5,2,5,4,5,4,3,5,3,6,3,11,8,8,11,11,9,9,8,9,10,6,6,8,6,3,6,8,4,3,4,5,5,6,3,4,4,7,10,9,6,11,10,10,11,7,11,6,8,10,8,7,10,9,7,6,6,6,9,6,5],"ms":[7,-1,4,-1,6,-1,11,0,6,0,7,0,10,-1,7,-1,7,0,9,0,5,-1,10,0,8,0,10,-1,8,-1,8,-1,8,-1,2,-1,3,0,5,-1,2,-1,5,-1,4,0,5,0,4,-1,3,0,5,0,3,0,6,-1,3,-1,11,-1,8,0,8,0,11,-1,11,-1,9,-1,9,0,8,0,9,0,10,0,6,-1,6,0,8,-1,6,-1,3,0,6,0,8,-1,4,0,3,-1,4,0,5,-1,5,0,6,-1,3,0,4,0,4,-1,7,-1,10,0,9,0,6,-1,11,-1,10,0,10,0,11,-1,7,-1,11,-1,6,0,8,0,10,-1,8,0,7,-1,10,0,9,0,7,0,6,-1,6,0,6,-1,9,-1,6,0,5,0],"VAS":[[0,1209,0,1197,0,1148,0,0,0,0,0,0,0,1157,0,1099,0,0,0,0,0,1126,0,0,0,0,0,1076,0,1076,0,1163,0,1158,0,1173,0,0,0,1157,0,1159,0,1150,0,0,0,0,0,1119,0,0,0,0,0,0,0,1109,0,1111,0,1177,0,0,0,0,0,1161,0,1168,0,1160,0,0,0,0,0,0,0,0,0,1016,0,0,0,1135,0,1145,0,0,0,0,0,1059,0,0,0,1045,0,0,0,1098,0,0,0,1151,0,0,0,0,0,1116,0,1119,0,0,0,0,0,1080,0,1068,0,0,0,0,0,1073,0,1052,0,1061,0,0,0,0,0,1089,0,0,0,1064,0,0,0,0,0,0,0,1061,0,0,0,1156,0,1129,0,0,0,0],[0,794,0,926,0,797,0,0,0,0,0,0,0,501,0,737,0,0,0,0,0,640,0,0,0,0,0,523,0,718,0,661,0,606,0,907,0,0,0,792,0,714,0,817,0,0,0,0,0,725,0,0,0,0,0,0,0,415,0,683,0,421,0,0,0,0,0,430,0,425,0,747,0,0,0,0,0,0,0,0,0,780,0,0,0,536,0,533,0,0,0,0,0,534,0,0,0,763,0,0,0,778,0,0,0,518,0,0,0,0,0,605,0,462,0,0,0,0,0,808,0,426,0,0,0,0,0,430,0,838,0,533,0,0,0,0,0,579,0,0,0,850,0,0,0,0,0,0,0,800,0,0,0,935,0,537,0,0,0,0]],"CP":[[0,0,0,0,0,0,0,810,0,807,0,966,0,0,0,0,0,853,0,822,0,0,0,840,0,830,0,0,0,0,0,0,0,0,0,0,0,906,0,0,0,0,0,0,0,862,0,865,0,0,0,851,0,913,0,822,0,0,0,0,0,0,0,836,0,853,0,0,0,0,0,0,0,816,0,807,0,756,0,757,0,0,0,837,0,0,0,0,0,850,0,895,0,0,0,881,0,0,0,846,0,0,0,841,0,0,0,818,0,808,0,0,0,0,0,790,0,789,0,0,0,0,0,776,0,837,0,0,0,0,0,0,0,772,0,820,0,0,0,865,0,0,0,789,0,828,0,812,0,0,0,840,0,0,0,0,0,796,0,823],[0,0,0,0,0,0,0,553,0,702,0,676,0,0,0,0,0,624,0,500,0,0,0,515,0,683,0,0,0,0,0,0,0,0,0,0,0,761,0,0,0,0,0,0,0,773,0,689,0,0,0,669,0,618,0,741,0,0,0,0,0,0,0,767,0,763,0,0,0,0,0,0,0,649,0,683,0,597,0,521,0,0,0,594,0,0,0,0,0,613,0,590,0,0,0,628,0,0,0,777,0,0,0,770,0,0,0,711,0,610,0,0,0,0,0,485,0,530,0,0,0,0,0,520,0,488,0,0,0,0,0,0,0,652,0,611,0,0,0,590,0,0,0,565,0,531,0,512,0,0,0,833,0,0,0,0,0,780,0,812]],"VASRT":[0,2.7498390897958931,0,3.3024160118472574,0,2.8855619755547761,0,0,0,0,0,0,0,4.0535932510014581,0,3.7455620986218539,0,0,0,0,0,3.018519133853907,0,0,0,0,0,3.4524688281347751,0,2.4583050791834089,0,3.0364130869530439,0,2.035793239104974,0,2.5195584353251741,0,0,0,2.8082680565041978,0,2.3596307167221493,0,2.1346780462691188,0,0,0,0,0,2.5687663961242073,0,0,0,0,0,0,0,3.7360317841239365,0,1.9520813719517822,0,3.6700678304709982,0,0,0,0,0,3.3830487407161272,0,3.0859475857316032,0,2.6525102607176043,0,0,0,0,0,0,0,0,0,2.6855508995177821,0,0,0,2.4519096933783757,0,1.9440500144603816,0,0,0,0,0,2.6688728491464273,0,0,0,2.5680472741667848,0,0,0,2.5854690599111048,0,0,0,2.2855225940899087,0,0,0,0,0,2.68570637425929,0,3.0693864490840732,0,0,0,0,0,2.3353118417193293,0,3.4369357118097219,0,0,0,0,0,2.2355380800305205,0,2.0618740244370195,0,3.5698173889678571,0,0,0,0,0,3.4683752479288836,0,0,0,3.2865662029088956,0,0,0,0,0,0,0,1.9850436580458179,0,0,0,2.8701301844570382,0,2.6561559177829874,0,0,0,0],