{"ORDER":[4,2,1,3],"Sens":8,"Threshold":47,"sequences":[{"name":"LVLS","s":[6,5,6,5,5,5,5,6,5,6,5,6,5,5,6,5,11,10,11,10,11,10,10,10,11,10,11,10,11,11,10,10,11,5,5,4,4,5,4,4,5,5,4,4,5,4,5,5,7,8,8,7,7,7,7,8,8,8,7,8,8,7,8,5,5,5,4,4,4,5,4,4,5,4,4,5,9,9,10,9],"ms":[6,-1,5,-1,6,0,5,0,5,0,5,0,5,-1,6,0,5,0,6,-1,5,-1,6,0,5,-1,5,-1,6,0,5,0,11,0,10,0,11,0,10,-1,11,-1,10,-1,10,0,10,-1,11,-1,10,0,11,-1,10,-1,11,-1,11,0,10,0,10,0,11,-1,5,0,5,0,4,-1,4,-1,5,-1,4,0,4,-1,5,-1,5,0,4,-1,4,0,5,-1,4,0,5,0,5,0,7,0,8,-1,8,-1,7,-1,7,-1,7,0,7,-1,8,-1,8,0,8,-1,7,0,8,0,8,-1,7,-1,8,-1,5,0,5,-1,5,0,4,-1,4,-1,4,0,5,0,4,0,4,0,5,0,4,-1,4,-1,5,-1,9,0,9,-1,10,0,9,0],"VAS":[[0,1117,0,1114,0,0,0,0,0,0,0,0,0,1103,0,0,0,0,0,1071,0,1063,0,0,0,1049,0,1035,0,0,0,0,0,0,0,0,0,0,0,1165,0,1176,0,1153,0,0,0,1048,0,1060,0,0,0,1073,0,1124,0,1097,0,0,0,0,0,0,0,1164,0,0,0,0,0,1054,0,1084,0,1078,0,0,0,1050,0,1085,0,0,0,1061,0,0,0,1040,0,0,0,0,0,0,0,0,0,1142,0,1085,0,1089,0,1087,0,0,0,1073,0,1052,0,0,0,1062,0,0,0,0,0,1108,0,1083,0,1106,0,0,0,1088,0,0,0,999,0,1109,0,0,0,0,0,0,0,0,0,0,0,1070,0,1072,0,1060,0,0,0,1130,0,0,0,0],[0,360,0,384,0,0,0,0,0,0,0,0,0,502,0,0,0,0,0,516,0,540,0,0,0,549,0,568,0,0,0,0,0,0,0,0,0,0,0,289,0,330,0,367,0,0,0,395,0,376,0,0,0,340,0,365,0,379,0,0,0,0,0,0,0,357,0,0,0,0,0,556,0,563,0,554,0,0,0,550,0,510,0,0,0,550,0,0,0,481,0,0,0,0,0,0,0,0,0,463,0,531,0,547,0,555,0,0,0,604,0,499,0,0,0,542,0,0,0,0,0,493,0,492,0,511,0,0,0,660,0,0,0,599,0,570,0,0,0,0,0,0,0,0,0,0,0,564,0,571,0,588,0,0,0,415,0,0,0,0]],"CP":[[0,0,0,0,0,1080,0,996,0,999,0,996,0,0,0,997,0,978,0,0,0,0,0,997,0,0,0,0,0,1036,0,988,0,997,0,971,0,964,0,0,0,0,0,0,0,1073,0,0,0,0,0,968,0,0,0,0,0,0,0,992,0,973,0,980,0,0,0,1017,0,933,0,0,0,0,0,0,0,1060,0,0,0,0,0,1066,0,0,0,1042,0,0,0,1014,0,1007,0,1016,0,1002,0,0,0,0,0,0,0,0,0,1032,0,0,0,0,0,961,0,0,0,956,0,1032,0,0,0,0,0,0,0,1026,0,0,0,965,0,0,0,0,0,954,0,974,0,954,0,953,0,966,0,0,0,0,0,0,0,974,0,0,0,960,0,948],[0,0,0,0,0,439,0,463,0,505,0,501,0,0,0,476,0,538,0,0,0,0,0,529,0,0,0,0,0,541,0,606,0,338,0,299,0,320,0,0,0,0,0,0,0,389,0,0,0,0,0,331,0,0,0,0,0,0,0,338,0,513,0,677,0,0,0,500,0,539,0,0,0,0,0,0,0,548,0,0,0,0,0,476,0,0,0,544,0,0,0,614,0,602,0,591,0,438,0,0,0,0,0,0,0,0,0,456,0,0,0,0,0,343,0,0,0,482,0,704,0,0,0,0,0,0,0,824,0,0,0,708,0,0,0,0,0,779,0,487,0,399,0,590,0,366,0,0,0,0,0,0,0,420,0,0,0,270,0,378]],"VASRT":[0,4.3040273701180825,0,1.9007632209936025,0,0,0,0,0,0,0,0,0,3.5460707758763914,0,0,0,0,0,2.7089894346913783,0,3.18626653457467,0,0,0,2.6025671792410452,0,2.5694289072258836,0,0,0,0,0,0,0,0,0,0,0,4.603720727982787,0,1.3175561339708208,0,1.9182768968226132,0,0,0,2.3858497474048228,0,1.8524118070554356,0,0,0,1.7690900625385866,0,8.556532708152579,0,1.6352578973169325,0,0,0,0,0,0,0,1.2845433903749239,0,0,0,0,0,2.3361794646171896,0,1.252105370031936,0,1.5672789253782775,0,0,0,2.3517421170408932,0,4.0533586031066235,0,0,0,1.4351258053201899,0,0,0,1.4348066513653266,0,0,0,0,0,0,0,0,0,2.8859201007509143,0,0.90087767337587354,0,1.6181101409323151,0,3.4112914043799574,0,0,0,1.9517712429159513,0,1.3010831953956503,0,0,0,3.7700298847887042,0,0,0,0,0,1.6523445303862871,0,1.1251588078081958,0,1.8689630983367485,0,0,0,3.0861551588693419,0,0,0,15.44525914849889,0,1.9180295319964147,0,0,0,0,0,0,0,0,0,0,0,4.1033890622083566,0,1.2728594020170694,0,6.4049481169711555,0,0,0,1.2085859797882836,0,0,0,0],"CPRT":[0,0,0,0,0,2.3358599004387339,0,4.2365418971610476,0,0.93721445874073661,0,8.2065028643862341,0,0,0,2.3350993458984819,0,2.0524639054516665,0,0,0,0,0,1.9015701307997925,0,0,0,0,0,1.300871520021988,0,1.8678846205124102,0,2.1685678479055008,0,0.90057944082422126,0,1.3177456572704953,0,0,0,0,0,0,0,1.6100648358387739,0,0,0,0,0,1.71899150632052,0,0,0,0,0,0,0,1.0851218056401641,0,2.349285287946195,0,2.1844275022100796,0,0,0,1.4347545529690957,0,1.2580950447041159,0,0,0,0,0,0,0,1.4723203682166965,0,0,0,0,0,2.6702085371631807,0,0,0,1.868574616594775,0,0,0,1.0015190579625426,0,0.98493905102976376,0,1.2688605424386561,0,2.9189755076004178,0,0,0,0,0,0,0,0,0,7.7058524548805325,0,0,0,0,0,2.485576333380509,0,0,0,3.4037945682294133,0,3.2980098002416218,0,0,0,0,0,0,0,1.2678362141285107,0,0,0,2.1526507622979905,0,0,0,0,0,1.7190632954491847,0,3.32067465372001,0,2.2018501084015845,0,5.2368495648553246,0,3.2983281337493002,0,0,0,0,0,0,0,2.405398132251984,0,0,0,2.1342936667630692,0,1.5519689706874733],"break_time":183.97602161057884,"after_SBT":236.43192031816943},{"name":"LVHS","s":[6,6,5,4,4,10,2,5,3,4,9,4,6,6,5,3,12,10,11,10,10,12,10,10,12,12,10,12,9,8,9,11,9,4,6,4,5,7,3,4,4,5,5,5,8,4,4,3,12,8,6,6,7,8,8,7,5,10,7,10,5,4,8,4,8,7,2,7,6,2,4,4,3,5,4,4,11,9,11,8],"ms":[6,-1,6,-1,5,0,4,0,4,0,10,0,2,-1,5,0,3,-1,4,-1,9,0,4,-1,6,0,6,0,5,0,3,0,12,0,10,0,11,-1,10,0,10,-1,12,-1,10,-1,10,-1,12,0,12,-1,10,-1,12,-1,9,-1,8,0,9,-1,11,-1,9,0,4,-1,6,-1,4,0,5,-1,7,0,3,0,4,0,4,-1,5,-1,5,-1,5,0,8,-1,4,-1,4,0,3,0,12,-1,8,0,6,0,6,0,7,-1,8,0,8,0,7,-1,5,-1,10,0,7,0,10,-1,5,0,4,-1,8,-1,4,-1,8,0,7,-1,2,-1,7,-1,6,-1,2,0,4,-1,4,-1,3,0,5,0,4,0,4,0,11,0,9,-1,11,0,8,0],"VAS":[[0,1128,0,1137,0,0,0,0,0,0,0,0,0,1125,0,0,0,1122,0,1129,0,0,0,1081,0,0,0,0,0,0,0,0,0,0,0,0,0,1108,0,0,0,1094,0,1087,0,1083,0,1090,0,0,0,1095,0,1115,0,1128,0,1124,0,0,0,1135,0,1127,0,0,0,1102,0,1091,0,0,0,1128,0,0,0,0,0,0,0,1100,0,1082,0,1079,0,0,0,1117,0,1114,0,0,0,0,0,1110,0,0,0,0,0,0,0,1107,0,0,0,0,0,1080,0,1079,0,0,0,0,0,1112,0,0,0,1084,0,1107,0,1210,0,0,0,1197,0,1150,0,1109,0,1101,0,0,0,1072,0,1081,0,0,0,0,0,0,0,0,0,0,0,1158,0,0,0,0],[0,272,0,406,0,0,0,0,0,0,0,0,0,673,0,0,0,550,0,510,0,0,0,573,0,0,0,0,0,0,0,0,0,0,0,0,0,289,0,0,0,287,0,298,0,292,0,287,0,0,0,206,0,253,0,208,0,406,0,0,0,315,0,262,0,0,0,547,0,513,0,0,0,567,0,0,0,0,0,0,0,597,0,557,0,532,0,0,0,479,0,515,0,0,0,0,0,262,0,0,0,0,0,0,0,487,0,0,0,0,0,541,0,555,0,0,0,0,0,406,0,0,0,547,0,446,0,543,0,0,0,447,0,736,0,553,0,544,0,0,0,556,0,561,0,0,0,0,0,0,0,0,0,0,0,277,0,0,0,0]],"CP":[[0,0,0,0,0,1124,0,1125,0,1127,0,1126,0,0,0,1125,0,0,0,0,0,1085,0,0,0,1073,0,1024,0,1040,0,1064,0,1057,0,1044,0,0,0,1069,0,0,0,0,0,0,0,0,0,1091,0,0,0,0,0,0,0,0,0,1069,0,0,0,0,0,1084,0,0,0,0,0,1163,0,0,0,1113,0,1103,0,1099,0,0,0,0,0,0,0,1079,0,0,0,0,0,1106,0,1092,0,0,0,1114,0,1110,0,1112,0,0,0,1112,0,1006,0,0,0,0,0,1071,0,1055,0,0,0,1070,0,0,0,0,0,0,0,1013,0,0,0,0,0,0,0,0,0,1067,0,0,0,0,0,1046,0,982,0,973,0,960,0,979,0,0,0,972,0,987],[0,0,0,0,0,384,0,431,0,485,0,467,0,0,0,612,0,0,0,0,0,388,0,0,0,515,0,487,0,492,0,500,0,371,0,371,0,0,0,376,0,0,0,0,0,0,0,0,0,225,0,0,0,0,0,0,0,0,0,275,0,0,0,0,0,285,0,0,0,0,0,500,0,0,0,470,0,509,0,553,0,0,0,0,0,0,0,508,0,0,0,0,0,552,0,545,0,0,0,310,0,684,0,607,0,0,0,456,0,447,0,0,0,0,0,372,0,550,0,0,0,538,0,0,0,0,0,0,0,403,0,0,0,0,0,0,0,0,0,665,0,0,0,0,0,703,0,613,0,712,0,449,0,315,0,0,0,299,0,416]],"VASRT":[0,4.1303362397674857,0,1.3845214434127322,0,0,0,0,0,0,0,0,0,2.5522795099468967,0,0,0,5.8215789916293872,0,2.9531163660753292,0,0,0,3.6531432357206297,0,0,0,0,0,0,0,0,0,0,0,0,0,8.7082584162497767,0,0,0,3.2365775866135835,0,1.9330703800106248,0,1.393659173932752,0,2.0319473929265146,0,0,0,2.5700048611495694,0,3.0192788679469746,0,3.2368614613395033,0,3.886345502616201,0,0,0,3.2659774910314865,0,1.4851968765575676,0,0,0,1.4336662297785407,0,1.4681188581836531,0,0,0,6.1382543755473922,0,0,0,0,0,0,0,5.2042757605032621,0,5.0084834238901914,0,2.1518934895464774,0,0,0,3.2026488137359266,0,3.5364727744857336,0,0,0,0,0,2.1195994576844108,0,0,0,0,0,0,0,2.0256541527959815,0,0,0,0,0,5.0534644407934541,0,2.986336682808965,0,0,0,0,0,2.4519634326689763,0,0,0,7.3052502466469349,0,3.8708054124900779,0,3.3692397941498013,0,0,0,5.5665704692342564,0,3.3693669634634356,0,5.4544128777390117,0,1.3682318747833506,0,0,0,3.9580484843263819,0,3.6855685391322539,0,0,0,0,0,0,0,0,0,0,0,2.0019403575919053,0,0,0,0],