{"ORDER":[3,2,4,1],"Sens":10,"Threshold":48,"sequences":[{"name":"LVLS","s":[6,5,6,6,5,5,6,6,6,6,5,6,5,5,5,9,8,9,8,9,8,8,9,9,9,9,8,8,8,9,4,4,4,5,4,4,4,4,4,4,5,4,5,4,5,8,8,7,7,8,7,8,7,8,8,8,7,7,8,8,11,10,11,11,10,10,11,11,11,10,10,11,11,10,11,3,3,4,4,4],"ms":[6,0,5,-1,6,0,6,-1,5,0,5,-1,6,0,6,-1,6,0,6,-1,5,0,6,-1,5,0,5,-1,5,0,9,-1,8,0,9,-1,8,0,9,-1,8,0,8,-1,9,0,9,-1,9,0,9,-1,8,0,8,-1,8,0,9,-1,4,0,4,-1,4,0,5,-1,4,0,4,-1,4,0,4,-1,4,0,4,-1,5,0,4,-1,5,0,4,-1,5,0,8,-1,8,0,7,-1,7,0,8,-1,7,0,8,-1,7,0,8,-1,8,0,8,-1,7,0,7,-1,8,0,8,-1,11,0,10,-1,11,0,11,-1,10,0,10,-1,11,0,11,-1,11,0,10,-1,10,0,11,-1,11,0,10,-1,11,0,3,-1,3,0,4,-1,4,0,4,-1],"VAS":[[0,0,0,1115,0,0,0,1144,0,0,0,1185,0,0,0,1141,0,0,0,1109,0,0,0,1127,0,0,0,1125,0,0,0,1107,0,0,0,1052,0,0,0,1087,0,0,0,1093,0,0,0,1127,0,0,0,1158,0,0,0,1105,0,0,0,1088,0,0,0,1104,0,0,0,1129,0,0,0,1123,0,0,0,1023,0,0,0,1136,0,0,0,1138,0,0,0,1024,0,0,0,1108,0,0,0,1111,0,0,0,1105,0,0,0,1123,0,0,0,1099,0,0,0,1147,0,0,0,1115,0,0,0,1133,0,0,0,1175,0,0,0,1128,0,0,0,1146,0,0,0,1136,0,0,0,1197,0,0,0,1143,0,0,0,1192,0,0,0,947,0,0,0,949,0,0,0,1025],[0,0,0,570,0,0,0,748,0,0,0,895,0,0,0,1002,0,0,0,1018,0,0,0,991,0,0,0,943,0,0,0,641,0,0,0,553,0,0,0,580,0,0,0,582,0,0,0,559,0,0,0,519,0,0,0,583,0,0,0,527,0,0,0,700,0,0,0,775,0,0,0,998,0,0,0,997,0,0,0,990,0,0,0,957,0,0,0,985,0,0,0,879,0,0,0,738,0,0,0,654,0,0,0,875,0,0,0,960,0,0,0,648,0,0,0,929,0,0,0,732,0,0,0,532,0,0,0,424,0,0,0,544,0,0,0,511,0,0,0,494,0,0,0,451,0,0,0,417,0,0,0,1005,0,0,0,1046,0,0,0,992]],"CP":[[0,706,0,0,0,767,0,0,0,754,0,0,0,870,0,0,0,862,0,0,0,933,0,0,0,830,0,0,0,821,0,0,0,863,0,0,0,847,0,0,0,830,0,0,0,826,0,0,0,828,0,0,0,850,0,0,0,796,0,0,0,802,0,0,0,820,0,0,0,836,0,0,0,915,0,0,0,911,0,0,0,717,0,0,0,760,0,0,0,801,0,0,0,796,0,0,0,789,0,0,0,801,0,0,0,819,0,0,0,787,0,0,0,794,0,0,0,773,0,0,0,805,0,0,0,849,0,0,0,854,0,0,0,869,0,0,0,921,0,0,0,924,0,0,0,883,0,0,0,899,0,0,0,814,0,0,0,825,0,0],[0,503,0,0,0,650,0,0,0,846,0,0,0,958,0,0,0,1004,0,0,0,1050,0,0,0,911,0,0,0,998,0,0,0,650,0,0,0,535,0,0,0,535,0,0,0,631,0,0,0,529,0,0,0,637,0,0,0,633,0,0,0,676,0,0,0,846,0,0,0,985,0,0,0,1022,0,0,0,1002,0,0,0,731,0,0,0,916,0,0,0,996,0,0,0,642,0,0,0,742,0,0,0,868,0,0,0,970,0,0,0,828,0,0,0,798,0,0,0,645,0,0,0,568,0,0,0,465,0,0,0,547,0,0,0,529,0,0,0,475,0,0,0,524,0,0,0,461,0,0,0,432,0,0,0,935,0,0,0,1010,0,0]],"VASRT":[0,0,0,1.3850853709664055,0,0,0,1.4847783620227804,0,0,0,0.86733923667829782,0,0,0,1.5354069427340533,0,0,0,1.9862014165730681,0,0,0,2.1517926221041517,0,0,0,0.89997924284801256,0,0,0,1.217934097273101,0,0,0,0.95091589907593754,0,0,0,1.1783031151316357,0,0,0,0.91828081555096286,0,0,0,1.3682975115210398,0,0,0,1.1180396880027763,0,0,0,1.6350572708693472,0,0,0,1.1008067394288255,0,0,0,1.6188125432269742,0,0,0,0.851280749095259,0,0,0,1.6013437179258929,0,0,0,1.1175273227294096,0,0,0,1.0011609237178767,0,0,0,1.1176938722097833,0,0,0,1.0513476970637246,0,0,0,1.4852558585625713,0,0,0,1.3173112186253186,0,0,0,1.3513418719341153,0,0,0,0.96732020245196937,0,0,0,1.1178095543611761,0,0,0,1.1177000255157086,0,0,0,2.0693699096776736,0,0,0,1.0908941738038178,0,0,0,1.3679886155635976,0,0,0,1.5418580686659715,0,0,0,0.98454576705881,0,0,0,1.2351477654884864,0,0,0,1.0688924131378825,0,0,0,1.2511791785254547,0,0,0,1.3183113359483516,0,0,0,3.6862634418967937,0,0,0,1.9017571380399834,0,0,0,1.2521001233122508],"CPRT":[0,1.684325150530374,0,0,0,1.1511260139622614,0,0,0,1.5421300447878628,0,0,0,2.0513419539781945,0,0,0,2.0513944621887554,0,0,0,2.2624696744572987,0,0,0,0.95126294553011548,0,0,0,1.4581964906465648,0,0,0,2.4203614533944506,0,0,0,1.1668821691141782,0,0,0,1.1921911266046796,0,0,0,1.0509715249615008,0,0,0,0.91758344087944688,0,0,0,2.0080821622224758,0,0,0,1.4681061847288075,0,0,0,2.0624363645612243,0,0,0,1.1005417370536494,0,0,0,0.85030770631829655,0,0,0,1.4103381282627905,0,0,0,1.401087248134933,0,0,0,1.034304270312268,0,0,0,2.2849202162353746,0,0,0,2.9182545614456825,0,0,0,1.3017236640557506,0,0,0,1.0514818391328926,0,0,0,1.2508210561206115,0,0,0,1.0176115819985445,0,0,0,1.4826936219753424,0,0,0,2.019425576585276,0,0,0,1.3348932647554226,0,0,0,2.3865186810265682,0,0,0,1.91771553184664,0,0,0,1.2858801319596966,0,0,0,2.5026487930905756,0,0,0,1.5598954594345358,0,0,0,2.4297920100553223,0,0,0,1.1382524775260756,0,0,0,2.2020684132757165,0,0,0,1.21811008182256,0,0,0,1.6020320677487188,0,0],"break_time":183.62005756212582,"after_SBT":"Last"},{"name":"LVHS","s":[8,5,10,6,5,5,7,6,5,4,7,7,3,7,3,7,6,11,9,11,8,8,11,8,11,6,7,8,7,8,5,6,4,4,5,1,2,5,7,5,4,6,4,5,5,6,5,11,8,9,6,7,10,7,8,8,5,9,9,7,12,7,12,7,11,9,8,8,9,11,11,10,12,13,9,5,4,1,6,1],"ms":[8,0,5,-1,10,0,6,-1,5,0,5,-1,7,0,6,-1,5,0,4,-1,7,0,7,-1,3,0,7,-1,3,0,7,-1,6,0,11,-1,9,0,11,-1,8,0,8,-1,11,0,8,-1,11,0,6,-1,7,0,8,-1,7,0,8,-1,5,0,6,-1,4,0,4,-1,5,0,1,-1,2,0,5,-1,7,0,5,-1,4,0,6,-1,4,0,5,-1,5,0,6,-1,5,0,11,-1,8,0,9,-1,6,0,7,-1,10,0,7,-1,8,0,8,-1,5,0,9,-1,9,0,7,-1,12,0,7,-1,12,0,7,-1,11,0,9,-1,8,0,8,-1,9,0,11,-1,11,0,10,-1,12,0,13,-1,9,0,5,-1,4,0,1,-1,6,0,1,-1],"VAS":[[0,0,0,1106,0,0,0,1112,0,0,0,1070,0,0,0,1083,0,0,0,1008,0,0,0,1107,0,0,0,1076,0,0,0,1055,0,0,0,1104,0,0,0,1200,0,0,0,1105,0,0,0,1094,0,0,0,1107,0,0,0,1101,0,0,0,1010,0,0,0,1103,0,0,0,1005,0,0,0,1034,0,0,0,1103,0,0,0,1010,0,0,0,1208,0,0,0,1040,0,0,0,989,0,0,0,1114,0,0,0,1118,0,0,0,1124,0,0,0,1109,0,0,0,1167,0,0,0,1147,0,0,0,1095,0,0,0,1093,0,0,0,1085,0,0,0,1173,0,0,0,1103,0,0,0,1185,0,0,0,1156,0,0,0,1188,0,0,0,1195,0,0,0,1076,0,0,0,1042],[0,0,0,578,0,0,0,665,0,0,0,812,0,0,0,765,0,0,0,928,0,0,0,815,0,0,0,858,0,0,0,708,0,0,0,533,0,0,0,436,0,0,0,628,0,0,0,575,0,0,0,712,0,0,0,750,0,0,0,832,0,0,0,930,0,0,0,997,0,0,0,1033,0,0,0,859,0,0,0,815,0,0,0,704,0,0,0,683,0,0,0,654,0,0,0,523,0,0,0,538,0,0,0,580,0,0,0,626,0,0,0,680,0,0,0,684,0,0,0,639,0,0,0,571,0,0,0,602,0,0,0,536,0,0,0,551,0,0,0,481,0,0,0,466,0,0,0,367,0,0,0,879,0,0,0,975,0,0,0,1041]],"CP":[[0,714,0,0,0,804,0,0,0,848,0,0,0,883,0,0,0,904,0,0,0,902,0,0,0,818,0,0,0,870,0,0,0,862,0,0,0,890,0,0,0,871,0,0,0,876,0,0,0,913,0,0,0,873,0,0,0,820,0,0,0,823,0,0,0,855,0,0,0,822,0,0,0,830,0,0,0,859,0,0,0,708,0,0,0,711,0,0,0,757,0,0,0,719,0,0,0,707,0,0,0,724,0,0,0,714,0,0,0,726,0,0,0,768,0,0,0,765,0,0,0,742,0,0,0,767,0,0,0,766,0,0,0,775,0,0,0,785,0,0,0,759,0,0,0,720,0,0,0,723,0,0,0,754,0,0,0,805,0,0],[0,452,0,0,0,582,0,0,0,689,0,0,0,800,0,0,0,846,0,0,0,909,0,0,0,1035,0,0,0,858,0,0,0,643,0,0,0,446,0,0,0,748,0,0,0,527,0,0,0,549,0,0,0,951,0,0,0,845,0,0,0,966,0,0,0,964,0,0,0,1033,0,0,0,1050,0,0,0,720,0,0,0,655,0,0,0,725,0,0,0,614,0,0,0,752,0,0,0,466,0,0,0,503,0,0,0,455,0,0,0,693,0,0,0,881,0,0,0,527,0,0,0,434,0,0,0,553,0,0,0,551,0,0,0,589,0,0,0,693,0,0,0,411,0,0,0,395,0,0,0,338,0,0,0,1006,0,0,0,601,0,0]],"VASRT":[0,0,0,1.7180112187073626,0,0,0,1.0168366756723717,0,0,0,1.2843479587843365,0,0,0,1.2762678476638358,0,0,0,2.9856529519049406,0,0,0,1.6178788816079326,0,0,0,1.1840921453460087,0,0,0,1.0677105681798602,0,0,0,2.342666120800061,0,0,0,1.7509556084101745,0,0,0,0.87901082735710589,0,0,0,2.1347213003658347,0,0,0,1.6348423153823624,0,0,0,1.1174354333609275,0,0,0,4.80366277586296,0,0,0,1.06835502442042,0,0,0,3.1528366330094508,0,0,0,2.3351156042095176,0,0,0,1.7015470231536596,0,0,0,2.1499823195009751,0,0,0,1.3347103064592483,0,0,0,1.3518431612568169,0,0,0,1.4178628009684484,0,0,0,2.2686730272706312,0,0,0,1.5843946418652886,0,0,0,1.0676469840186338,0,0,0,1.9851701225000145,0,0,0,1.3672522699545557,0,0,0,2.3354675733084358,0,0,0,1.359944603837858,0,0,0,2.6022925576995495,0,0,0,1.1623804104993449,0,0,0,1.7522658523518346,0,0,0,1.8351914949825943,0,0,0,1.8396809469855775,0,0,0,1.5677462573542262,0,0,0,1.2510889300385526,0,0,0,1.7843052958632555,0,0,0,1.66805006657877,0,0,0,3.0870840467749705],