{"ORDER":[4,2,3,1],"Sens":10,"Threshold":48,"sequences":[{"name":"LVLS","s":[7,7,6,7,6,7,6,6,6,6,7,6,6,7,7,6,7,10,11,11,10,10,11,11,11,10,10,10,10,11,6,6,5,6,6,6,5,5,6,5,6,5,6,9,8,9,9,9,9,9,9,8,9,9,9,8,8,4,5,4,4,4,5,4,4,5,4,5,4,4,5,4,4,7,8,7,7,8,8,7],"ms":[7,-1,7,0,6,0,7,-1,6,-1,7,0,6,0,6,-1,6,-1,6,0,7,-1,6,0,6,0,7,0,7,0,6,-1,7,-1,10,0,11,-1,11,-1,10,0,10,0,11,-1,11,0,11,-1,10,0,10,0,10,-1,10,0,11,-1,6,-1,6,-1,5,0,6,-1,6,0,6,0,5,-1,5,-1,6,-1,5,-1,6,0,5,0,6,0,9,-1,8,0,9,-1,9,-1,9,-1,9,0,9,0,9,0,8,0,9,-1,9,-1,9,-1,8,0,8,-1,4,0,5,-1,4,0,4,-1,4,-1,5,0,4,-1,4,-1,5,0,4,-1,5,0,4,0,4,0,5,-1,4,-1,4,-1,7,0,8,0,7,0,7,0,8,0,8,-1,7,-1],"VAS":[[0,949,0,0,0,0,0,1000,0,1060,0,0,0,0,0,1006,0,1104,0,0,0,1073,0,0,0,0,0,0,0,0,0,1005,0,1001,0,0,0,1013,0,1025,0,0,0,0,0,1010,0,0,0,1127,0,0,0,0,0,1086,0,0,0,1109,0,1079,0,1070,0,0,0,1057,0,0,0,0,0,1008,0,1000,0,939,0,1009,0,0,0,0,0,0,0,999,0,0,0,1020,0,1006,0,976,0,0,0,0,0,0,0,0,0,1013,0,1078,0,1176,0,0,0,1128,0,0,0,1041,0,0,0,1005,0,1014,0,0,0,901,0,951,0,0,0,1040,0,0,0,0,0,0,0,1110,0,1108,0,1049,0,0,0,0,0,0,0,0,0,0,0,901,0,955],[0,566,0,0,0,0,0,602,0,674,0,0,0,0,0,751,0,780,0,0,0,781,0,0,0,0,0,0,0,0,0,808,0,854,0,0,0,654,0,530,0,0,0,0,0,619,0,0,0,544,0,0,0,0,0,517,0,0,0,545,0,624,0,649,0,0,0,858,0,0,0,0,0,928,0,944,0,912,0,934,0,0,0,0,0,0,0,655,0,0,0,660,0,683,0,679,0,0,0,0,0,0,0,0,0,654,0,595,0,619,0,0,0,629,0,0,0,854,0,0,0,905,0,863,0,0,0,832,0,964,0,0,0,850,0,0,0,0,0,0,0,885,0,880,0,954,0,0,0,0,0,0,0,0,0,0,0,627,0,596]],"CP":[[0,0,0,1010,0,1005,0,0,0,0,0,1009,0,1009,0,0,0,0,0,1105,0,0,0,997,0,1007,0,945,0,1003,0,0,0,0,0,1014,0,0,0,0,0,949,0,1000,0,0,0,1003,0,0,0,1032,0,1016,0,0,0,1073,0,0,0,0,0,0,0,705,0,0,0,705,0,806,0,0,0,0,0,0,0,0,0,954,0,959,0,959,0,0,0,962,0,0,0,0,0,0,0,998,0,1004,0,991,0,1007,0,0,0,0,0,0,0,1137,0,0,0,842,0,0,0,1015,0,0,0,0,0,962,0,0,0,0,0,964,0,0,0,1062,0,993,0,1028,0,0,0,0,0,0,0,1009,0,905,0,911,0,909,0,903,0,0,0,0],[0,0,0,554,0,611,0,0,0,0,0,694,0,696,0,0,0,0,0,758,0,0,0,752,0,842,0,824,0,801,0,0,0,0,0,762,0,0,0,0,0,567,0,526,0,0,0,552,0,0,0,547,0,550,0,0,0,534,0,0,0,0,0,0,0,912,0,0,0,817,0,838,0,0,0,0,0,0,0,0,0,795,0,899,0,882,0,0,0,685,0,0,0,0,0,0,0,651,0,624,0,624,0,624,0,0,0,0,0,0,0,649,0,0,0,690,0,0,0,880,0,0,0,0,0,856,0,0,0,0,0,869,0,0,0,840,0,850,0,907,0,0,0,0,0,0,0,888,0,855,0,805,0,724,0,695,0,0,0,0]],"VASRT":[0,7.8482081983366383,0,0,0,0,0,3.1031474570027493,0,2.4020196790927892,0,0,0,0,0,1.4519496544713613,0,3.1192280964871189,0,0,0,1.9013698899870946,0,0,0,0,0,0,0,0,0,1.9871276942249994,0,1.6688155378358578,0,0,0,4.4867260884582851,0,1.5185501662623262,0,0,0,0,0,1.5517521743732037,0,0,0,1.9186697044854319,0,0,0,0,0,1.5014132092608075,0,0,0,1.6355987617907597,0,1.9022046884909387,0,1.0844393558883445,0,0,0,2.0516188527448258,0,0,0,0,0,2.5354692962340946,0,1.8683816067020167,0,4.21986910687636,0,3.8200744632061019,0,0,0,0,0,0,0,1.6187957241907787,0,0,0,1.2187069524972987,0,2.0291892322068956,0,2.1779901169702436,0,0,0,0,0,0,0,0,0,2.7030968358060052,0,1.2512661452491967,0,2.5854050146981966,0,0,0,1.3851309054302514,0,0,0,3.5591722408781341,0,0,0,1.935257786598428,0,0.98425081859479824,0,0,0,3.0517107421133076,0,4.6196879535499242,0,0,0,1.0515564992447843,0,0,0,0,0,0,0,2.1348841578626532,0,1.7513888011473044,0,3.1031716600060548,0,0,0,0,0,0,0,0,0,0,0,1.7563651847591637,0,1.5692665341381311],"CPRT":[0,0,0,3.5216981975736283,0,2.0182929580746554,0,0,0,0,0,4.5701505590893765,0,3.5537409228482093,0,0,0,0,0,1.5993562001120722,0,0,0,3.3862495764474421,0,1.9849190676182686,0,4.0256629776913941,0,2.088380753443595,0,0,0,0,0,3.0016199603398923,0,0,0,0,0,1.5413760597018353,0,5.90468447077877,0,0,0,1.9183197864884889,0,0,0,1.7844057998600329,0,2.5682303174203374,0,0,0,1.3180602810666058,0,0,0,0,0,0,0,7.2555324373572949,0,0,0,4.0529389419759658,0,3.9197752484499824,0,0,0,0,0,0,0,0,0,6.7055651319227767,0,1.7517022095290915,0,1.8904797691607793,0,0,0,2.1010766644487417,0,0,0,0,0,0,0,1.4020340368066146,0,1.4271378840996114,0,1.2177843668289225,0,1.3151468958212489,0,0,0,0,0,0,0,1.4014962378687574,0,0,0,2.500788853819603,0,0,0,1.2345615605440179,0,0,0,0,0,1.3026068685662058,0,0,0,0,0,1.8516503576711625,0,0,0,1.6351524420009895,0,2.0679960815747869,0,1.6847275767378782,0,0,0,0,0,0,0,2.1617334929364151,0,2.6522344294695768,0,1.3515999005625763,0,8.1718212226700917,0,1.9195988536801283,0,0,0,0],"break_time":159.61863491779593,"after_SBT":"Last"},{"name":"LVHS","s":[1,4,4,6,3,5,3,2,3,6,3,2,2,2,4,7,10,6,9,5,8,7,8,9,8,9,8,5,6,6,6,3,2,8,4,6,3,2,8,7,5,5,6,4,4,6,7,10,6,10,9,8,8,7,7,7,10,9,9,4,7,6,7,7,4,2,5,4,5,5,6,5,5,7,3,10,10,10,10,7],"ms":[1,-1,4,-1,4,-1,6,-1,3,0,5,0,3,-1,2,-1,3,0,6,0,3,-1,2,0,2,0,2,-1,4,-1,7,-1,10,-1,6,-1,9,0,5,-1,8,-1,7,0,8,-1,9,0,8,0,9,-1,8,-1,5,0,6,0,6,-1,6,0,3,-1,2,0,8,0,4,-1,6,-1,3,-1,2,0,8,0,7,0,5,0,5,-1,6,0,4,-1,4,-1,6,0,7,0,10,-1,6,0,10,0,9,0,8,-1,8,0,7,-1,7,0,7,0,10,-1,9,-1,9,0,4,0,7,-1,6,-1,7,0,7,0,4,-1,2,-1,5,-1,4,-1,5,0,5,-1,6,0,5,-1,5,0,7,0,3,0,10,0,10,-1,10,-1,10,0,7,0],"VAS":[[0,911,0,977,0,1006,0,1002,0,0,0,0,0,1106,0,1111,0,0,0,0,0,1062,0,0,0,0,0,1137,0,1067,0,1156,0,1146,0,1156,0,0,0,1142,0,1055,0,0,0,1122,0,0,0,0,0,1131,0,1113,0,0,0,0,0,959,0,0,0,1105,0,0,0,0,0,1107,0,1104,0,1061,0,0,0,0,0,0,0,0,0,1122,0,0,0,1066,0,1107,0,0,0,0,0,1059,0,0,0,0,0,0,0,1082,0,0,0,1108,0,0,0,0,0,1088,0,1047,0,0,0,0,0,1062,0,1018,0,0,0,0,0,954,0,954,0,1008,0,1073,0,0,0,1053,0,0,0,1057,0,0,0,0,0,0,0,0,0,1082,0,1102,0,0,0,0],[0,886,0,754,0,805,0,846,0,0,0,0,0,876,0,916,0,0,0,0,0,857,0,0,0,0,0,885,0,896,0,832,0,648,0,690,0,0,0,699,0,717,0,0,0,656,0,0,0,0,0,614,0,641,0,0,0,0,0,700,0,0,0,778,0,0,0,0,0,925,0,880,0,927,0,0,0,0,0,0,0,0,0,856,0,0,0,952,0,978,0,0,0,0,0,655,0,0,0,0,0,0,0,633,0,0,0,685,0,0,0,0,0,625,0,601,0,0,0,0,0,731,0,725,0,0,0,0,0,884,0,906,0,891,0,859,0,0,0,972,0,0,0,954,0,0,0,0,0,0,0,0,0,572,0,544,0,0,0,0]],"CP":[[0,0,0,0,0,0,0,0,0,849,0,892,0,0,0,0,0,1109,0,1111,0,0,0,859,0,907,0,0,0,0,0,0,0,0,0,0,0,837,0,0,0,0,0,840,0,0,0,952,0,1005,0,0,0,0,0,904,0,853,0,0,0,900,0,0,0,911,0,891,0,0,0,0,0,0,0,901,0,907,0,907,0,805,0,0,0,1109,0,0,0,0,0,979,0,1057,0,0,0,895,0,947,0,997,0,0,0,907,0,0,0,1109,0,1014,0,0,0,0,0,1006,0,878,0,0,0,0,0,903,0,905,0,0,0,0,0,0,0,0,0,948,0,0,0,1068,0,0,0,990,0,944,0,949,0,1006,0,0,0,0,0,938,0,1037],[0,0,0,0,0,0,0,0,0,855,0,843,0,0,0,0,0,826,0,791,0,0,0,870,0,876,0,0,0,0,0,0,0,0,0,0,0,661,0,0,0,0,0,672,0,0,0,623,0,647,0,0,0,0,0,683,0,647,0,0,0,701,0,0,0,865,0,814,0,0,0,0,0,0,0,887,0,807,0,785,0,805,0,0,0,816,0,0,0,0,0,907,0,891,0,0,0,655,0,613,0,577,0,0,0,625,0,0,0,647,0,629,0,0,0,0,0,592,0,696,0,0,0,0,0,714,0,751,0,0,0,0,0,0,0,0,0,888,0,0,0,920,0,0,0,926,0,820,0,881,0,657,0,0,0,0,0,538,0,624]],"VASRT":[0,6.7604120089559316,0,2.8078650735894368,0,3.1530027722694296,0,3.7691332945538321,0,0,0,0,0,2.8355561809137577,0,2.5854402936521677,0,0,0,0,0,2.4691903972328175,0,0,0,0,0,7.5556324490895976,0,2.3527649264844031,0,3.8532502172116994,0,1.5680338218511278,0,1.4667696866818667,0,0,0,2.2514708452263061,0,3.0853726072869909,0,0,0,6.12167013849861,0,0,0,0,0,2.1553032882446423,0,1.3685145181099998,0,0,0,0,0,6.1168246151927583,0,0,0,3.2525759789704618,0,0,0,0,0,3.5028715427650661,0,3.5022656472416371,0,4.2360149714035362,0,0,0,0,0,0,0,0,0,3.1692487305729875,0,0,0,2.9356343689210465,0,2.2409408979068095,0,0,0,0,0,2.085555565583165,0,0,0,0,0,0,0,2.1195259164938953,0,0,0,4.0361970272148415,0,0,0,0,0,1.2844985096693049,0,1.9851299209013034,0,0,0,0,0,3.0195092615458581,0,1.952375053020986,0,0,0,0,0,5.65169663053172,0,1.5514843004552625,0,2.5521800342451986,0,3.343098082876006,0,0,0,5.6036520280886108,0,0,0,3.7198104453598742,0,0,0,0,0,0,0,0,0,2.703053352444134,0,1.6007054149912583,0,0,0,0],