{"ORDER":[1,3,2,4],"Sens":10,"Threshold":48,"sequences":[{"name":"LVLS","s":[7,7,8,7,8,7,8,8,8,8,7,8,8,7,7,8,7,4,3,3,4,4,3,3,3,4,4,4,4,3,8,8,9,8,8,8,9,9,8,9,8,9,8,5,6,5,5,5,5,5,5,6,5,5,5,6,6,10,9,10,10,10,9,10,10,9,10,9,10,10,9,10,10,7,6,7,7,6,6,7],"ms":[7,0,7,-1,8,-1,7,-1,8,0,7,0,8,0,8,-1,8,-1,8,-1,7,-1,8,0,8,0,7,-1,7,0,8,-1,7,0,4,0,3,0,3,-1,4,0,4,-1,3,0,3,0,3,0,4,0,4,0,4,-1,4,-1,3,-1,8,-1,8,-1,9,-1,8,0,8,-1,8,0,9,-1,9,0,8,-1,9,0,8,0,9,0,8,0,5,-1,6,-1,5,-1,5,0,5,-1,5,0,5,-1,5,0,6,0,5,-1,5,0,5,-1,6,-1,6,-1,10,-1,9,0,10,0,10,0,10,-1,9,-1,10,0,10,-1,9,0,10,0,9,0,10,-1,10,-1,9,0,10,-1,10,-1,7,-1,6,0,7,-1,7,0,6,0,6,0,7,-1],"VAS":[[0,0,0,1009,0,1010,0,1112,0,0,0,0,0,0,0,991,0,1214,0,1207,0,1213,0,0,0,0,0,1105,0,0,0,1211,0,0,0,0,0,0,0,1212,0,0,0,1207,0,0,0,0,0,0,0,0,0,0,0,1214,0,1214,0,1214,0,1214,0,1108,0,1013,0,0,0,1008,0,0,0,1003,0,0,0,1012,0,0,0,0,0,0,0,0,0,1214,0,1214,0,1214,0,0,0,1214,0,0,0,1108,0,0,0,0,0,1210,0,0,0,1214,0,1212,0,1214,0,1007,0,0,0,0,0,0,0,1212,0,1109,0,0,0,1106,0,0,0,0,0,0,0,1107,0,1107,0,0,0,1106,0,1108,0,1008,0,0,0,1211,0,0,0,0,0,0,0,1212],[0,0,0,752,0,656,0,866,0,0,0,0,0,0,0,654,0,756,0,863,0,859,0,0,0,0,0,960,0,0,0,854,0,0,0,0,0,0,0,960,0,0,0,948,0,0,0,0,0,0,0,0,0,0,0,1057,0,953,0,1057,0,755,0,660,0,550,0,0,0,753,0,0,0,755,0,0,0,754,0,0,0,0,0,0,0,0,0,960,0,957,0,961,0,0,0,965,0,0,0,924,0,0,0,0,0,985,0,0,0,1001,0,992,0,980,0,639,0,0,0,0,0,0,0,567,0,649,0,0,0,570,0,0,0,0,0,0,0,750,0,756,0,0,0,653,0,605,0,886,0,0,0,823,0,0,0,0,0,0,0,859]],"CP":[[0,706,0,0,0,0,0,0,0,1016,0,1206,0,911,0,0,0,0,0,0,0,0,0,705,0,999,0,0,0,1110,0,0,0,1214,0,1211,0,1214,0,0,0,1214,0,0,0,1212,0,1214,0,1214,0,1214,0,1214,0,0,0,0,0,0,0,0,0,0,0,0,0,901,0,0,0,1011,0,0,0,1006,0,0,0,1105,0,1108,0,1209,0,1116,0,0,0,0,0,0,0,706,0,0,0,1012,0,0,0,1116,0,1208,0,0,0,1012,0,0,0,0,0,0,0,0,0,906,0,1009,0,1110,0,0,0,0,0,1214,0,0,0,1001,0,1114,0,1008,0,0,0,0,0,1106,0,0,0,0,0,0,0,1108,0,0,0,903,0,1120,0,1214,0,0],[0,752,0,0,0,0,0,0,0,654,0,651,0,547,0,0,0,0,0,0,0,0,0,752,0,856,0,0,0,953,0,0,0,951,0,958,0,960,0,0,0,962,0,0,0,960,0,962,0,959,0,1057,0,1052,0,0,0,0,0,0,0,0,0,0,0,0,0,651,0,0,0,656,0,0,0,654,0,0,0,656,0,649,0,653,0,748,0,0,0,0,0,0,0,957,0,0,0,958,0,0,0,954,0,994,0,0,0,983,0,0,0,0,0,0,0,0,0,626,0,615,0,552,0,0,0,0,0,655,0,0,0,753,0,655,0,730,0,0,0,0,0,651,0,0,0,0,0,0,0,957,0,0,0,928,0,961,0,977,0,0]],"VASRT":[0,0,0,4.82138372519942,0,2.6191553906456715,0,3.1529329961295405,0,0,0,0,0,0,0,4.18157562779593,0,2.2849540241908852,0,1.7852405653701551,0,1.5513967087761185,0,0,0,0,0,6.4559073222860119,0,0,0,2.45192076941537,0,0,0,0,0,0,0,2.2588740593060246,0,0,0,2.3602538463589577,0,0,0,0,0,0,0,0,0,0,0,1.96982313209815,0,1.857310286971914,0,2.2520873201938718,0,2.4691386740342822,0,1.9018663122334829,0,2.5785477674606545,0,0,0,2.3579262376958563,0,0,0,3.7729236020092753,0,0,0,2.285333891237419,0,0,0,0,0,0,0,0,0,1.7913459230953832,0,1.5368411552716807,0,1.6011067832522117,0,0,0,1.9181587524280108,0,0,0,4.0862367933642227,0,0,0,0,0,1.6850077634814855,0,0,0,2.976586078241946,0,1.8184998533450658,0,2.2366485552950635,0,3.1859215365334874,0,0,0,0,0,0,0,1.969749702075116,0,2.9525207214192095,0,0,0,2.4021290604443952,0,0,0,0,0,0,0,2.9194677759112606,0,2.8689635085603409,0,0,0,1.7515776173803532,0,2.3339806661620917,0,2.8523051489214195,0,0,0,4.2876811906329548,0,0,0,0,0,0,0,2.1024562137593095],"CPRT":[0,8.0220064446126358,0,0,0,0,0,0,0,2.1931082436482003,0,1.3511198078512694,0,2.0012150822805972,0,0,0,0,0,0,0,0,0,6.0216031948213375,0,4.6869329428004738,0,0,0,4.8564336391550214,0,0,0,3.1278416701022893,0,4.5033332717997947,0,2.585622073311058,0,0,0,2.0022915089869735,0,0,0,2.135556334980381,0,4.1534781832837986,0,1.1354882378640478,0,1.3912056266267929,0,1.7516219215283291,0,0,0,0,0,0,0,0,0,0,0,0,0,4.1196757592725914,0,0,0,2.6278927429395393,0,0,0,2.7790974670744291,0,0,0,2.7390132891932746,0,3.4912747493021072,0,2.2343726348046005,0,2.8021668010148932,0,0,0,0,0,0,0,2.8861658246827435,0,0,0,2.9191880034212647,0,0,0,3.302669119803749,0,2.6027845977450008,0,0,0,3.5818742705711748,0,0,0,0,0,0,0,0,0,3.6531699002541336,0,3.0866839370799055,0,2.1523012517972919,0,0,0,0,0,1.9350037638014599,0,0,0,2.4030237580993519,0,3.6363950371149794,0,3.2021889530888812,0,0,0,0,0,2.0017528854101929,0,0,0,0,0,0,0,3.4854356266883264,0,0,0,3.7030592424400921,0,3.10293248335005,0,2.418570001579361,0,0],"break_time":200.69950383456504,"after_SBT":234.909804959193},{"name":"LVHS","s":[7,4,6,11,6,7,10,7,7,9,5,10,8,10,8,8,8,2,3,5,2,5,4,5,4,3,5,3,6,3,11,8,8,11,11,9,9,8,9,10,6,6,8,6,3,6,8,4,3,4,5,5,6,3,4,4,7,10,9,6,11,10,10,11,7,11,6,8,10,8,7,10,9,7,6,6,6,9,6,5],"ms":[7,0,4,-1,6,0,11,-1,6,-1,7,0,10,-1,7,0,7,-1,9,0,5,-1,10,0,8,0,10,-1,8,-1,8,0,8,0,2,-1,3,0,5,0,2,-1,5,0,4,-1,5,0,4,-1,3,0,5,0,3,-1,6,-1,3,-1,11,-1,8,-1,8,-1,11,-1,11,-1,9,-1,9,0,8,-1,9,-1,10,0,6,0,6,0,8,-1,6,0,3,0,6,-1,8,-1,4,-1,3,-1,4,0,5,-1,5,0,6,0,3,0,4,0,4,0,7,0,10,0,9,-1,6,0,11,-1,10,0,10,-1,11,-1,7,-1,11,-1,6,-1,8,-1,10,-1,8,0,7,0,10,0,9,0,7,-1,6,0,6,0,6,-1,9,0,6,0,5,0],"VAS":[[0,0,0,1214,0,0,0,1214,0,1212,0,0,0,1112,0,0,0,1100,0,0,0,1214,0,0,0,0,0,907,0,1116,0,0,0,0,0,1214,0,0,0,0,0,1214,0,0,0,1214,0,0,0,1214,0,0,0,0,0,1214,0,1214,0,1214,0,1108,0,1112,0,1116,0,1117,0,1214,0,1214,0,0,0,1214,0,1214,0,0,0,0,0,0,0,907,0,0,0,0,0,1214,0,1214,0,1214,0,1214,0,0,0,1211,0,0,0,0,0,0,0,0,0,0,0,0,0,0,0,1014,0,0,0,1214,0,0,0,1209,0,1214,0,1007,0,1108,0,1010,0,1004,0,1110,0,0,0,0,0,0,0,0,0,1214,0,0,0,0,0,1214,0,0,0,0,0,0],[0,0,0,919,0,0,0,594,0,982,0,0,0,650,0,0,0,753,0,0,0,986,0,0,0,0,0,693,0,959,0,0,0,0,0,1035,0,0,0,0,0,1022,0,0,0,1009,0,0,0,1000,0,0,0,0,0,1030,0,1022,0,1045,0,598,0,752,0,859,0,647,0,593,0,757,0,0,0,780,0,653,0,0,0,0,0,0,0,685,0,0,0,0,0,1015,0,860,0,1034,0,1036,0,0,0,1022,0,0,0,0,0,0,0,0,0,0,0,0,0,0,0,656,0,0,0,648,0,0,0,655,0,636,0,763,0,642,0,816,0,783,0,715,0,0,0,0,0,0,0,0,0,992,0,0,0,0,0,926,0,0,0,0,0,0]],"CP":[[0,705,0,0,0,909,0,0,0,0,0,1214,0,0,0,1009,0,0,0,1214,0,0,0,1214,0,1206,0,0,0,0,0,706,0,705,0,0,0,1214,0,1214,0,0,0,1214,0,0,0,1214,0,0,0,1214,0,1214,0,0,0,0,0,0,0,0,0,0,0,0,0,0,0,0,0,0,0,1214,0,0,0,0,0,1212,0,705,0,889,0,0,0,810,0,705,0,0,0,0,0,0,0,0,0,1214,0,0,0,1214,0,1214,0,1214,0,1214,0,1214,0,1214,0,1008,0,0,0,1214,0,0,0,1111,0,0,0,0,0,0,0,0,0,0,0,0,0,0,0,1213,0,1214,0,1105,0,1119,0,0,0,1214,0,1214,0,0,0,1007,0,1010,0,1006],[0,648,0,0,0,756,0,0,0,0,0,746,0,0,0,753,0,0,0,984,0,0,0,764,0,975,0,0,0,0,0,657,0,610,0,0,0,1015,0,1001,0,0,0,1013,0,0,0,995,0,0,0,1016,0,1001,0,0,0,0,0,0,0,0,0,0,0,0,0,0,0,0,0,0,0,587,0,0,0,0,0,759,0,547,0,751,0,0,0,705,0,985,0,0,0,0,0,0,0,0,0,1032,0,0,0,1009,0,1015,0,1032,0,1034,0,1027,0,986,0,658,0,0,0,980,0,0,0,695,0,0,0,0,0,0,0,0,0,0,0,0,0,0,0,938,0,942,0,910,0,859,0,0,0,1007,0,894,0,0,0,751,0,782,0,958]],"VASRT":[0,0,0,3.5362504332986693,0,0,0,2.6356992979023217,0,1.9017009921257582,0,0,0,2.1518237515357748,0,0,0,1.9198316442376917,0,0,0,1.5674959336586407,0,0,0,0,0,3.1691762094929841,0,2.6032235369888359,0,0,0,0,0,1.6350540161915252,0,0,0,0,0,1.7342596182049026,0,0,0,1.7723624161349143,0,0,0,1.8099758173192297,0,0,0,0,0,1.884764911114803,0,1.5187597299908315,0,1.16776421988805,0,1.81825987254353,0,2.1346895325297055,0,2.1683742223699025,0,1.4351229337550433,0,2.3686105111591074,0,1.3007164555040724,0,0,0,2.6679416415917494,0,2.0189580730977421,0,0,0,0,0,0,0,2.6352767676021815,0,0,0,0,0,1.6290446507869114,0,1.3677892435271846,0,1.2689093590461482,0,1.395573277214746,0,0,0,1.2180260450958795,0,0,0,0,0,0,0,0,0,0,0,0,0,0,0,2.3017403735906257,0,0,0,0.88513124078278871,0,0,0,2.2022193096347165,0,1.4587132516578161,0,2.5988591681896218,0,1.1847729104748543,0,1.8682082869267895,0,1.7009043379093776,0,1.3676907898650159,0,0,0,0,0,0,0,0,0,1.2180617345484157,0,0,0,0,0,1.2762437466541139,0,0,0,0,0,0],