{"ORDER":[1,2,3,4],"Sens":10,"Threshold":48,"sequences":[{"name":"LVLS","s":[11,10,11,11,10,11,10,10,10,11,11,11,11,4,5,5,5,5,4,5,5,4,5,4,5,5,5,5,8,7,7,8,8,8,8,8,8,7,7,8,7,7,8,7,7,4,4,5,5,5,5,4,5,4,4,5,5,5,5,5,5,9,9,9,9,9,9,9,10,9,9,10,9,9,10,10,10,10,4,3],"ms":[11,-1,10,0,11,-1,11,0,10,0,11,-1,10,0,10,-1,10,0,11,-1,11,-1,11,0,11,0,4,-1,5,0,5,-1,5,0,5,0,4,0,5,0,5,-1,4,-1,5,0,4,-1,5,-1,5,0,5,0,5,0,8,0,7,0,7,-1,8,-1,8,-1,8,-1,8,0,8,-1,8,-1,7,-1,7,-1,8,-1,7,0,7,-1,8,0,7,-1,7,-1,4,0,4,0,5,-1,5,0,5,-1,5,0,4,-1,5,-1,4,0,4,0,5,0,5,-1,5,0,5,0,5,-1,5,0,9,-1,9,-1,9,0,9,0,9,-1,9,0,9,-1,10,-1,9,0,9,-1,10,0,9,0,9,-1,10,0,10,-1,10,-1,10,0,4,-1,3,0],"VAS":[[0,1038,0,0,0,1033,0,0,0,0,0,1122,0,0,0,1095,0,0,0,1095,0,1086,0,0,0,0,0,1102,0,0,0,1143,0,0,0,0,0,0,0,0,0,1180,0,1181,0,0,0,1172,0,1110,0,0,0,0,0,0,0,0,0,0,0,1003,0,1105,0,1165,0,1140,0,0,0,981,0,1074,0,1068,0,1075,0,1081,0,0,0,1079,0,0,0,949,0,1062,0,0,0,0,0,1100,0,0,0,1127,0,0,0,1174,0,1134,0,0,0,0,0,0,0,1129,0,0,0,0,0,1150,0,0,0,1154,0,1148,0,0,0,0,0,1173,0,0,0,1176,0,1174,0,0,0,1131,0,0,0,0,0,1096,0,0,0,1137,0,1140,0,0,0,1014,0,0],[0,593,0,0,0,710,0,0,0,0,0,750,0,0,0,777,0,0,0,764,0,710,0,0,0,0,0,768,0,0,0,772,0,0,0,0,0,0,0,0,0,903,0,899,0,0,0,869,0,863,0,0,0,0,0,0,0,0,0,0,0,772,0,765,0,759,0,729,0,0,0,829,0,794,0,803,0,768,0,748,0,0,0,808,0,0,0,846,0,835,0,0,0,0,0,876,0,0,0,840,0,0,0,862,0,850,0,0,0,0,0,0,0,859,0,0,0,0,0,855,0,0,0,696,0,685,0,0,0,0,0,706,0,0,0,677,0,663,0,0,0,698,0,0,0,0,0,739,0,0,0,633,0,642,0,0,0,733,0,0]],"CP":[[0,0,0,890,0,0,0,889,0,891,0,0,0,813,0,0,0,922,0,0,0,0,0,954,0,914,0,0,0,909,0,0,0,993,0,1021,0,1092,0,1100,0,0,0,0,0,1047,0,0,0,0,0,1095,0,1039,0,1032,0,1038,0,1053,0,0,0,0,0,0,0,0,0,960,0,0,0,0,0,0,0,0,0,0,0,885,0,0,0,957,0,0,0,0,0,891,0,971,0,0,0,953,0,0,0,1010,0,0,0,0,0,1024,0,1019,0,1029,0,0,0,1058,0,1050,0,0,0,1091,0,0,0,0,0,1133,0,1114,0,0,0,1125,0,0,0,0,0,1128,0,0,0,1132,0,1128,0,0,0,1052,0,0,0,0,0,1123,0,0,0,946],[0,0,0,624,0,0,0,626,0,674,0,0,0,778,0,0,0,766,0,0,0,0,0,700,0,674,0,0,0,758,0,0,0,783,0,802,0,839,0,855,0,0,0,0,0,867,0,0,0,0,0,869,0,842,0,835,0,789,0,769,0,0,0,0,0,0,0,0,0,721,0,0,0,0,0,0,0,0,0,0,0,771,0,0,0,732,0,0,0,0,0,849,0,850,0,0,0,864,0,0,0,861,0,0,0,0,0,864,0,857,0,851,0,0,0,846,0,856,0,0,0,835,0,0,0,0,0,659,0,683,0,0,0,681,0,0,0,0,0,681,0,0,0,682,0,691,0,0,0,705,0,0,0,0,0,627,0,0,0,743]],"VASRT":[0,7.505629293246284,0,0,0,4.8876762679498462,0,0,0,0,0,6.004833664588884,0,0,0,5.5954514408078122,0,0,0,6.9559387043908281,0,3.5861184438578246,0,0,0,0,0,7.2889024262674367,0,0,0,3.9041697177046348,0,0,0,0,0,0,0,0,0,5.8046543968790187,0,3.9868531543117576,0,0,0,4.38678956965494,0,3.1359312793438066,0,0,0,0,0,0,0,0,0,0,0,5.1544216975462476,0,4.8039685030325776,0,1.8682772044903075,0,4.603663296679855,0,0,0,4.3534359302537844,0,6.1721343318175572,0,4.196849482810606,0,3.3868248488838844,0,3.570305555042776,0,0,0,2.9074141760966814,0,0,0,7.7571086620762646,0,4.0369943737834308,0,0,0,0,0,4.0206678850307362,0,0,0,3.489071438387493,0,0,0,3.0529750440477583,0,5.2211589226708019,0,0,0,0,0,0,0,4.0858905646522636,0,0,0,0,0,3.5527553693140446,0,0,0,3.335939894039246,0,2.9360732167067662,0,0,0,0,0,3.2802713218839927,0,0,0,4.4892039406078279,0,3.0030057082612878,0,0,0,4.13617084992175,0,0,0,0,0,3.8027214233117759,0,0,0,4.463462410186672,0,1.8991645796541405,0,0,0,4.3702329454669266,0,0],"CPRT":[0,0,0,7.5387556687772674,0,0,0,6.0613522200275263,0,5.7006417948102612,0,0,0,7.2283169141340489,0,0,0,3.7197167816318286,0,0,0,0,0,5.7386682911520923,0,7.0060651558131761,0,0,0,5.1708991485809337,0,0,0,2.8589852298995568,0,5.2392830112052575,0,3.1852426164881167,0,3.4865235396552889,0,0,0,0,0,2.9187330654573276,0,0,0,0,0,8.6233400815114276,0,3.3521757233780272,0,4.2367379840382,0,4.771144462289171,0,4.92033868059786,0,0,0,0,0,0,0,0,0,4.3070691780554995,0,0,0,0,0,0,0,0,0,0,0,3.8688100849367948,0,0,0,5.3381058746069545,0,0,0,0,0,5.2828298864295986,0,4.5371332344694473,0,0,0,13.026438090081,0,0,0,3.0189642264516277,0,0,0,0,0,5.0541724867138837,0,3.1526011252433137,0,3.55322384465653,0,0,0,5.2538434873928033,0,1.5188175715173555,0,0,0,5.5053835693144553,0,0,0,0,0,2.2514268602101577,0,3.1694555717593875,0,0,0,2.9028340296878814,0,0,0,0,0,3.303070318477086,0,0,0,3.502843464830506,0,2.1188651574540702,0,0,0,2.1516526882977569,0,0,0,0,0,4.6539448126201188,0,0,0,11.225540110637303],"break_time":175.46372577373296,"after_SBT":185.13989198812814},{"name":"LVHS","s":[8,9,10,10,10,10,11,11,9,8,10,13,10,6,9,6,3,4,6,5,4,7,6,4,5,6,2,5,9,8,6,8,7,7,8,6,12,8,11,6,7,8,7,5,7,5,2,7,5,5,4,8,3,4,6,5,6,7,3,4,4,8,12,10,11,11,13,8,10,10,5,9,10,10,9,10,7,10,3,1],"ms":[8,0,9,-1,10,-1,10,0,10,-1,10,-1,11,-1,11,0,9,-1,8,-1,10,0,13,-1,10,-1,6,-1,9,-1,6,-1,3,-1,4,0,6,-1,5,-1,4,-1,7,-1,6,0,4,0,5,0,6,0,2,0,5,-1,9,0,8,0,6,-1,8,-1,7,-1,7,0,8,-1,6,-1,12,-1,8,0,11,-1,6,-1,7,0,8,-1,7,0,5,-1,7,0,5,0,2,-1,7,-1,5,-1,5,-1,4,0,8,0,3,0,4,-1,6,0,5,0,6,0,7,0,3,0,4,0,4,0,8,-1,12,0,10,0,11,-1,11,0,13,0,8,-1,10,-1,10,0,5,0,9,0,10,0,10,0,9,-1,10,0,7,-1,10,0,3,0,1,-1],"VAS":[[0,0,0,1082,0,1088,0,0,0,1115,0,1114,0,1112,0,0,0,1108,0,1111,0,0,0,1144,0,1121,0,1096,0,1107,0,1098,0,1105,0,0,0,1097,0,1102,0,1095,0,1096,0,0,0,0,0,0,0,0,0,0,0,1120,0,0,0,0,0,1099,0,1115,0,1101,0,0,0,1102,0,1123,0,1121,0,0,0,1141,0,1097,0,0,0,1058,0,0,0,1085,0,0,0,0,0,1110,0,1114,0,1111,0,1115,0,0,0,0,0,0,0,1119,0,0,0,0,0,0,0,0,0,0,0,0,0,0,0,1102,0,0,0,0,0,1136,0,0,0,0,0,1118,0,1119,0,0,0,0,0,0,0,0,0,0,0,1110,0,0,0,1120,0,0,0,0,0,1121],[0,0,0,690,0,690,0,0,0,679,0,708,0,726,0,0,0,757,0,778,0,0,0,587,0,655,0,741,0,708,0,760,0,766,0,0,0,781,0,820,0,835,0,840,0,0,0,0,0,0,0,0,0,0,0,853,0,0,0,0,0,808,0,789,0,802,0,0,0,775,0,793,0,662,0,0,0,619,0,699,0,0,0,753,0,0,0,808,0,0,0,0,0,820,0,819,0,838,0,847,0,0,0,0,0,0,0,868,0,0,0,0,0,0,0,0,0,0,0,0,0,0,0,844,0,0,0,0,0,646,0,0,0,0,0,707,0,697,0,0,0,0,0,0,0,0,0,0,0,697,0,0,0,689,0,0,0,0,0,819]],"CP":[[0,918,0,0,0,0,0,1054,0,0,0,0,0,0,0,1070,0,0,0,0,0,1010,0,0,0,0,0,0,0,0,0,0,0,0,0,946,0,0,0,0,0,0,0,0,0,959,0,1002,0,1009,0,1007,0,1038,0,0,0,959,0,960,0,0,0,0,0,0,0,990,0,0,0,0,0,0,0,1076,0,0,0,0,0,894,0,0,0,985,0,0,0,998,0,991,0,0,0,0,0,0,0,0,0,966,0,993,0,1006,0,0,0,1024,0,1030,0,1009,0,1015,0,1025,0,1038,0,1045,0,0,0,1056,0,1079,0,0,0,1116,0,1100,0,0,0,0,0,1052,0,1019,0,1012,0,1045,0,1071,0,0,0,1073,0,0,0,1033,0,1014,0,0],[0,675,0,0,0,0,0,688,0,0,0,0,0,0,0,718,0,0,0,0,0,741,0,0,0,0,0,0,0,0,0,0,0,0,0,745,0,0,0,0,0,0,0,0,0,816,0,811,0,808,0,802,0,809,0,0,0,770,0,761,0,0,0,0,0,0,0,777,0,0,0,0,0,0,0,667,0,0,0,0,0,757,0,0,0,789,0,0,0,811,0,812,0,0,0,0,0,0,0,0,0,844,0,847,0,855,0,0,0,856,0,835,0,853,0,845,0,847,0,861,0,844,0,0,0,662,0,670,0,0,0,615,0,607,0,0,0,0,0,667,0,728,0,687,0,641,0,652,0,0,0,630,0,0,0,650,0,672,0,0]],"VASRT":[0,0,0,3.4196041752557229,0,3.5196511458570492,0,0,0,4.5828132723741071,0,3.5038103618377194,0,2.4189691491347358,0,0,0,4.4359068710400607,0,5.6713637267992922,0,0,0,3.1868593076656433,0,3.7208288977907409,0,4.3213248581139148,0,5.6390454917452759,0,5.3373785481776839,0,6.0208250006666137,0,0,0,5.1043760601715968,0,3.1976625459706813,0,2.9189353056883656,0,4.8535989941317519,0,0,0,0,0,0,0,0,0,0,0,5.7211156440818067,0,0,0,0,0,4.9578917789140968,0,3.7876239644418188,0,3.7870517025304644,0,0,0,3.8198769739446483,0,4.5369818619638638,0,2.6858651307895367,0,0,0,1.7019594329889507,0,3.4355819739549043,0,0,0,6.45499088278066,0,0,0,5.3033221957628,0,0,0,0,0,2.6024248316544933,0,4.4195200794192875,0,3.3692233852061064,0,6.0555889887783341,0,0,0,0,0,0,0,5.3380857736509286,0,0,0,0,0,0,0,0,0,0,0,0,0,0,0,7.7225871161076345,0,0,0,0,0,2.6531456970621838,0,0,0,0,0,3.773387975115837,0,4.5579451079811051,0,0,0,0,0,0,0,0,0,0,0,3.5697410873796764,0,0,0,5.1040117816215727,0,0,0,0,0,3.0193133267287333],