{"ORDER":[4,2,3,1],"Sens":10,"Threshold":48,"sequences":[{"name":"LVLS","s":[5,5,4,4,4,4,5,5,4,5,4,4,5,9,8,9,8,8,9,9,8,8,8,8,8,8,8,8,9,4,3,4,3,3,3,3,4,3,3,3,4,4,8,7,7,8,7,7,7,8,8,7,8,7,7,7,7,7,8,4,5,4,5,4,5,5,5,5,5,4,4,4,5,4,10,11,10,11,10,10],"ms":[5,-1,5,0,4,-1,4,0,4,0,4,0,5,0,5,-1,4,0,5,-1,4,-1,4,0,5,0,9,-1,8,0,9,-1,8,0,8,-1,9,-1,9,-1,8,-1,8,0,8,0,8,-1,8,0,8,-1,8,-1,8,0,9,-1,4,-1,3,-1,4,0,3,-1,3,0,3,0,3,0,4,0,3,0,3,-1,3,-1,4,-1,4,0,8,-1,7,-1,7,0,8,0,7,0,7,-1,7,-1,8,-1,8,0,7,-1,8,-1,7,0,7,0,7,-1,7,-1,7,0,8,-1,4,0,5,0,4,-1,5,0,4,-1,5,0,5,-1,5,0,5,-1,5,-1,4,0,4,0,4,0,5,0,4,0,10,-1,11,-1,10,-1,11,0,10,-1,10,0],"VAS":[[0,1166,0,0,0,1131,0,0,0,0,0,0,0,0,0,1070,0,0,0,1149,0,1040,0,0,0,0,0,1052,0,0,0,1158,0,0,0,1030,0,1047,0,972,0,1044,0,0,0,0,0,1130,0,0,0,1059,0,1051,0,0,0,1074,0,981,0,1076,0,0,0,1046,0,0,0,0,0,0,0,0,0,0,0,1085,0,1143,0,1038,0,0,0,1087,0,1194,0,0,0,0,0,0,0,1170,0,1154,0,1148,0,0,0,1086,0,1052,0,0,0,0,0,975,0,1068,0,0,0,1025,0,0,0,0,0,1138,0,0,0,1060,0,0,0,1150,0,0,0,1069,0,1164,0,0,0,0,0,0,0,0,0,0,0,1175,0,1179,0,1195,0,0,0,1142,0,0],[0,289,0,0,0,499,0,0,0,0,0,0,0,0,0,710,0,0,0,795,0,795,0,0,0,0,0,684,0,0,0,374,0,0,0,492,0,499,0,589,0,496,0,0,0,0,0,475,0,0,0,480,0,474,0,0,0,384,0,596,0,713,0,0,0,783,0,0,0,0,0,0,0,0,0,0,0,919,0,942,0,499,0,0,0,320,0,411,0,0,0,0,0,0,0,515,0,497,0,498,0,0,0,503,0,434,0,0,0,0,0,575,0,471,0,0,0,521,0,0,0,0,0,796,0,0,0,905,0,0,0,929,0,0,0,903,0,929,0,0,0,0,0,0,0,0,0,0,0,277,0,299,0,326,0,0,0,295,0,0]],"CP":[[0,0,0,1032,0,0,0,1044,0,946,0,978,0,988,0,0,0,966,0,0,0,0,0,1022,0,1091,0,0,0,1062,0,0,0,995,0,0,0,0,0,0,0,0,0,1059,0,1081,0,0,0,1083,0,0,0,0,0,1058,0,0,0,0,0,0,0,1043,0,0,0,1035,0,1032,0,1057,0,1018,0,1048,0,0,0,0,0,0,0,947,0,0,0,0,0,1072,0,1020,0,970,0,0,0,0,0,0,0,1075,0,0,0,0,0,1070,0,971,0,0,0,0,0,977,0,0,0,980,0,972,0,0,0,1137,0,0,0,964,0,0,0,1053,0,0,0,0,0,1042,0,1061,0,942,0,958,0,977,0,0,0,0,0,0,0,1157,0,0,0,1041],[0,0,0,396,0,0,0,614,0,714,0,610,0,705,0,0,0,711,0,0,0,0,0,673,0,701,0,0,0,481,0,0,0,399,0,0,0,0,0,0,0,0,0,475,0,495,0,0,0,498,0,0,0,0,0,487,0,0,0,0,0,0,0,714,0,0,0,820,0,782,0,902,0,889,0,820,0,0,0,0,0,0,0,607,0,0,0,0,0,396,0,389,0,491,0,0,0,0,0,0,0,508,0,0,0,0,0,530,0,588,0,0,0,0,0,502,0,0,0,629,0,733,0,0,0,899,0,0,0,925,0,0,0,922,0,0,0,0,0,917,0,921,0,710,0,734,0,698,0,0,0,0,0,0,0,284,0,0,0,377]],"VASRT":[0,2.6517751400400789,0,0,0,3.3025587696574017,0,0,0,0,0,0,0,0,0,3.5595593378170771,0,0,0,6.0551283076841029,0,3.8699427122753258,0,0,0,0,0,15.4945704856432,0,0,0,1.7693156855143897,0,0,0,1.9519308198933829,0,3.1666073893575692,0,11.959226646483666,0,1.0344616533241444,0,0,0,0,0,2.8524036025835882,0,0,0,5.6549490399742384,0,2.3462106621213894,0,0,0,5.9549873958801243,0,3.6198347209146347,0,2.0745121928707242,0,0,0,2.9527274741097633,0,0,0,0,0,0,0,0,0,0,0,2.2518854901864263,0,6.5553635709143272,0,3.2191225727582817,0,0,0,2.5806255499560034,0,1.9852725628103598,0,0,0,0,0,0,0,2.2687559354226021,0,1.1178022681262423,0,4.020078803952094,0,0,0,2.2189913012087237,0,1.1013305602218488,0,0,0,0,0,3.6456476302408629,0,1.0185068271461359,0,0,0,1.689942753297685,0,0,0,0,0,4.38531071360445,0,0,0,2.0184543185263126,0,0,0,1.6856157148453765,0,0,0,1.4183620182180297,0,1.7021780821636834,0,0,0,0,0,0,0,0,0,0,0,1.4672483637206459,0,1.2011322171149386,0,1.6519351272411027,0,0,0,1.2843883258570084,0,0],"CPRT":[0,0,0,2.4522850479653937,0,0,0,1.3014790611622864,0,3.7195711522565373,0,1.5790761354476257,0,2.2518280588834942,0,0,0,3.9196199688640294,0,0,0,0,0,3.8364007802452726,0,2.118477906382874,0,0,0,4.487309117834676,0,0,0,4.2195467439527912,0,0,0,0,0,0,0,0,0,1.5023249422097513,0,2.5188278271071649,0,0,0,3.2857396023702719,0,0,0,0,0,2.0020716291414637,0,0,0,0,0,0,0,1.4341917262003656,0,0,0,1.4178931326519519,0,1.5584948075948797,0,2.6871425670561742,0,1.2509288487690216,0,2.0513714800251877,0,0,0,0,0,0,0,1.7816322386516772,0,0,0,0,0,1.1676719195797669,0,6.4877209823214139,0,4.7373490120790338,0,0,0,0,0,0,0,1.2176453576021611,0,0,0,0,0,3.2526046121438492,0,2.76855554119773,0,0,0,0,0,2.5520633221137179,0,0,0,1.4500928130877735,0,2.9423672772844838,0,0,0,2.6356303803388035,0,0,0,1.9182818195057216,0,0,0,2.3021177792956049,0,0,0,0,0,2.2841261929814847,0,1.667966665230884,0,3.9358570288735875,0,1.8675293668814188,0,1.6181474712792208,0,0,0,0,0,0,0,1.5184783166064664,0,0,0,0.85813606706335288],"break_time":215.35259866390177,"after_SBT":"Last"},{"name":"LVHS","s":[3,3,2,4,7,5,4,6,1,2,7,5,5,11,7,12,9,8,6,10,8,12,7,6,6,8,8,8,8,1,4,3,6,4,5,6,1,4,2,5,6,5,9,6,6,7,10,5,7,9,4,9,7,10,9,7,5,8,8,3,5,3,6,1,6,5,4,8,6,3,5,1,3,3,12,8,9,8,10,9],"ms":[3,-1,3,0,2,-1,4,-1,7,0,5,0,4,0,6,-1,1,-1,2,0,7,0,5,0,5,-1,11,-1,7,0,12,0,9,0,8,0,6,0,10,0,8,0,12,-1,7,0,6,0,6,-1,8,-1,8,-1,8,0,8,-1,1,0,4,0,3,0,6,-1,4,-1,5,0,6,-1,1,-1,4,0,2,0,5,-1,6,-1,5,0,9,0,6,0,6,0,7,-1,10,-1,5,0,7,0,9,-1,4,-1,9,-1,7,-1,10,-1,9,-1,7,-1,5,0,8,-1,8,0,3,-1,5,-1,3,0,6,-1,1,0,6,-1,5,0,4,0,8,-1,6,-1,3,0,5,0,1,0,3,-1,3,-1,12,-1,8,0,9,0,8,-1,10,-1,9,-1],"VAS":[[0,998,0,0,0,1084,0,1161,0,0,0,0,0,0,0,1063,0,1079,0,0,0,0,0,0,0,1051,0,1077,0,0,0,0,0,0,0,0,0,0,0,0,0,0,0,1093,0,0,0,0,0,1070,0,947,0,1049,0,0,0,1076,0,0,0,0,0,0,0,1078,0,1188,0,0,0,1024,0,1055,0,0,0,0,0,1185,0,1046,0,0,0,0,0,0,0,0,0,1097,0,1060,0,0,0,0,0,1055,0,1056,0,1073,0,1043,0,1089,0,1047,0,955,0,0,0,1045,0,0,0,1073,0,1075,0,0,0,1061,0,0,0,1066,0,0,0,0,0,1063,0,1059,0,0,0,0,0,0,0,1045,0,1153,0,1168,0,0,0,0,0,1063,0,1192,0,1137],[0,827,0,0,0,916,0,922,0,0,0,0,0,0,0,942,0,1008,0,0,0,0,0,0,0,911,0,386,0,0,0,0,0,0,0,0,0,0,0,0,0,0,0,408,0,0,0,0,0,900,0,897,0,799,0,0,0,499,0,0,0,0,0,0,0,789,0,787,0,0,0,703,0,794,0,0,0,0,0,919,0,823,0,0,0,0,0,0,0,0,0,725,0,428,0,0,0,0,0,511,0,692,0,409,0,624,0,429,0,493,0,625,0,0,0,597,0,0,0,834,0,786,0,0,0,520,0,0,0,735,0,0,0,0,0,688,0,794,0,0,0,0,0,0,0,906,0,734,0,284,0,0,0,0,0,508,0,520,0,534]],"CP":[[0,0,0,966,0,0,0,0,0,1049,0,1078,0,975,0,0,0,0,0,1049,0,1086,0,1052,0,0,0,0,0,1088,0,1068,0,1087,0,1075,0,1167,0,966,0,1072,0,0,0,937,0,972,0,0,0,0,0,0,0,974,0,0,0,946,0,956,0,1146,0,0,0,0,0,978,0,0,0,0,0,966,0,961,0,0,0,0,0,1079,0,955,0,942,0,1026,0,0,0,0,0,967,0,982,0,0,0,0,0,0,0,0,0,0,0,0,0,0,0,1055,0,0,0,1065,0,0,0,0,0,1067,0,0,0,956,0,0,0,1085,0,1068,0,0,0,0,0,991,0,977,0,987,0,0,0,0,0,0,0,1058,0,1067,0,0,0,0,0,0],[0,0,0,804,0,0,0,0,0,803,0,809,0,934,0,0,0,0,0,990,0,823,0,793,0,0,0,0,0,361,0,269,0,392,0,608,0,745,0,492,0,500,0,0,0,507,0,819,0,0,0,0,0,0,0,514,0,0,0,605,0,695,0,820,0,0,0,0,0,698,0,0,0,0,0,724,0,815,0,0,0,0,0,815,0,425,0,582,0,607,0,0,0,0,0,604,0,489,0,0,0,0,0,0,0,0,0,0,0,0,0,0,0,797,0,0,0,489,0,0,0,0,0,781,0,0,0,816,0,0,0,827,0,833,0,0,0,0,0,819,0,677,0,916,0,0,0,0,0,0,0,393,0,399,0,0,0,0,0,0]],"VASRT":[0,9.7072525480012875,0,0,0,3.2699578905482434,0,3.1861426470497745,0,0,0,0,0,0,0,7.638768590820427,0,1.9018470317246414,0,0,0,0,0,0,0,3.052592305436078,0,2.9884009279257659,0,0,0,0,0,0,0,0,0,0,0,0,0,0,0,2.9519205643035735,0,0,0,0,0,2.4856526349686896,0,17.48446626833956,0,4.655554940220167,0,0,0,2.452594766777632,0,0,0,0,0,0,0,8.0896666728200213,0,2.1016140247241761,0,0,0,7.3057716408328357,0,12.276423424587572,0,0,0,0,0,12.04295615325133,0,5.72927047887451,0,0,0,0,0,0,0,0,0,10.257365256933291,0,2.952642557826143,0,0,0,0,0,9.1739237271274714,0,3.1696668369094576,0,5.087403059037328,0,12.042491369921176,0,3.0451098271112671,0,1.9927439650981769,0,5.4871495408572439,0,0,0,3.3860503467414915,0,0,0,8.5652991863215053,0,7.6223908241186855,0,0,0,1.7685977942277438,0,0,0,6.5052662453670376,0,0,0,0,0,5.5877728756058493,0,3.03569724678436,0,0,0,0,0,0,0,7.0055097130691086,0,4.0867147038493332,0,2.5516961719985476,0,0,0,0,0,3.4860989582371871,0,2.1024619568896026,0,3.4696617091145527],