{"ORDER":[3,1,2,4],"Sens":8,"Threshold":47,"sequences":[{"name":"LVLS","s":[7,7,7,6,6,6,7,7,7,6,7,7,7,7,7,9,10,10,9,10,10,10,10,10,10,9,10,10,10,9,7,6,6,7,7,7,6,6,6,7,6,6,7,7,7,4,3,3,4,3,3,3,3,4,4,3,3,4,3,3,6,6,7,7,6,6,7,7,6,7,6,7,6,7,7,10,10,10,9,10],"ms":[7,0,7,-1,7,0,6,-1,6,0,6,-1,7,0,7,-1,7,0,6,-1,7,0,7,-1,7,0,7,-1,7,0,9,-1,10,0,10,-1,9,0,10,-1,10,0,10,-1,10,0,10,-1,10,0,9,-1,10,0,10,-1,10,0,9,-1,7,0,6,-1,6,0,7,-1,7,0,7,-1,6,0,6,-1,6,0,7,-1,6,0,6,-1,7,0,7,-1,7,0,4,-1,3,0,3,-1,4,0,3,-1,3,0,3,-1,3,0,4,-1,4,0,3,-1,3,0,4,-1,3,0,3,-1,6,0,6,-1,7,0,7,-1,6,0,6,-1,7,0,7,-1,6,0,7,-1,6,0,7,-1,6,0,7,-1,7,0,10,-1,10,0,10,-1,9,0,10,-1],"VAS":[[0,0,0,1100,0,0,0,1022,0,0,0,1063,0,0,0,1087,0,0,0,1093,0,0,0,1137,0,0,0,1088,0,0,0,1087,0,0,0,1102,0,0,0,1085,0,0,0,1067,0,0,0,1171,0,0,0,1098,0,0,0,1106,0,0,0,1120,0,0,0,1073,0,0,0,1156,0,0,0,1077,0,0,0,1142,0,0,0,1183,0,0,0,1128,0,0,0,1097,0,0,0,885,0,0,0,1013,0,0,0,1051,0,0,0,1027,0,0,0,1024,0,0,0,899,0,0,0,1083,0,0,0,1086,0,0,0,1086,0,0,0,1167,0,0,0,1063,0,0,0,1018,0,0,0,1161,0,0,0,1190,0,0,0,1126,0,0,0,1138,0,0,0,1105,0,0,0,1207],[0,0,0,216,0,0,0,298,0,0,0,434,0,0,0,322,0,0,0,278,0,0,0,335,0,0,0,349,0,0,0,322,0,0,0,221,0,0,0,195,0,0,0,233,0,0,0,159,0,0,0,166,0,0,0,202,0,0,0,119,0,0,0,310,0,0,0,339,0,0,0,498,0,0,0,381,0,0,0,344,0,0,0,525,0,0,0,493,0,0,0,510,0,0,0,579,0,0,0,617,0,0,0,706,0,0,0,761,0,0,0,830,0,0,0,826,0,0,0,846,0,0,0,585,0,0,0,428,0,0,0,578,0,0,0,495,0,0,0,503,0,0,0,518,0,0,0,521,0,0,0,284,0,0,0,236,0,0,0,148]],"CP":[[0,905,0,0,0,861,0,0,0,899,0,0,0,866,0,0,0,903,0,0,0,805,0,0,0,864,0,0,0,851,0,0,0,860,0,0,0,891,0,0,0,904,0,0,0,948,0,0,0,1008,0,0,0,1003,0,0,0,1088,0,0,0,1027,0,0,0,943,0,0,0,1097,0,0,0,976,0,0,0,901,0,0,0,781,0,0,0,855,0,0,0,873,0,0,0,844,0,0,0,865,0,0,0,843,0,0,0,877,0,0,0,859,0,0,0,964,0,0,0,1021,0,0,0,885,0,0,0,894,0,0,0,820,0,0,0,889,0,0,0,876,0,0,0,846,0,0,0,868,0,0,0,867,0,0,0,1000,0,0,0,1024,0,0],[0,229,0,0,0,244,0,0,0,306,0,0,0,223,0,0,0,293,0,0,0,345,0,0,0,405,0,0,0,360,0,0,0,322,0,0,0,225,0,0,0,179,0,0,0,135,0,0,0,137,0,0,0,218,0,0,0,130,0,0,0,225,0,0,0,384,0,0,0,342,0,0,0,397,0,0,0,486,0,0,0,401,0,0,0,429,0,0,0,456,0,0,0,441,0,0,0,568,0,0,0,614,0,0,0,701,0,0,0,791,0,0,0,841,0,0,0,872,0,0,0,456,0,0,0,424,0,0,0,432,0,0,0,504,0,0,0,628,0,0,0,582,0,0,0,503,0,0,0,661,0,0,0,200,0,0,0,215,0,0]],"VASRT":[0,0,0,2.8851124315698575,0,0,0,2.6029343173189536,0,0,0,6.02155798179025,0,0,0,1.4524489222444881,0,0,0,1.384512071805243,0,0,0,1.7519675268336408,0,0,0,1.5363589933974784,0,0,0,2.5362154157291386,0,0,0,2.4522372477391645,0,0,0,1.184370545246451,0,0,0,2.1356045953058307,0,0,0,1.0683782492139122,0,0,0,2.4868324920365672,0,0,0,5.2880877710797654,0,0,0,2.5193204263846529,0,0,0,8.3060284160716744,0,0,0,3.102286371812832,0,0,0,2.8865519002504403,0,0,0,4.304218106784865,0,0,0,1.2348249685667463,0,0,0,3.5030079521517163,0,0,0,3.8691465948504842,0,0,0,4.1197089065329893,0,0,0,1.418083402216429,0,0,0,1.4845762715340864,0,0,0,5.3212111391657313,0,0,0,2.2518106169532408,0,0,0,2.6024223603758454,0,0,0,1.6854455317604058,0,0,0,3.9030161565899073,0,0,0,1.220609138513479,0,0,0,1.1675169883148289,0,0,0,3.3029037557866929,0,0,0,8.0064897106089532,0,0,0,0.90077470407617,0,0,0,1.1844501282969022,0,0,0,3.0859131847372838,0,0,0,1.3509875066917449,0,0,0,1.4684323985059717,0,0,0,1.7682205188896933],"CPRT":[0,6.3375244338424874,0,0,0,6.054370811890692,0,0,0,3.4368469523588785,0,0,0,1.7851741699672439,0,0,0,2.318753089483756,0,0,0,1.5177607626845742,0,0,0,9.1914759989416268,0,0,0,7.7056522425806238,0,0,0,7.3723202766536557,0,0,0,1.8850189009744822,0,0,0,8.7570349980822133,0,0,0,2.1020943879591667,0,0,0,2.1514965920814864,0,0,0,6.3050783421291747,0,0,0,2.3352829813287497,0,0,0,2.8192266906783225,0,0,0,8.8733845973979619,0,0,0,5.0371652845606834,0,0,0,2.2189596362152106,0,0,0,3.4194166234224403,0,0,0,4.15389392892085,0,0,0,6.6553959564426375,0,0,0,9.8920099027568966,0,0,0,3.4031816811304076,0,0,0,8.94020892601853,0,0,0,6.8722942275624,0,0,0,2.6518819955655011,0,0,0,4.7538016289912024,0,0,0,2.8188697976170207,0,0,0,6.3379112731031855,0,0,0,2.2006789172602921,0,0,0,1.9517328799013827,0,0,0,1.2506923520278295,0,0,0,4.7036614356536166,0,0,0,2.0686637636629537,0,0,0,1.0511624663361645,0,0,0,2.1187662165848615,0,0,0,1.8528140197439804,0,0,0,0.90067009748923677,0,0,0,1.4184735232524033,0,0],"break_time":190.0263067106151,"after_SBT":355.13599389589797},{"name":"LVHS","s":[7,9,8,5,5,10,5,7,5,7,5,9,7,7,5,8,7,11,11,5,13,10,10,10,9,9,12,9,11,7,8,6,7,6,10,8,8,9,4,7,4,9,8,9,10,6,2,5,6,4,1,2,4,3,4,1,4,2,2,6,5,6,7,8,3,5,6,5,5,5,7,7,11,5,7,7,9,9,8,8],"ms":[7,0,9,-1,8,0,5,-1,5,0,10,-1,5,0,7,-1,5,0,7,-1,5,0,9,-1,7,0,7,-1,5,0,8,-1,7,0,11,-1,11,0,5,-1,13,0,10,-1,10,0,10,-1,9,0,9,-1,12,0,9,-1,11,0,7,-1,8,0,6,-1,7,0,6,-1,10,0,8,-1,8,0,9,-1,4,0,7,-1,4,0,9,-1,8,0,9,-1,10,0,6,-1,2,0,5,-1,6,0,4,-1,1,0,2,-1,4,0,3,-1,4,0,1,-1,4,0,2,-1,2,0,6,-1,5,0,6,-1,7,0,8,-1,3,0,5,-1,6,0,5,-1,5,0,5,-1,7,0,7,-1,11,0,5,-1,7,0,7,-1,9,0,9,-1,8,0,8,-1],"VAS":[[0,0,0,1092,0,0,0,1105,0,0,0,1095,0,0,0,1055,0,0,0,1078,0,0,0,1091,0,0,0,1027,0,0,0,1094,0,0,0,960,0,0,0,1098,0,0,0,1110,0,0,0,1071,0,0,0,1085,0,0,0,1155,0,0,0,1108,0,0,0,1037,0,0,0,1117,0,0,0,1051,0,0,0,1113,0,0,0,1138,0,0,0,1095,0,0,0,1068,0,0,0,1150,0,0,0,1097,0,0,0,1020,0,0,0,1094,0,0,0,1085,0,0,0,1143,0,0,0,1128,0,0,0,1124,0,0,0,1148,0,0,0,1122,0,0,0,961,0,0,0,1075,0,0,0,1106,0,0,0,1083,0,0,0,1054,0,0,0,1057,0,0,0,1084,0,0,0,1118],[0,0,0,173,0,0,0,176,0,0,0,146,0,0,0,211,0,0,0,301,0,0,0,256,0,0,0,285,0,0,0,312,0,0,0,110,0,0,0,198,0,0,0,192,0,0,0,219,0,0,0,287,0,0,0,261,0,0,0,371,0,0,0,401,0,0,0,457,0,0,0,535,0,0,0,389,0,0,0,336,0,0,0,238,0,0,0,322,0,0,0,600,0,0,0,688,0,0,0,717,0,0,0,743,0,0,0,838,0,0,0,888,0,0,0,938,0,0,0,685,0,0,0,686,0,0,0,429,0,0,0,602,0,0,0,708,0,0,0,610,0,0,0,518,0,0,0,444,0,0,0,342,0,0,0,237,0,0,0,244]],"CP":[[0,853,0,0,0,891,0,0,0,887,0,0,0,876,0,0,0,917,0,0,0,885,0,0,0,893,0,0,0,883,0,0,0,893,0,0,0,903,0,0,0,917,0,0,0,907,0,0,0,839,0,0,0,884,0,0,0,889,0,0,0,951,0,0,0,891,0,0,0,869,0,0,0,933,0,0,0,923,0,0,0,904,0,0,0,878,0,0,0,856,0,0,0,887,0,0,0,900,0,0,0,964,0,0,0,869,0,0,0,912,0,0,0,911,0,0,0,1051,0,0,0,1016,0,0,0,992,0,0,0,911,0,0,0,904,0,0,0,967,0,0,0,921,0,0,0,917,0,0,0,907,0,0,0,811,0,0,0,902,0,0],[0,148,0,0,0,164,0,0,0,146,0,0,0,192,0,0,0,243,0,0,0,325,0,0,0,325,0,0,0,361,0,0,0,396,0,0,0,249,0,0,0,134,0,0,0,161,0,0,0,190,0,0,0,174,0,0,0,243,0,0,0,386,0,0,0,469,0,0,0,481,0,0,0,522,0,0,0,408,0,0,0,242,0,0,0,248,0,0,0,248,0,0,0,567,0,0,0,706,0,0,0,837,0,0,0,723,0,0,0,707,0,0,0,720,0,0,0,954,0,0,0,707,0,0,0,582,0,0,0,518,0,0,0,476,0,0,0,691,0,0,0,448,0,0,0,279,0,0,0,338,0,0,0,237,0,0,0,364,0,0]],"VASRT":[0,0,0,1.9856213118486445,0,0,0,1.6520723385315286,0,0,0,2.3021075150602717,0,0,0,4.3870890858409854,0,0,0,1.6012729185853087,0,0,0,1.6681563191608502,0,0,0,3.704395732871697,0,0,0,1.5179773598528123,0,0,0,1.0174971951076934,0,0,0,1.3009100773063189,0,0,0,2.1355016296065354,0,0,0,1.2843596743658483,0,0,0,1.2177408669219614,0,0,0,0.885422969555381,0,0,0,2.2531614777013624,0,0,0,0.801197437753953,0,0,0,1.3184897270178304,0,0,0,2.1687222202850633,0,0,0,1.3346487782565979,0,0,0,0.834989877774382,0,0,0,1.1346401635964976,0,0,0,0.88487409264041383,0,0,0,2.6855608041169869,0,0,0,5.3042267214449659,0,0,0,6.0547174494042553,0,0,0,1.5684313729511981,0,0,0,3.2699526809027342,0,0,0,1.0516243762063089,0,0,0,1.0517318543466088,0,0,0,1.0013373234251068,0,0,0,1.1842503502269552,0,0,0,1.0012437928297313,0,0,0,5.2039233623428593,0,0,0,0.56775983968527777,0,0,0,0.68442161787418909,0,0,0,2.068669506769687,0,0,0,1.1011180598144565,0,0,0,1.0684061443037611,0,0,0,1.4846940052221249,0,0,0,0.80108585739455762],