{"ORDER":[1,2,4,3],"Sens":9,"Threshold":47.5,"sequences":[{"name":"LVLS","s":[7,7,6,7,6,7,6,6,6,6,7,6,6,7,7,6,7,10,11,11,10,10,11,11,11,10,10,10,10,11,6,6,5,6,6,6,5,5,6,5,6,5,6,9,8,9,9,9,9,9,9,8,9,9,9,8,8,4,5,4,4,4,5,4,4,5,4,5,4,4,5,4,4,7,8,7,7,8,8,7],"ms":[7,-1,7,0,6,0,7,-1,6,0,7,0,6,0,6,-1,6,0,6,-1,7,0,6,-1,6,-1,7,-1,7,-1,6,-1,7,-1,10,0,11,0,11,-1,10,-1,10,-1,11,0,11,-1,11,0,10,0,10,-1,10,-1,10,-1,11,0,6,-1,6,-1,5,-1,6,0,6,-1,6,0,5,0,5,-1,6,-1,5,0,6,-1,5,0,6,-1,9,0,8,0,9,0,9,-1,9,-1,9,0,9,0,9,0,8,-1,9,0,9,-1,9,-1,8,-1,8,-1,4,-1,5,0,4,0,4,-1,4,-1,5,0,4,0,4,0,5,0,4,-1,5,0,4,0,4,0,5,0,4,0,4,0,7,-1,8,0,7,-1,7,-1,8,-1,8,0,7,0],"VAS":[[0,1213,0,0,0,0,0,1110,0,0,0,0,0,0,0,1005,0,0,0,1108,0,0,0,1108,0,1128,0,1153,0,1149,0,1111,0,1148,0,0,0,0,0,1155,0,1031,0,1117,0,0,0,1092,0,0,0,0,0,1119,0,1113,0,1120,0,0,0,1043,0,983,0,1000,0,0,0,1001,0,0,0,0,0,1058,0,1098,0,0,0,1109,0,0,0,1112,0,0,0,0,0,0,0,1046,0,1108,0,0,0,0,0,0,0,1112,0,0,0,1103,0,1107,0,1108,0,1125,0,1037,0,0,0,0,0,1008,0,1103,0,0,0,0,0,0,0,0,0,1109,0,0,0,0,0,0,0,0,0,0,0,0,0,1064,0,0,0,1074,0,1102,0,1109,0,0,0,0],[0,653,0,0,0,0,0,651,0,0,0,0,0,0,0,751,0,0,0,724,0,0,0,748,0,788,0,656,0,638,0,633,0,612,0,0,0,0,0,543,0,563,0,538,0,0,0,531,0,0,0,0,0,523,0,532,0,475,0,0,0,691,0,753,0,724,0,0,0,674,0,0,0,0,0,693,0,647,0,0,0,652,0,0,0,605,0,0,0,0,0,0,0,558,0,532,0,0,0,0,0,0,0,553,0,0,0,546,0,538,0,585,0,494,0,529,0,0,0,0,0,653,0,677,0,0,0,0,0,0,0,0,0,700,0,0,0,0,0,0,0,0,0,0,0,0,0,623,0,0,0,552,0,529,0,499,0,0,0,0]],"CP":[[0,0,0,705,0,806,0,0,0,906,0,705,0,806,0,0,0,905,0,0,0,904,0,0,0,0,0,0,0,0,0,0,0,0,0,1013,0,1061,0,0,0,0,0,0,0,950,0,0,0,979,0,767,0,0,0,0,0,0,0,905,0,0,0,0,0,0,0,956,0,0,0,1008,0,991,0,0,0,0,0,1008,0,0,0,1005,0,0,0,1064,0,916,0,929,0,0,0,0,0,1025,0,1008,0,1006,0,0,0,1007,0,0,0,0,0,0,0,0,0,0,0,977,0,943,0,0,0,0,0,1007,0,1010,0,900,0,904,0,0,0,976,0,975,0,903,0,925,0,921,0,817,0,0,0,961,0,0,0,0,0,0,0,1069,0,995],[0,0,0,854,0,649,0,0,0,753,0,653,0,753,0,0,0,705,0,0,0,684,0,0,0,0,0,0,0,0,0,0,0,0,0,559,0,517,0,0,0,0,0,0,0,528,0,0,0,479,0,575,0,0,0,0,0,0,0,532,0,0,0,0,0,0,0,616,0,0,0,715,0,751,0,0,0,0,0,776,0,0,0,653,0,0,0,559,0,550,0,542,0,0,0,0,0,523,0,515,0,519,0,0,0,578,0,0,0,0,0,0,0,0,0,0,0,572,0,654,0,0,0,0,0,618,0,590,0,652,0,684,0,0,0,605,0,650,0,690,0,637,0,585,0,694,0,0,0,567,0,0,0,0,0,0,0,482,0,548]],"VASRT":[0,8.8041723841579849,0,0,0,0,0,8.37381624854627,0,0,0,0,0,0,0,8.5271570069266254,0,0,0,11.858890058026127,0,0,0,6.3384344637044423,0,7.9896447258578291,0,6.9220312631399743,0,3.5354788027214235,0,7.4731334313767723,0,3.319288097977803,0,0,0,0,0,8.4066833627668753,0,6.1381403333887139,0,5.8392731658390407,0,0,0,7.6727281304675117,0,0,0,0,0,5.487944964402848,0,5.4329348011133467,0,7.2230578476798781,0,0,0,11.042580798664313,0,6.2718030762667194,0,9.2243406168532154,0,0,0,10.8411729112953,0,0,0,0,0,9.357244856308931,0,5.5656179300527748,0,0,0,6.8048549962156875,0,0,0,3.7192548698668211,0,0,0,0,0,0,0,8.8235008891596358,0,3.2193030711389241,0,0,0,0,0,0,0,3.2194052168134242,0,0,0,3.8870999038025675,0,6.8553715702743778,0,5.49003710472393,0,5.6215904778899741,0,6.5887069547256729,0,0,0,0,0,4.3529604811102294,0,6.0882431969545,0,0,0,0,0,0,0,0,0,4.1031622085617769,0,0,0,0,0,0,0,0,0,0,0,0,0,4.2863615013363034,0,0,0,3.6528979220123929,0,3.353996295680961,0,4.9205995828026063,0,0,0,0],"CPRT":[0,0,0,23.701648483505934,0,6.7224857908803193,0,0,0,8.0032272290011672,0,5.5866418891616876,0,6.3295703523205322,0,0,0,9.7240864833377429,0,0,0,13.259160395373499,0,0,0,0,0,0,0,0,0,0,0,0,0,7.08893237258968,0,9.3735221182305413,0,0,0,0,0,0,0,8.0394290508041415,0,0,0,11.408224162579813,0,9.8974539472739611,0,0,0,0,0,0,0,8.2893709016099226,0,0,0,0,0,0,0,9.090137199280468,0,0,0,9.1733407994027143,0,7.22219924970105,0,0,0,0,0,8.3728165336516671,0,0,0,4.5539692209238645,0,0,0,5.2708394610482445,0,5.4535432037231892,0,5.4207007029181256,0,0,0,0,0,7.9732366026102524,0,5.30880442385122,0,3.6192316922338521,0,0,0,4.0873690104791613,0,0,0,0,0,0,0,0,0,0,0,8.07295129210176,0,5.5036659631332059,0,0,0,0,0,4.2032596366649644,0,9.2239238296833683,0,8.15561503797645,0,7.4730837943220951,0,0,0,5.5375492011921095,0,8.339970751057864,0,6.0348948494376859,0,5.0009078248099126,0,3.4695333091301412,0,5.9377514414231474,0,0,0,7.4554372060491572,0,0,0,0,0,0,0,6.6364159585181905,0,3.7697312420134592],"break_time":173.71496885377374,"after_SBT":52.851975329153156},{"name":"LVHS","s":[7,10,8,3,8,7,4,7,7,5,9,4,6,4,6,6,6,12,11,9,12,9,10,9,10,11,9,11,8,11,3,6,6,3,3,5,5,6,5,4,8,8,6,8,11,8,6,10,11,10,9,9,8,11,10,10,7,4,5,8,3,4,4,3,7,3,8,6,4,6,7,4,5,7,8,8,8,5,8,9],"ms":[7,0,10,0,8,0,3,-1,8,0,7,0,4,0,7,0,7,-1,5,-1,9,-1,4,0,6,0,4,-1,6,0,6,-1,6,-1,12,0,11,0,9,-1,12,0,9,0,10,-1,9,-1,10,0,11,0,9,0,11,0,8,0,11,-1,3,-1,6,-1,6,0,3,0,3,0,5,0,5,-1,6,0,5,-1,4,-1,8,-1,8,-1,6,0,8,-1,11,-1,8,0,6,0,10,-1,11,-1,10,0,9,-1,9,-1,8,-1,11,-1,10,0,10,-1,7,-1,4,-1,5,0,8,-1,3,-1,4,0,4,0,3,-1,7,-1,3,-1,8,0,6,-1,4,0,6,-1,7,0,4,0,5,-1,7,-1,8,0,8,0,8,0,5,0,8,-1,9,-1],"VAS":[[0,0,0,0,0,0,0,1107,0,0,0,0,0,0,0,0,0,1085,0,1007,0,1055,0,0,0,0,0,1078,0,0,0,1045,0,1080,0,0,0,0,0,1046,0,0,0,0,0,1107,0,1109,0,0,0,0,0,0,0,0,0,0,0,1106,0,931,0,1036,0,0,0,0,0,0,0,0,0,1105,0,0,0,1072,0,1108,0,1156,0,1143,0,0,0,1005,0,1020,0,0,0,0,0,1020,0,1081,0,0,0,1008,0,1070,0,1014,0,1117,0,0,0,1107,0,1111,0,1109,0,0,0,1111,0,1108,0,0,0,0,0,1097,0,1111,0,1078,0,0,0,948,0,0,0,1055,0,0,0,0,0,1107,0,1092,0,0,0,0,0,0,0,0,0,1105,0,1074],[0,0,0,0,0,0,0,775,0,0,0,0,0,0,0,0,0,564,0,656,0,565,0,0,0,0,0,725,0,0,0,648,0,632,0,0,0,0,0,596,0,0,0,0,0,521,0,573,0,0,0,0,0,0,0,0,0,0,0,513,0,731,0,690,0,0,0,0,0,0,0,0,0,664,0,0,0,626,0,713,0,542,0,545,0,0,0,598,0,568,0,0,0,0,0,539,0,513,0,0,0,588,0,562,0,588,0,523,0,0,0,558,0,570,0,717,0,0,0,567,0,668,0,0,0,0,0,732,0,578,0,469,0,0,0,582,0,0,0,601,0,0,0,0,0,605,0,576,0,0,0,0,0,0,0,0,0,588,0,555]],"CP":[[0,784,0,884,0,798,0,0,0,994,0,979,0,819,0,803,0,0,0,0,0,0,0,963,0,872,0,0,0,1010,0,0,0,0,0,868,0,805,0,0,0,1007,0,868,0,0,0,0,0,743,0,789,0,805,0,864,0,919,0,0,0,0,0,0,0,840,0,903,0,1013,0,1051,0,0,0,790,0,0,0,0,0,0,0,0,0,905,0,0,0,0,0,937,0,884,0,0,0,0,0,905,0,0,0,0,0,0,0,0,0,940,0,0,0,0,0,0,0,927,0,0,0,0,0,996,0,778,0,0,0,0,0,0,0,705,0,0,0,732,0,0,0,938,0,1016,0,0,0,0,0,1079,0,1060,0,1016,0,901,0,0,0,0],[0,533,0,506,0,528,0,0,0,583,0,579,0,607,0,593,0,0,0,0,0,0,0,655,0,614,0,0,0,597,0,0,0,0,0,520,0,595,0,0,0,510,0,573,0,0,0,0,0,590,0,518,0,524,0,528,0,542,0,0,0,0,0,0,0,646,0,694,0,702,0,698,0,0,0,672,0,0,0,0,0,0,0,0,0,644,0,0,0,0,0,614,0,634,0,0,0,0,0,594,0,0,0,0,0,0,0,0,0,604,0,0,0,0,0,0,0,612,0,0,0,0,0,535,0,618,0,0,0,0,0,0,0,604,0,0,0,601,0,0,0,600,0,602,0,0,0,0,0,558,0,549,0,542,0,592,0,0,0,0]],"VASRT":[0,0,0,0,0,0,0,11.341982897778434,0,0,0,0,0,0,0,0,0,6.5714968443550159,0,9.590747406874117,0,3.6118997659674403,0,0,0,0,0,6.1378421008370614,0,0,0,4.3200568569899023,0,3.55292602232847,0,0,0,0,0,3.9427516567905339,0,0,0,0,0,3.4730973317006435,0,3.6870912891071277,0,0,0,0,0,0,0,0,0,0,0,3.5192208213086542,0,6.6720364934907774,0,7.2892035303842357,0,0,0,0,0,0,0,0,0,3.7533235289894757,0,0,0,4.9539019442547163,0,4.4869858616438894,0,4.1533370663680236,0,2.5685087757082,0,0,0,5.70555586322325,0,6.8722982161427089,0,0,0,0,0,5.8338893914127894,0,3.4501075811370989,0,0,0,3.0528146466231418,0,2.5186104086032093,0,3.2437322962880919,0,5.1373161941916443,0,0,0,7.872920525332332,0,5.1542797601832877,0,5.9178617505471358,0,0,0,4.336754187870099,0,2.9360707553652117,0,0,0,0,0,4.8282402023222755,0,2.7357499605159794,0,19.048331312982143,0,0,0,2.9196540174221961,0,0,0,4.5869696578119905,0,0,0,0,0,4.6856567372046136,0,3.3359472780639088,0,0,0,0,0,0,0,0,0,3.4866884495394213,0,5.918162444440342],