{"ORDER":[1,3,2,4],"Sens":8,"Threshold":47,"sequences":[{"name":"LVLS","s":[7,7,7,6,6,6,7,7,7,6,7,7,7,7,7,9,10,10,9,10,10,10,10,10,10,9,10,10,10,9,7,6,6,7,7,7,6,6,6,7,6,6,7,7,7,4,3,3,4,3,3,3,3,4,4,3,3,4,3,3,6,6,7,7,6,6,7,7,6,7,6,7,6,7,7,10,10,10,9,10],"ms":[7,0,7,-1,7,0,6,-1,6,0,6,-1,7,0,7,-1,7,0,6,-1,7,0,7,-1,7,0,7,-1,7,0,9,-1,10,0,10,-1,9,0,10,-1,10,0,10,-1,10,0,10,-1,10,0,9,-1,10,0,10,-1,10,0,9,-1,7,0,6,-1,6,0,7,-1,7,0,7,-1,6,0,6,-1,6,0,7,-1,6,0,6,-1,7,0,7,-1,7,0,4,-1,3,0,3,-1,4,0,3,-1,3,0,3,-1,3,0,4,-1,4,0,3,-1,3,0,4,-1,3,0,3,-1,6,0,6,-1,7,0,7,-1,6,0,6,-1,7,0,7,-1,6,0,7,-1,6,0,7,-1,6,0,7,-1,7,0,10,-1,10,0,10,-1,9,0,10,-1],"VAS":[[0,0,0,908,0,0,0,1107,0,0,0,1107,0,0,0,1103,0,0,0,907,0,0,0,1013,0,0,0,1003,0,0,0,1108,0,0,0,1210,0,0,0,1208,0,0,0,1207,0,0,0,1214,0,0,0,1204,0,0,0,1016,0,0,0,1204,0,0,0,1116,0,0,0,1108,0,0,0,909,0,0,0,807,0,0,0,1003,0,0,0,898,0,0,0,1018,0,0,0,1002,0,0,0,1015,0,0,0,1010,0,0,0,1015,0,0,0,1007,0,0,0,1003,0,0,0,1111,0,0,0,1006,0,0,0,1011,0,0,0,1204,0,0,0,1209,0,0,0,1214,0,0,0,1214,0,0,0,1008,0,0,0,1114,0,0,0,1005,0,0,0,1211,0,0,0,1204],[0,0,0,752,0,0,0,954,0,0,0,954,0,0,0,751,0,0,0,855,0,0,0,751,0,0,0,655,0,0,0,648,0,0,0,550,0,0,0,548,0,0,0,548,0,0,0,549,0,0,0,556,0,0,0,551,0,0,0,654,0,0,0,750,0,0,0,650,0,0,0,753,0,0,0,755,0,0,0,744,0,0,0,748,0,0,0,646,0,0,0,950,0,0,0,945,0,0,0,954,0,0,0,865,0,0,0,858,0,0,0,953,0,0,0,856,0,0,0,962,0,0,0,848,0,0,0,856,0,0,0,842,0,0,0,856,0,0,0,850,0,0,0,865,0,0,0,857,0,0,0,653,0,0,0,648,0,0,0,646]],"CP":[[0,1006,0,0,0,804,0,0,0,804,0,0,0,1104,0,0,0,808,0,0,0,910,0,0,0,907,0,0,0,1113,0,0,0,1209,0,0,0,705,0,0,0,1009,0,0,0,1212,0,0,0,1212,0,0,0,1207,0,0,0,1106,0,0,0,1109,0,0,0,1110,0,0,0,1107,0,0,0,998,0,0,0,1005,0,0,0,811,0,0,0,1007,0,0,0,909,0,0,0,898,0,0,0,907,0,0,0,1006,0,0,0,904,0,0,0,1005,0,0,0,1010,0,0,0,1014,0,0,0,1006,0,0,0,1012,0,0,0,1113,0,0,0,1105,0,0,0,1213,0,0,0,1008,0,0,0,1006,0,0,0,1106,0,0,0,902,0,0,0,1010,0,0],[0,756,0,0,0,644,0,0,0,649,0,0,0,753,0,0,0,949,0,0,0,960,0,0,0,562,0,0,0,550,0,0,0,546,0,0,0,553,0,0,0,555,0,0,0,551,0,0,0,550,0,0,0,549,0,0,0,548,0,0,0,653,0,0,0,747,0,0,0,649,0,0,0,755,0,0,0,756,0,0,0,659,0,0,0,652,0,0,0,759,0,0,0,856,0,0,0,860,0,0,0,860,0,0,0,957,0,0,0,863,0,0,0,963,0,0,0,956,0,0,0,753,0,0,0,860,0,0,0,860,0,0,0,860,0,0,0,853,0,0,0,857,0,0,0,959,0,0,0,866,0,0,0,651,0,0,0,650,0,0]],"VASRT":[0,0,0,7.8897405520089725,0,0,0,5.1517942629857316,0,0,0,7.4649163109372143,0,0,0,9.5908338714057511,0,0,0,4.2635961396619946,0,0,0,3.9541057728675306,0,0,0,2.2717053764305413,0,0,0,3.7530596288161777,0,0,0,1.4516707046027548,0,0,0,1.868398425738212,0,0,0,3.7698581539918137,0,0,0,2.1859233691893305,0,0,0,2.4343963237689081,0,0,0,5.0703339276059456,0,0,0,4.5187774283611617,0,0,0,2.3353867598906186,0,0,0,1.6673797664533248,0,0,0,4.1199681340797154,0,0,0,5.5472541077419253,0,0,0,2.2233272648062896,0,0,0,2.4522548584452482,0,0,0,1.5843117773454967,0,0,0,3.2697625726397765,0,0,0,4.2362405926207911,0,0,0,3.8417398431481296,0,0,0,3.1361968631266834,0,0,0,1.9346596852625042,0,0,0,2.7360174327259061,0,0,0,2.8367056184605741,0,0,0,1.3177985604545899,0,0,0,1.2512230721077207,0,0,0,1.8850070188709587,0,0,0,1.7855827221733149,0,0,0,2.4521063586622547,0,0,0,1.4415833850894733,0,0,0,5.4048526611407244,0,0,0,0.83416512355428074,0,0,0,3.8530647975931549,0,0,0,1.3453826002558134,0,0,0,1.1423111981142988],"CPRT":[0,11.739330372636003,0,0,0,5.9695673897758308,0,0,0,5.4217508698723478,0,0,0,4.310783381479534,0,0,0,4.2857845506076595,0,0,0,4.6290610793554947,0,0,0,4.5601346179248265,0,0,0,5.92292451042247,0,0,0,2.0187569173414111,0,0,0,6.6379694254535195,0,0,0,8.681295262692835,0,0,0,3.1025058723049548,0,0,0,1.6011866035146043,0,0,0,1.8019702065131513,0,0,0,2.4557023506449074,0,0,0,4.16957075358307,0,0,0,3.3525864806125738,0,0,0,2.4176215913761827,0,0,0,4.6927297459833266,0,0,0,7.906045582049412,0,0,0,4.1358510473336905,0,0,0,3.16912689511567,0,0,0,3.0957023670537231,0,0,0,5.5873978653771523,0,0,0,3.5858976893926031,0,0,0,7.5556902901652938,0,0,0,5.7449467000640766,0,0,0,8.0069462619486949,0,0,0,3.3038465545999243,0,0,0,3.5859079449024782,0,0,0,5.6369914600318163,0,0,0,2.5185107851044051,0,0,0,2.8767115420430782,0,0,0,2.5521033230313317,0,0,0,2.5194374729767315,0,0,0,3.4361783211648289,0,0,0,2.9538264127785294,0,0,0,4.4533320972025434,0,0,0,5.3707461170588511,0,0,0,2.5854530104844127,0,0],"break_time":245.49953932249642,"after_SBT":326.60680457182428},{"name":"LVHS","s":[7,9,8,5,5,10,5,7,5,7,5,9,7,7,5,8,7,11,11,5,13,10,10,10,9,9,12,9,11,7,8,6,7,6,10,8,8,9,4,7,4,9,8,9,10,6,2,5,6,4,1,2,4,3,4,1,4,2,2,6,5,6,7,8,3,5,6,5,5,5,7,7,11,5,7,7,9,9,8,8],"ms":[7,0,9,-1,8,0,5,-1,5,0,10,-1,5,0,7,-1,5,0,7,-1,5,0,9,-1,7,0,7,-1,5,0,8,-1,7,0,11,-1,11,0,5,-1,13,0,10,-1,10,0,10,-1,9,0,9,-1,12,0,9,-1,11,0,7,-1,8,0,6,-1,7,0,6,-1,10,0,8,-1,8,0,9,-1,4,0,7,-1,4,0,9,-1,8,0,9,-1,10,0,6,-1,2,0,5,-1,6,0,4,-1,1,0,2,-1,4,0,3,-1,4,0,1,-1,4,0,2,-1,2,0,6,-1,5,0,6,-1,7,0,8,-1,3,0,5,-1,6,0,5,-1,5,0,5,-1,7,0,7,-1,11,0,5,-1,7,0,7,-1,9,0,9,-1,8,0,8,-1],"VAS":[[0,0,0,1138,0,0,0,1129,0,0,0,1096,0,0,0,1038,0,0,0,1140,0,0,0,1175,0,0,0,1111,0,0,0,1096,0,0,0,1195,0,0,0,1210,0,0,0,1192,0,0,0,1180,0,0,0,1163,0,0,0,1174,0,0,0,1175,0,0,0,1165,0,0,0,1150,0,0,0,1192,0,0,0,1188,0,0,0,1163,0,0,0,1206,0,0,0,1193,0,0,0,1148,0,0,0,1127,0,0,0,1192,0,0,0,1081,0,0,0,1142,0,0,0,1182,0,0,0,1162,0,0,0,1149,0,0,0,1132,0,0,0,1177,0,0,0,1183,0,0,0,1136,0,0,0,1154,0,0,0,1138,0,0,0,1137,0,0,0,1162,0,0,0,1180,0,0,0,1132],[0,0,0,655,0,0,0,880,0,0,0,637,0,0,0,784,0,0,0,664,0,0,0,605,0,0,0,859,0,0,0,734,0,0,0,603,0,0,0,943,0,0,0,740,0,0,0,868,0,0,0,768,0,0,0,811,0,0,0,872,0,0,0,815,0,0,0,816,0,0,0,757,0,0,0,665,0,0,0,757,0,0,0,678,0,0,0,597,0,0,0,707,0,0,0,903,0,0,0,934,0,0,0,888,0,0,0,792,0,0,0,900,0,0,0,923,0,0,0,990,0,0,0,835,0,0,0,734,0,0,0,850,0,0,0,864,0,0,0,881,0,0,0,816,0,0,0,798,0,0,0,783,0,0,0,661,0,0,0,816]],"CP":[[0,974,0,0,0,980,0,0,0,983,0,0,0,865,0,0,0,932,0,0,0,944,0,0,0,844,0,0,0,951,0,0,0,851,0,0,0,859,0,0,0,835,0,0,0,763,0,0,0,958,0,0,0,729,0,0,0,878,0,0,0,855,0,0,0,941,0,0,0,860,0,0,0,858,0,0,0,894,0,0,0,948,0,0,0,1025,0,0,0,1048,0,0,0,912,0,0,0,990,0,0,0,897,0,0,0,1070,0,0,0,1060,0,0,0,1129,0,0,0,1090,0,0,0,1161,0,0,0,1100,0,0,0,1005,0,0,0,1082,0,0,0,1065,0,0,0,1051,0,0,0,1081,0,0,0,904,0,0,0,859,0,0,0,974,0,0],[0,732,0,0,0,701,0,0,0,951,0,0,0,640,0,0,0,829,0,0,0,672,0,0,0,935,0,0,0,873,0,0,0,632,0,0,0,950,0,0,0,953,0,0,0,1057,0,0,0,840,0,0,0,901,0,0,0,856,0,0,0,713,0,0,0,841,0,0,0,649,0,0,0,653,0,0,0,906,0,0,0,839,0,0,0,621,0,0,0,618,0,0,0,951,0,0,0,788,0,0,0,925,0,0,0,811,0,0,0,886,0,0,0,889,0,0,0,987,0,0,0,1040,0,0,0,722,0,0,0,811,0,0,0,814,0,0,0,835,0,0,0,883,0,0,0,634,0,0,0,645,0,0,0,643,0,0,0,703,0,0]],"VASRT":[0,0,0,1.7178331830559286,0,0,0,0.9738242468148437,0,0,0,1.0678492226733736,0,0,0,0.94499682899634663,0,0,0,0.66792248803592214,0,0,0,1.0845419109870968,0,0,0,1.1189639145527326,0,0,0,0.70044886315621935,0,0,0,1.369396902179665,0,0,0,1.9014125529081753,0,0,0,1.1507818390508484,0,0,0,1.28471838780103,0,0,0,0.984629862239787,0,0,0,1.584976334385412,0,0,0,1.0010735467737397,0,0,0,0.71711652802584713,0,0,0,0.91801909493894684,0,0,0,1.3168829485329288,0,0,0,0.80079779662421435,0,0,0,0.66745524700600645,0,0,0,1.084329416822482,0,0,0,0.83472876637702376,0,0,0,1.7014124708640965,0,0,0,2.151845540535108,0,0,0,1.0007658814774827,0,0,0,18.881245708069116,0,0,0,1.5852638988823136,0,0,0,1.0010198079019934,0,0,0,1.1853826987087082,0,0,0,2.1685558683258166,0,0,0,1.4179674071691757,0,0,0,0.76812702392487386,0,0,0,2.0016761605340085,0,0,0,0.98491250409194842,0,0,0,2.3682761800604992,0,0,0,0.76798877965175572,0,0,0,1.8255689551768584,0,0,0,0.88427559590665683,0,0,0,3.286858097381399,0,0,0,1.6183354569075781],