{"ORDER":[3,1,2,4],"Sens":10,"Threshold":48,"sequences":[{"name":"LVLS","s":[9,9,10,10,10,10,9,9,10,9,10,10,9,5,6,5,6,6,5,5,6,6,6,6,6,6,6,6,5,10,11,10,11,11,11,11,10,11,11,11,10,10,6,7,7,6,7,7,7,6,6,7,6,7,7,7,7,7,6,10,9,10,9,10,9,9,9,9,9,10,10,10,9,10,4,3,4,3,4,4],"ms":[9,0,9,0,10,0,10,0,10,-1,10,0,9,0,9,-1,10,-1,9,-1,10,0,10,-1,9,-1,5,0,6,-1,5,0,6,0,6,-1,5,-1,5,-1,6,0,6,0,6,0,6,0,6,-1,6,-1,6,-1,6,0,5,0,10,-1,11,-1,10,0,11,0,11,-1,11,-1,11,-1,10,0,11,-1,11,0,11,0,10,0,10,0,6,0,7,0,7,-1,6,0,7,0,7,0,7,0,6,-1,6,-1,7,-1,6,-1,7,0,7,-1,7,-1,7,-1,7,0,6,0,10,-1,9,-1,10,-1,9,0,10,0,9,-1,9,-1,9,-1,9,0,9,-1,10,-1,10,0,10,-1,9,0,10,-1,4,-1,3,0,4,0,3,-1,4,0,4,-1],"VAS":[[0,0,0,0,0,0,0,0,0,1161,0,0,0,0,0,1204,0,1194,0,1153,0,0,0,1006,0,1109,0,0,0,1155,0,0,0,0,0,1152,0,1092,0,1008,0,0,0,0,0,0,0,0,0,1161,0,1161,0,1212,0,0,0,0,0,1005,0,1111,0,0,0,0,0,1154,0,1159,0,1160,0,0,0,1156,0,0,0,0,0,0,0,0,0,0,0,0,0,1170,0,0,0,0,0,0,0,0,0,802,0,1060,0,1160,0,1135,0,0,0,1155,0,1157,0,1158,0,0,0,0,0,1146,0,1107,0,1081,0,0,0,0,0,1145,0,1159,0,1005,0,0,0,1108,0,1109,0,0,0,1157,0,0,0,1156,0,1187,0,0,0,0,0,1214,0,0,0,1214],[0,0,0,0,0,0,0,0,0,652,0,0,0,0,0,701,0,677,0,752,0,0,0,649,0,692,0,0,0,802,0,0,0,0,0,856,0,880,0,832,0,0,0,0,0,0,0,0,0,1021,0,991,0,992,0,0,0,0,0,700,0,599,0,0,0,0,0,576,0,615,0,552,0,0,0,597,0,0,0,0,0,0,0,0,0,0,0,0,0,753,0,0,0,0,0,0,0,0,0,805,0,830,0,818,0,853,0,0,0,884,0,892,0,914,0,0,0,0,0,804,0,827,0,751,0,0,0,0,0,753,0,674,0,704,0,0,0,731,0,652,0,0,0,622,0,0,0,701,0,857,0,0,0,0,0,1031,0,0,0,1001]],"CP":[[0,1164,0,1062,0,1060,0,1058,0,0,0,1159,0,1155,0,0,0,0,0,0,0,840,0,0,0,0,0,1009,0,0,0,1061,0,1060,0,0,0,0,0,0,0,956,0,955,0,1059,0,1162,0,0,0,0,0,0,0,958,0,956,0,0,0,0,0,1043,0,1108,0,0,0,0,0,0,0,956,0,0,0,956,0,1058,0,1006,0,1047,0,1009,0,1005,0,0,0,1053,0,1109,0,1155,0,1058,0,0,0,0,0,0,0,0,0,1005,0,0,0,0,0,0,0,1113,0,1109,0,0,0,0,0,0,0,957,0,956,0,0,0,0,0,0,0,957,0,0,0,0,0,1059,0,0,0,1008,0,0,0,0,0,1177,0,1214,0,0,0,1214,0,0],[0,565,0,631,0,653,0,668,0,0,0,680,0,703,0,0,0,0,0,0,0,704,0,0,0,0,0,755,0,0,0,853,0,852,0,0,0,0,0,0,0,908,0,968,0,1010,0,1008,0,0,0,0,0,0,0,980,0,983,0,0,0,0,0,651,0,503,0,0,0,0,0,0,0,653,0,0,0,596,0,600,0,651,0,621,0,704,0,752,0,0,0,779,0,806,0,855,0,812,0,0,0,0,0,0,0,0,0,810,0,0,0,0,0,0,0,971,0,998,0,0,0,0,0,0,0,643,0,702,0,0,0,0,0,0,0,652,0,0,0,0,0,567,0,0,0,754,0,0,0,0,0,1005,0,1032,0,0,0,1040,0,0]],"VASRT":[0,0,0,0,0,0,0,0,0,5.6053747495072193,0,0,0,0,0,4.2038954832331363,0,4.17008116273775,0,3.5196355573605396,0,0,0,4.92066603902457,0,4.270168335251129,0,0,0,6.962672934883158,0,0,0,0,0,3.3527947507789122,0,3.5364838505227274,0,3.352866950131169,0,0,0,0,0,0,0,0,0,4.2201034173676364,0,3.0691862599709974,0,5.5713996213636241,0,0,0,0,0,8.0903271328037345,0,3.1189266909929256,0,0,0,0,0,8.3905935730269778,0,2.6971856610445522,0,3.2527773162762363,0,0,0,5.403398702462777,0,0,0,0,0,0,0,0,0,0,0,0,0,2.2180276859902488,0,0,0,0,0,0,0,0,0,8.3894806364208812,0,4.0840868115166176,0,4.3202430985008382,0,6.0884159010868872,0,0,0,1.7681568038659472,0,4.2372827609688661,0,2.2520532716357051,0,0,0,0,0,4.85449574290467,0,3.236394626891387,0,5.7875501241951923,0,0,0,0,0,3.4797281858476965,0,3.5364096000525085,0,4.6040755713901866,0,0,0,4.4872434820598963,0,2.169327171774976,0,0,0,10.041158143245976,0,0,0,2.3031412871585659,0,2.93585743909718,0,0,0,0,0,4.8037445209511445,0,0,0,3.2691353922455435],"CPRT":[0,7.2452320737417928,0,6.4217233903339013,0,5.070347602960994,0,3.0366542984253568,0,0,0,6.2256287189332546,0,3.8804226943895772,0,0,0,0,0,0,0,7.03957262906147,0,0,0,0,0,7.8399754686291763,0,0,0,9.506810326968715,0,3.5699433276107144,0,0,0,0,0,0,0,4.1031937957783891,0,3.2695037730314906,0,5.1207210089859476,0,3.5200478320708704,0,0,0,0,0,0,0,8.0733155706517845,0,5.3705557914341213,0,0,0,0,0,2.9187560379785,0,11.274921596015908,0,0,0,0,0,0,0,3.9865959441193421,0,0,0,3.3534999251341944,0,5.6375937104518821,0,5.1208206933188931,0,6.0218234848904393,0,4.5866217882056617,0,2.7187827025120042,0,0,0,9.6122960419576682,0,3.6536129417338921,0,4.1933330461768188,0,4.2366514268602105,0,0,0,0,0,0,0,0,0,5.0709604770079935,0,0,0,0,0,0,0,4.469509105938192,0,2.4187874200833166,0,0,0,0,0,0,0,4.5867846469718323,0,2.953695191564162,0,0,0,0,0,0,0,4.7035330506892779,0,0,0,0,0,5.63753627914895,0,0,0,4.53714225938848,0,0,0,0,0,3.6524446249428251,0,3.6867565466557548,0,0,0,5.4207655182457195,0,0],"break_time":197.74965982208602,"after_SBT":239.83580349469477},{"name":"LVHS","s":[11,11,12,10,7,9,10,8,13,12,7,9,9,3,7,2,5,6,8,4,6,2,7,8,8,6,6,6,6,13,10,11,8,10,9,8,13,10,12,9,8,9,5,8,8,7,4,9,7,5,10,5,7,4,5,7,9,6,6,11,9,11,8,13,8,9,10,6,8,11,9,13,11,11,2,6,5,6,4,5],"ms":[11,0,11,0,12,-1,10,0,7,-1,9,-1,10,0,8,0,13,-1,12,0,7,0,9,0,9,-1,3,-1,7,-1,2,-1,5,0,6,0,8,-1,4,0,6,-1,2,-1,7,-1,8,0,8,0,6,-1,6,0,6,0,6,0,13,-1,10,-1,11,0,8,0,10,0,9,-1,8,0,13,0,10,-1,12,-1,9,-1,8,-1,9,0,5,0,8,-1,8,-1,7,-1,4,0,9,0,7,-1,5,0,10,-1,5,-1,7,0,4,-1,5,0,7,-1,9,0,6,0,6,-1,11,0,9,0,11,-1,8,-1,13,0,8,0,9,-1,10,0,6,0,8,-1,11,0,9,0,13,-1,11,-1,11,0,2,-1,6,-1,5,-1,6,0,4,-1,5,-1],"VAS":[[0,0,0,0,0,1158,0,0,0,1180,0,1162,0,0,0,0,0,1162,0,0,0,0,0,0,0,1186,0,1208,0,1211,0,1211,0,0,0,0,0,1175,0,0,0,1211,0,1214,0,1184,0,0,0,0,0,1062,0,0,0,0,0,0,0,1186,0,1161,0,0,0,0,0,0,0,1204,0,0,0,0,0,1106,0,1161,0,1159,0,1161,0,0,0,0,0,1159,0,1210,0,1214,0,0,0,0,0,1214,0,0,0,1107,0,1158,0,0,0,1002,0,0,0,1005,0,0,0,0,0,1109,0,0,0,0,0,1110,0,1161,0,0,0,0,0,1162,0,0,0,0,0,1091,0,0,0,0,0,1195,0,1109,0,0,0,1172,0,1162,0,1160,0,0,0,1214,0,1214],[0,0,0,0,0,652,0,0,0,738,0,806,0,0,0,0,0,651,0,0,0,0,0,0,0,824,0,908,0,956,0,1005,0,0,0,0,0,883,0,0,0,834,0,975,0,850,0,0,0,0,0,807,0,0,0,0,0,0,0,630,0,677,0,0,0,0,0,0,0,808,0,0,0,0,0,683,0,626,0,705,0,805,0,0,0,0,0,797,0,851,0,953,0,0,0,0,0,982,0,0,0,733,0,809,0,0,0,854,0,0,0,805,0,0,0,0,0,853,0,0,0,0,0,697,0,867,0,0,0,0,0,728,0,0,0,0,0,761,0,0,0,0,0,610,0,620,0,0,0,820,0,855,0,897,0,0,0,995,0,1023]],"CP":[[0,1007,0,1008,0,0,0,1061,0,0,0,0,0,1109,0,1158,0,0,0,959,0,1040,0,1061,0,0,0,0,0,0,0,0,0,1035,0,1053,0,0,0,1109,0,0,0,0,0,0,0,1006,0,987,0,0,0,958,0,1057,0,1110,0,0,0,0,0,958,0,1058,0,1111,0,0,0,1059,0,1057,0,0,0,0,0,0,0,0,0,1060,0,1004,0,0,0,0,0,0,0,1108,0,1061,0,0,0,955,0,0,0,0,0,954,0,0,0,828,0,0,0,846,0,960,0,0,0,1008,0,1006,0,0,0,0,0,1055,0,879,0,0,0,960,0,1057,0,0,0,1057,0,850,0,0,0,0,0,1000,0,0,0,0,0,0,0,1057,0,0,0,0],[0,578,0,626,0,0,0,713,0,0,0,0,0,921,0,959,0,0,0,649,0,738,0,788,0,0,0,0,0,0,0,0,0,959,0,884,0,0,0,956,0,0,0,0,0,0,0,751,0,786,0,0,0,866,0,891,0,926,0,0,0,0,0,737,0,807,0,856,0,0,0,853,0,676,0,0,0,0,0,0,0,0,0,689,0,854,0,0,0,0,0,0,0,1034,0,853,0,0,0,1012,0,0,0,0,0,702,0,0,0,856,0,0,0,804,0,753,0,0,0,651,0,716,0,0,0,0,0,596,0,750,0,0,0,650,0,700,0,0,0,588,0,771,0,0,0,0,0,753,0,0,0,0,0,0,0,975,0,0,0,0]],"VASRT":[0,0,0,0,0,5.9483885391732763,0,0,0,2.6396743645123775,0,5.9213293705734307,0,0,0,0,0,2.1852294893331612,0,0,0,0,0,0,0,3.1525715891446633,0,2.5524530345264687,0,2.3530326804624861,0,1.3676395119159699,0,0,0,0,0,2.7858760017147346,0,0,0,2.8531776945023886,0,3.3191851318561181,0,1.8412885943483495,0,0,0,0,0,4.1534072146023187,0,0,0,0,0,0,0,7.2728762211843563,0,2.4021934655483972,0,0,0,0,0,0,0,3.4364085744935275,0,0,0,0,0,9.5574393022917139,0,3.5864105230555916,0,2.8359400991510424,0,3.553201692582542,0,0,0,0,0,2.41890925649025,0,3.6203745751621921,0,1.2509587950912644,0,0,0,0,0,2.4768373401922719,0,0,0,4.4376101193955764,0,8.6036591944439316,0,0,0,3.669407370487284,0,0,0,4.9106533015820268,0,0,0,0,0,3.2194039861426469,0,0,0,0,0,2.6687062983679253,0,5.9545615837912456,0,0,0,0,0,2.4042109451756679,0,0,0,0,0,6.5216095532870195,0,0,0,0,0,5.0569796467564645,0,3.6042388403799492,0,0,0,3.5860872668648045,0,1.7182904342011613,0,2.301988969087601,0,0,0,1.9858189806353954,0,2.6185962558892726],