{"ORDER":[4,2,1,3],"Sens":9,"Threshold":47.5,"sequences":[{"name":"LVLS","s":[7,7,8,7,8,7,8,8,8,8,7,8,8,7,7,8,7,4,3,3,4,4,3,3,3,4,4,4,4,3,8,8,9,8,8,8,9,9,8,9,8,9,8,5,6,5,5,5,5,5,5,6,5,5,5,6,6,10,9,10,10,10,9,10,10,9,10,9,10,10,9,10,10,7,6,7,7,6,6,7],"ms":[7,0,7,-1,8,-1,7,-1,8,0,7,0,8,0,8,-1,8,-1,8,-1,7,-1,8,0,8,-1,7,0,7,-1,8,0,7,0,4,0,3,-1,3,0,4,-1,4,0,3,0,3,0,3,0,4,0,4,-1,4,-1,4,-1,3,-1,8,-1,8,-1,9,-1,8,0,8,-1,8,0,9,-1,9,0,8,-1,9,0,8,0,9,0,8,0,5,-1,6,-1,5,-1,5,0,5,-1,5,0,5,-1,5,0,6,0,5,-1,5,0,5,-1,6,-1,6,0,10,-1,9,0,10,0,10,0,10,-1,9,-1,10,0,10,-1,9,0,10,0,9,0,10,-1,10,-1,9,0,10,-1,10,-1,7,-1,6,0,7,-1,7,0,6,0,6,0,7,-1],"VAS":[[0,0,0,1038,0,1074,0,1073,0,0,0,0,0,0,0,1108,0,1071,0,1102,0,979,0,0,0,962,0,0,0,1110,0,0,0,0,0,0,0,1129,0,0,0,886,0,0,0,0,0,0,0,0,0,0,0,990,0,1039,0,1019,0,1133,0,1094,0,1186,0,1133,0,0,0,1023,0,0,0,1085,0,0,0,1001,0,0,0,0,0,0,0,0,0,1123,0,1172,0,1157,0,0,0,1061,0,0,0,866,0,0,0,0,0,1081,0,0,0,1033,0,1059,0,0,0,1102,0,0,0,0,0,0,0,1152,0,1162,0,0,0,1043,0,0,0,0,0,0,0,1045,0,1059,0,0,0,1038,0,1124,0,1084,0,0,0,1063,0,0,0,0,0,0,0,870],[0,0,0,627,0,638,0,727,0,0,0,0,0,0,0,721,0,739,0,798,0,797,0,0,0,929,0,0,0,797,0,0,0,0,0,0,0,813,0,0,0,824,0,0,0,0,0,0,0,0,0,0,0,914,0,915,0,830,0,898,0,702,0,698,0,684,0,0,0,783,0,0,0,706,0,0,0,852,0,0,0,0,0,0,0,0,0,906,0,837,0,703,0,0,0,841,0,0,0,1035,0,0,0,0,0,835,0,0,0,898,0,780,0,0,0,585,0,0,0,0,0,0,0,621,0,598,0,0,0,611,0,0,0,0,0,0,0,633,0,581,0,0,0,630,0,627,0,870,0,0,0,733,0,0,0,0,0,0,0,710]],"CP":[[0,760,0,0,0,0,0,0,0,1029,0,936,0,1015,0,0,0,0,0,0,0,0,0,813,0,0,0,1009,0,0,0,1023,0,866,0,893,0,0,0,890,0,0,0,793,0,849,0,1053,0,847,0,944,0,0,0,0,0,0,0,0,0,0,0,0,0,0,0,885,0,0,0,872,0,0,0,887,0,0,0,1047,0,757,0,785,0,1043,0,0,0,0,0,0,0,864,0,0,0,862,0,0,0,833,0,904,0,0,0,912,0,0,0,0,0,820,0,0,0,885,0,931,0,1069,0,0,0,0,0,1139,0,0,0,974,0,873,0,766,0,0,0,0,0,858,0,0,0,0,0,0,0,915,0,0,0,776,0,840,0,934,0,0],[0,681,0,0,0,0,0,0,0,799,0,822,0,917,0,0,0,0,0,0,0,0,0,796,0,0,0,884,0,0,0,644,0,622,0,822,0,0,0,830,0,0,0,899,0,897,0,787,0,842,0,806,0,0,0,0,0,0,0,0,0,0,0,0,0,0,0,780,0,0,0,806,0,0,0,647,0,0,0,696,0,704,0,699,0,705,0,0,0,0,0,0,0,795,0,0,0,816,0,0,0,820,0,832,0,0,0,803,0,0,0,0,0,785,0,0,0,578,0,614,0,643,0,0,0,0,0,615,0,0,0,666,0,694,0,575,0,0,0,0,0,631,0,0,0,0,0,0,0,911,0,0,0,776,0,779,0,753,0,0]],"VASRT":[0,0,0,0.950993869208412,0,0.98508919286457086,0,1.6856313033418866,0,0,0,0,0,0,0,1.4177725269157955,0,1.1002410063605168,0,0.84970145978065348,0,0.69019422035980715,0,0,0,1.0197776998352952,0,0,0,1.0343644303327528,0,0,0,0,0,0,0,2.1183052022504865,0,0,0,1.2347652187824973,0,0,0,0,0,0,0,0,0,0,0,2.0859701480291832,0,2.5023532476376249,0,1.8128990706384516,0,1.4858876930871172,0,1.6513070749211858,0,1.0513846071801436,0,1.2772742283181449,0,0,0,1.418599127454419,0,0,0,1.7853304043368838,0,0,0,2.2526197904167669,0,0,0,0,0,0,0,0,0,1.0513226634176958,0,1.2011010401219184,0,1.7183728891432275,0,0,0,4.4761551383581617,0,0,0,3.300499037000117,0,0,0,0,0,3.603001606025364,0,0,0,2.6858626694479826,0,2.1192909695429494,0,0,0,0.900710302150187,0,0,0,0,0,0,0,1.0885106627367247,0,0.76745203973425713,0,0,0,1.0845319041143375,0,0,0,0,0,0,0,1.9016747378158465,0,1.1021715185862053,0,0,0,1.4515220320835871,0,1.1013358931285497,0,1.7022597166585647,0,0,0,0.98436596867122428,0,0,0,0,0,0,0,1.1849468452780187],"CPRT":[0,12.243836493080554,0,0,0,0,0,0,0,3.0703389882655543,0,2.652659992328819,0,2.0181679824588392,0,0,0,0,0,0,0,0,0,1.4683268415449842,0,0,0,0.95110298868398224,0,0,0,1.1345742597002497,0,1.0178283173243576,0,0.83382580675597229,0,0,0,1.3843680197891861,0,0,0,1.7845899507526577,0,3.1700434221672524,0,0.91714262858971285,0,3.3537210356504814,0,1.9853078420393035,0,0,0,0,0,0,0,0,0,0,0,0,0,0,0,1.2671306295496361,0,0,0,0.78334123013748647,0,0,0,2.4353842461833821,0,0,0,0.86771971062827791,0,3.0360849080791485,0,1.5351871337472489,0,1.3344241178654426,0,0,0,0,0,0,0,1.0181507530679597,0,0,0,1.8350868340789148,0,0,0,1.8358330307934339,0,2.5848894139750871,0,0,0,1.9186785057195423,0,0,0,0,0,1.5886630608012897,0,0,0,1.0339968699939903,0,1.0510683247904271,0,0.95089992800575951,0,0,0,0,0,1.5674659873363976,0,0,0,1.7678909789780921,0,1.5681178326246721,0,1.4180769128213333,0,0,0,0,0,1.4345186744034837,0,0,0,0,0,0,0,2.8023128406137765,0,0,0,1.5852360529106388,0,2.3020394265894626,0,1.1009289513249196,0,0],"break_time":183.1048646364701,"after_SBT":347.64544662068062},{"name":"LVHS","s":[7,4,6,11,6,7,10,7,7,9,5,10,8,10,8,8,8,2,3,5,2,5,4,5,4,3,5,3,6,3,11,8,8,11,11,9,9,8,9,10,6,6,8,6,3,6,8,4,3,4,5,5,6,3,4,4,7,10,9,6,11,10,10,11,7,11,6,8,10,8,7,10,9,7,6,6,6,9,6,5],"ms":[7,0,4,-1,6,0,11,-1,6,-1,7,0,10,-1,7,0,7,-1,9,0,5,-1,10,0,8,-1,10,0,8,-1,8,-1,8,0,2,0,3,-1,5,0,2,0,5,0,4,0,5,-1,4,0,3,-1,5,0,3,0,6,-1,3,-1,11,-1,8,-1,8,-1,11,-1,11,-1,9,-1,9,-1,8,0,9,-1,10,-1,6,0,6,0,8,0,6,-1,3,0,6,0,8,-1,4,-1,3,-1,4,-1,5,0,5,-1,6,0,3,0,4,0,4,0,7,0,10,0,9,-1,6,0,11,-1,10,0,10,-1,11,-1,7,-1,11,-1,6,-1,8,-1,10,-1,8,0,7,0,10,0,9,0,7,-1,6,0,6,0,6,-1,9,0,6,0,5,0],"VAS":[[0,0,0,1156,0,0,0,1192,0,1164,0,0,0,860,0,0,0,941,0,0,0,913,0,0,0,1047,0,0,0,1062,0,895,0,0,0,0,0,1091,0,0,0,0,0,0,0,0,0,1095,0,0,0,946,0,0,0,0,0,799,0,1071,0,1041,0,1062,0,1084,0,1112,0,1145,0,1044,0,1185,0,0,0,1120,0,928,0,0,0,0,0,0,0,1066,0,0,0,0,0,990,0,1177,0,1182,0,1050,0,0,0,1027,0,0,0,0,0,0,0,0,0,0,0,0,0,1063,0,0,0,1079,0,0,0,982,0,1052,0,920,0,1071,0,889,0,949,0,887,0,0,0,0,0,0,0,0,0,1129,0,0,0,0,0,1148,0,0,0,0,0,0],[0,0,0,696,0,0,0,493,0,734,0,0,0,641,0,0,0,779,0,0,0,821,0,0,0,700,0,0,0,797,0,787,0,0,0,0,0,911,0,0,0,0,0,0,0,0,0,815,0,0,0,900,0,0,0,0,0,939,0,889,0,489,0,731,0,704,0,505,0,571,0,740,0,687,0,0,0,814,0,635,0,0,0,0,0,0,0,791,0,0,0,0,0,808,0,831,0,796,0,802,0,0,0,907,0,0,0,0,0,0,0,0,0,0,0,0,0,574,0,0,0,494,0,0,0,539,0,518,0,793,0,518,0,833,0,571,0,508,0,0,0,0,0,0,0,0,0,732,0,0,0,0,0,932,0,0,0,0,0,0]],"CP":[[0,738,0,0,0,855,0,0,0,0,0,785,0,0,0,855,0,0,0,956,0,0,0,791,0,0,0,844,0,0,0,0,0,771,0,792,0,0,0,968,0,850,0,950,0,913,0,0,0,883,0,0,0,875,0,993,0,0,0,0,0,0,0,0,0,0,0,0,0,0,0,0,0,0,0,823,0,0,0,0,0,959,0,957,0,989,0,0,0,1010,0,870,0,0,0,0,0,0,0,0,0,999,0,0,0,849,0,844,0,930,0,1023,0,830,0,779,0,0,0,1015,0,0,0,839,0,0,0,0,0,0,0,0,0,0,0,0,0,0,0,945,0,898,0,874,0,1015,0,0,0,1035,0,1079,0,0,0,914,0,876,0,735],[0,588,0,0,0,701,0,0,0,0,0,627,0,0,0,807,0,0,0,809,0,0,0,607,0,0,0,798,0,0,0,0,0,795,0,798,0,0,0,920,0,902,0,817,0,835,0,0,0,745,0,0,0,868,0,894,0,0,0,0,0,0,0,0,0,0,0,0,0,0,0,0,0,0,0,809,0,0,0,0,0,718,0,731,0,624,0,0,0,813,0,845,0,0,0,0,0,0,0,0,0,883,0,0,0,872,0,897,0,895,0,825,0,669,0,588,0,0,0,709,0,0,0,577,0,0,0,0,0,0,0,0,0,0,0,0,0,0,0,609,0,682,0,625,0,615,0,0,0,909,0,878,0,0,0,647,0,576,0,708]],"VASRT":[0,0,0,1.301435167237903,0,0,0,1.7347334264540888,0,0.96981820941504171,0,0,0,2.885889744205079,0,0,0,1.6850840650696661,0,0,0,3.8202051528185437,0,0,0,1.6937389624214678,0,0,0,3.6195426417168677,0,1.5269383577518927,0,0,0,0,0,0.81806870834948586,0,0,0,0,0,0,0,0,0,2.8360668582410842,0,0,0,0.7342325434478062,0,0,0,0,0,2.4681574192013356,0,1.9686228178668783,0,2.4018189314085641,0,1.0510334557850756,0,1.5682827425088044,0,2.9193389657032567,0,2.5521527508568544,0,1.6045058959385814,0,0.96777037324193549,0,0,0,3.0856210477520771,0,1.8856436100496576,0,0,0,0,0,0,0,1.7180705543556516,0,0,0,0,0,8.0066132145325817,0,2.65271044983068,0,1.1351018072400363,0,0.93482777788033367,0,0,0,2.6189892500907619,0,0,0,0,0,0,0,0,0,0,0,0,0,1.1182572060901794,0,0,0,1.4691632874498246,0,0,0,1.7690010440190427,0,2.6572360365016952,0,3.5204432876139138,0,1.0340674284518776,0,2.085101704684138,0,1.3679328217845137,0,1.4848264446536585,0,0,0,0,0,0,0,0,0,0.98366407610468087,0,0,0,0,0,0.55167401992455989,0,0,0,0,0,0],