{"ORDER":[4,1,3,2],"Sens":8,"Threshold":47,"sequences":[{"name":"LVLS","s":[6,5,6,5,5,5,5,6,5,6,5,6,5,5,6,5,11,10,11,10,11,10,10,10,11,10,11,10,11,11,10,10,11,5,5,4,4,5,4,4,5,5,4,4,5,4,5,5,7,8,8,7,7,7,7,8,8,8,7,8,8,7,8,5,5,5,4,4,4,5,4,4,5,4,4,5,9,9,10,9],"ms":[6,0,5,0,6,-1,5,-1,5,0,5,-1,5,0,6,0,5,-1,6,-1,5,-1,6,0,5,-1,5,0,6,0,5,-1,11,0,10,0,11,-1,10,-1,11,0,10,-1,10,0,10,0,11,0,10,-1,11,-1,10,-1,11,-1,11,-1,10,0,10,0,11,-1,5,0,5,0,4,0,4,0,5,-1,4,-1,4,0,5,0,5,-1,4,0,4,-1,5,-1,4,0,5,0,5,-1,7,-1,8,-1,8,0,7,-1,7,0,7,0,7,0,8,-1,8,-1,8,-1,7,0,8,-1,8,-1,7,0,8,0,5,0,5,0,5,0,4,-1,4,-1,4,-1,5,-1,4,0,4,0,5,-1,4,-1,4,-1,5,0,9,-1,9,0,10,0,9,-1],"VAS":[[0,0,0,0,0,1214,0,1214,0,0,0,1212,0,0,0,0,0,1214,0,1214,0,1214,0,0,0,1119,0,0,0,0,0,1165,0,0,0,0,0,1140,0,1184,0,0,0,1212,0,0,0,0,0,0,0,1035,0,1214,0,1214,0,1214,0,1214,0,0,0,0,0,1079,0,0,0,0,0,0,0,0,0,1214,0,1080,0,0,0,0,0,1119,0,0,0,1103,0,1110,0,0,0,0,0,1111,0,1154,0,1214,0,0,0,1112,0,0,0,0,0,0,0,1138,0,1127,0,1156,0,0,0,1115,0,1109,0,0,0,0,0,0,0,0,0,0,0,1117,0,1146,0,1173,0,1071,0,0,0,0,0,1214,0,1214,0,1214,0,0,0,1061,0,0,0,0,0,1111],[0,0,0,0,0,653,0,879,0,0,0,554,0,0,0,0,0,407,0,739,0,622,0,0,0,811,0,0,0,0,0,860,0,0,0,0,0,263,0,203,0,0,0,514,0,0,0,0,0,0,0,383,0,353,0,463,0,415,0,274,0,0,0,0,0,320,0,0,0,0,0,0,0,0,0,605,0,502,0,0,0,0,0,792,0,0,0,775,0,912,0,0,0,0,0,779,0,753,0,706,0,0,0,806,0,0,0,0,0,0,0,563,0,774,0,686,0,0,0,888,0,739,0,0,0,0,0,0,0,0,0,0,0,518,0,411,0,664,0,613,0,0,0,0,0,609,0,493,0,664,0,0,0,297,0,0,0,0,0,618]],"CP":[[0,1208,0,1211,0,0,0,0,0,1214,0,0,0,1214,0,1214,0,0,0,0,0,0,0,1102,0,0,0,1104,0,1130,0,0,0,1169,0,1157,0,0,0,0,0,1214,0,0,0,1214,0,1214,0,1213,0,0,0,0,0,0,0,0,0,0,0,1060,0,1041,0,0,0,1087,0,1069,0,1131,0,1151,0,0,0,0,0,1110,0,1133,0,0,0,1104,0,0,0,0,0,1111,0,1113,0,0,0,0,0,0,0,1121,0,0,0,1110,0,1116,0,1141,0,0,0,0,0,0,0,1107,0,0,0,0,0,1127,0,1131,0,1114,0,1117,0,1108,0,0,0,0,0,0,0,0,0,1114,0,1125,0,0,0,0,0,0,0,1212,0,0,0,1113,0,1107,0,0],[0,247,0,351,0,0,0,0,0,794,0,0,0,599,0,473,0,0,0,0,0,0,0,751,0,0,0,871,0,921,0,0,0,304,0,279,0,0,0,0,0,437,0,0,0,799,0,242,0,348,0,0,0,0,0,0,0,0,0,0,0,305,0,252,0,0,0,427,0,434,0,416,0,500,0,0,0,0,0,744,0,904,0,0,0,803,0,0,0,0,0,735,0,929,0,0,0,0,0,0,0,913,0,0,0,621,0,633,0,652,0,0,0,0,0,0,0,797,0,0,0,0,0,771,0,679,0,632,0,636,0,571,0,0,0,0,0,0,0,0,0,607,0,696,0,0,0,0,0,0,0,759,0,0,0,436,0,378,0,0]],"VASRT":[0,0,0,0,0,1.4447057568727835,0,1.4012774362666371,0,0,0,1.7184093990429483,0,0,0,0,0,0.95160428191385715,0,2.0350782193834749,0,1.1364703131441793,0,0,0,1.9518963611116238,0,0,0,0,0,5.8046621911272736,0,0,0,0,0,1.0195434621640524,0,1.0343681223450842,0,0,0,1.3003776108167757,0,0,0,0,0,0,0,2.8029544303122416,0,2.0192899439839684,0,1.80140952826338,0,3.5047928473414434,0,1.4498212450696253,0,0,0,0,0,1.3351132935006225,0,0,0,0,0,0,0,0,0,2.2017430400439761,0,1.9189008469066064,0,0,0,0,0,1.6512008270107623,0,0,0,2.5732772147458971,0,1.935548540732126,0,0,0,0,0,1.0400456168634715,0,2.2352460008327539,0,2.3185599511013479,0,0,0,2.30608751299896,0,0,0,0,0,0,0,6.4381503838667262,0,3.8530587296606016,0,5.7882552985504745,0,0,0,2.1184430373775225,0,1.7849632542217135,0,0,0,0,0,0,0,0,0,0,0,1.3852114394950967,0,2.0020109160497928,0,2.8523506837401724,0,1.3846666625644308,0,0,0,0,0,1.1509003382293519,0,1.1005876452960686,0,1.4518477496159281,0,0,0,1.6513694289072258,0,0,0,0,0,2.3185451830520223],"CPRT":[0,3.1346493306176533,0,0.92824450966999561,0,0,0,0,0,2.50188313140077,0,0,0,2.2352640506708181,0,0.80282397920986837,0,0,0,0,0,0,0,2.3859637895635015,0,0,0,4.4368639226810576,0,2.7186789159431348,0,0,0,0.7753106930932705,0,0.917685354402417,0,0,0,0,0,2.8531247756589728,0,0,0,1.5847306574448403,0,2.0516155630626471,0,1.1351100117118835,0,0,0,0,0,0,0,0,0,0,0,2.1594104266530474,0,1.1837268403143133,0,0,0,1.0851808778374654,0,2.0821956807557958,0,1.5506152328326555,0,2.7025735377067273,0,0,0,0,0,3.1856040234729939,0,8.0393273153532334,0,0,0,6.6540071666061591,0,0,0,0,0,1.7014798816094712,0,1.7753271020369652,0,0,0,0,0,0,0,2.2855956138893503,0,0,0,1.384687994191234,0,3.1529174076330304,0,1.7354484461755879,0,0,0,0,0,0,0,5.0037679036959091,0,0,0,0,0,1.4509944845438005,0,6.3395822693158905,0,3.1857837014064514,0,2.80202773521708,0,1.3513446103798876,0,0,0,0,0,0,0,0,0,2.869562845228792,0,1.4848473660568693,0,0,0,0,0,0,0,1.1434494471211534,0,0,0,1.6339455920449442,0,1.8011925199830168,0,0],"break_time":189.49309286026349,"after_SBT":259.3327118445909},{"name":"LVHS","s":[6,6,5,4,4,10,2,5,3,4,9,4,6,6,5,3,12,10,11,10,10,12,10,10,12,12,10,12,9,8,9,11,9,4,6,4,5,7,3,4,4,5,5,5,8,4,4,3,12,8,6,6,7,8,8,7,5,10,7,10,5,4,8,4,8,7,2,7,6,2,4,4,3,5,4,4,11,9,11,8],"ms":[6,0,6,-1,5,0,4,-1,4,-1,10,-1,2,0,5,0,3,0,4,-1,9,0,4,-1,6,-1,6,-1,5,0,3,-1,12,-1,10,-1,11,0,10,-1,10,-1,12,0,10,0,10,-1,12,0,12,0,10,0,12,0,9,0,8,0,9,-1,11,0,9,0,4,0,6,-1,4,-1,5,0,7,-1,3,0,4,0,4,0,5,-1,5,0,5,-1,8,-1,4,0,4,-1,3,-1,12,-1,8,-1,6,0,6,-1,7,-1,8,0,8,0,7,-1,5,-1,10,0,7,0,10,-1,5,-1,4,-1,8,-1,4,0,8,0,7,0,2,-1,7,0,6,0,2,0,4,0,4,-1,3,-1,5,0,4,-1,4,-1,11,0,9,-1,11,0,8,-1],"VAS":[[0,0,0,1205,0,0,0,1214,0,1214,0,1214,0,0,0,0,0,0,0,993,0,0,0,1016,0,995,0,1090,0,0,0,1024,0,1105,0,1111,0,0,0,1200,0,1119,0,0,0,0,0,1099,0,0,0,0,0,0,0,0,0,0,0,0,0,1089,0,0,0,0,0,0,0,842,0,1209,0,0,0,1039,0,0,0,0,0,0,0,1058,0,0,0,1020,0,1095,0,0,0,988,0,1094,0,1094,0,1082,0,0,0,1058,0,993,0,0,0,0,0,1134,0,988,0,0,0,0,0,1113,0,1016,0,1118,0,999,0,0,0,0,0,0,0,1094,0,0,0,0,0,0,0,0,0,1080,0,921,0,0,0,1008,0,971,0,0,0,1024,0,0,0,1023],[0,0,0,453,0,0,0,451,0,451,0,355,0,0,0,0,0,0,0,672,0,0,0,516,0,651,0,461,0,0,0,479,0,375,0,446,0,0,0,449,0,355,0,0,0,0,0,380,0,0,0,0,0,0,0,0,0,0,0,0,0,308,0,0,0,0,0,0,0,732,0,646,0,0,0,457,0,0,0,0,0,0,0,555,0,0,0,677,0,552,0,0,0,856,0,791,0,658,0,560,0,0,0,654,0,632,0,0,0,0,0,366,0,454,0,0,0,0,0,434,0,558,0,402,0,386,0,0,0,0,0,0,0,448,0,0,0,0,0,0,0,0,0,365,0,525,0,0,0,441,0,583,0,0,0,437,0,0,0,414]],"CP":[[0,1106,0,0,0,1214,0,0,0,0,0,0,0,1101,0,1121,0,1004,0,0,0,1209,0,0,0,0,0,0,0,1043,0,0,0,0,0,0,0,1113,0,0,0,0,0,1082,0,1107,0,0,0,1096,0,1073,0,1111,0,1135,0,1213,0,1104,0,0,0,1112,0,1136,0,814,0,0,0,0,0,1109,0,0,0,1077,0,1119,0,1021,0,0,0,1031,0,0,0,0,0,1001,0,0,0,0,0,0,0,0,0,1002,0,0,0,0,0,1023,0,1078,0,0,0,0,0,960,0,887,0,0,0,0,0,0,0,0,0,995,0,1067,0,1112,0,0,0,995,0,1079,0,993,0,1037,0,0,0,0,0,931,0,0,0,0,0,1077,0,0,0,1034,0,0],[0,348,0,0,0,550,0,0,0,0,0,0,0,465,0,424,0,596,0,0,0,525,0,0,0,0,0,0,0,684,0,0,0,0,0,0,0,350,0,0,0,0,0,350,0,338,0,0,0,424,0,479,0,441,0,363,0,310,0,305,0,0,0,379,0,350,0,947,0,0,0,0,0,673,0,0,0,651,0,490,0,740,0,0,0,671,0,0,0,0,0,650,0,0,0,0,0,0,0,0,0,769,0,0,0,0,0,553,0,494,0,0,0,0,0,653,0,681,0,0,0,0,0,0,0,0,0,564,0,582,0,570,0,0,0,556,0,555,0,635,0,448,0,0,0,0,0,465,0,0,0,0,0,418,0,0,0,565,0,0]],"VASRT":[0,0,0,2.9693083014897268,0,0,0,1.1176406400308487,0,3.002757112764312,0,1.2601929281554911,0,0,0,0,0,0,0,1.5012899480862043,0,0,0,1.7513975292233031,0,1.5348019337940144,0,1.0010924254264788,0,0,0,1.4511995963399851,0,1.2009632049948824,0,1.6850516574058692,0,0,0,1.2675273157634568,0,1.267440758585467,0,0,0,0,0,1.0169775135937842,0,0,0,0,0,0,0,0,0,0,0,0,0,1.1376447832891317,0,0,0,0,0,0,0,1.4344448341568572,0,1.7347551683044844,0,0,0,0.96734251003509464,0,0,0,0,0,0,0,2.8023038156947444,0,0,0,1.4016749429276427,0,1.0470633118581283,0,0,0,7.8900916644617149,0,1.60537146771848,0,1.4179846125130502,0,1.5070884585643405,0,0,0,2.9864950291156194,0,1.4732683949386614,0,0,0,0,0,1.1375344331427846,0,1.568098962339423,0,0,0,0,0,0.9683422249296979,0,1.2178553920814541,0,0.99530499098533654,0,1.3848397769204104,0,0,0,0,0,0,0,1.5512904608656948,0,0,0,0,0,0,0,0,0,1.4009024919032118,0,1.4674649617774167,0,0,0,0.917262824102277,0,1.7597890630288038,0,0,0,0.85048662773644779,0,0,0,0.75028254149924412],