{"ORDER":[4,2,1,3],"Sens":5,"Threshold":45.5,"sequences":[{"name":"LVLS","s":[9,9,10,10,10,10,9,9,10,9,10,10,9,5,6,5,6,6,5,5,6,6,6,6,6,6,6,6,5,10,11,10,11,11,11,11,10,11,11,11,10,10,6,7,7,6,7,7,7,6,6,7,6,7,7,7,7,7,6,10,9,10,9,10,9,9,9,9,9,10,10,10,9,10,4,3,4,3,4,4],"ms":[9,-1,9,-1,10,-1,10,0,10,-1,10,-1,9,-1,9,0,10,-1,9,0,10,-1,10,0,9,0,5,-1,6,0,5,0,6,0,6,0,5,-1,5,-1,6,-1,6,-1,6,-1,6,-1,6,0,6,-1,6,-1,6,-1,5,-1,10,0,11,0,10,0,11,-1,11,-1,11,0,11,0,10,-1,11,0,11,-1,11,-1,10,-1,10,-1,6,0,7,-1,7,-1,6,0,7,-1,7,0,7,-1,6,0,6,0,7,0,6,0,7,-1,7,-1,7,-1,7,0,7,-1,6,-1,10,0,9,0,10,0,9,0,10,-1,9,0,9,-1,9,-1,9,0,9,0,10,0,10,-1,10,0,9,0,10,0,4,0,3,0,4,0,3,-1,4,0,4,0],"VAS":[[0,1148,0,1127,0,1126,0,0,0,1137,0,1137,0,1144,0,0,0,1139,0,0,0,1160,0,0,0,0,0,1147,0,0,0,0,0,0,0,0,0,1121,0,1120,0,1129,0,1075,0,1147,0,1142,0,0,0,1146,0,1137,0,1156,0,1154,0,0,0,0,0,0,0,1141,0,1132,0,0,0,0,0,1132,0,0,0,1106,0,1154,0,1140,0,1138,0,0,0,1092,0,1120,0,0,0,1147,0,0,0,1137,0,0,0,0,0,0,0,0,0,1146,0,1157,0,1094,0,0,0,1158,0,1154,0,0,0,0,0,0,0,0,0,1146,0,0,0,1131,0,1126,0,0,0,0,0,0,0,1103,0,0,0,0,0,0,0,0,0,0,0,0,0,1152,0,0,0,0],[0,140,0,155,0,133,0,0,0,166,0,179,0,216,0,0,0,188,0,0,0,163,0,0,0,0,0,258,0,0,0,0,0,0,0,0,0,436,0,481,0,433,0,421,0,448,0,429,0,0,0,440,0,433,0,489,0,431,0,0,0,0,0,0,0,305,0,268,0,0,0,0,0,353,0,0,0,269,0,276,0,264,0,224,0,0,0,449,0,374,0,0,0,354,0,0,0,489,0,0,0,0,0,0,0,0,0,534,0,492,0,557,0,0,0,502,0,537,0,0,0,0,0,0,0,0,0,337,0,0,0,390,0,406,0,0,0,0,0,0,0,406,0,0,0,0,0,0,0,0,0,0,0,0,0,507,0,0,0,0]],"CP":[[0,0,0,0,0,0,0,1068,0,0,0,0,0,0,0,1056,0,0,0,1112,0,0,0,1074,0,1089,0,0,0,1059,0,1107,0,1106,0,1101,0,0,0,0,0,0,0,0,0,0,0,0,0,1119,0,0,0,0,0,0,0,0,0,988,0,1087,0,1086,0,0,0,0,0,1072,0,1105,0,0,0,977,0,0,0,0,0,0,0,0,0,1027,0,0,0,0,0,994,0,0,0,1074,0,0,0,1055,0,990,0,1056,0,1061,0,0,0,0,0,0,0,1038,0,0,0,0,0,971,0,1055,0,1110,0,1109,0,0,0,1063,0,0,0,0,0,1051,0,1010,0,1104,0,0,0,968,0,1004,0,1075,0,1118,0,1095,0,1116,0,0,0,1031,0,987],[0,0,0,0,0,0,0,128,0,0,0,0,0,0,0,225,0,0,0,207,0,0,0,232,0,271,0,0,0,305,0,349,0,417,0,439,0,0,0,0,0,0,0,0,0,0,0,0,0,477,0,0,0,0,0,0,0,0,0,356,0,310,0,294,0,0,0,0,0,346,0,418,0,0,0,250,0,0,0,0,0,0,0,0,0,343,0,0,0,0,0,377,0,0,0,418,0,0,0,507,0,455,0,501,0,529,0,0,0,0,0,0,0,513,0,0,0,0,0,435,0,420,0,369,0,344,0,0,0,358,0,0,0,0,0,347,0,343,0,432,0,0,0,455,0,408,0,358,0,408,0,461,0,506,0,0,0,451,0,456]],"VASRT":[0,2.1853747084848596,0,2.5021538789717335,0,2.9524710843645328,0,0,0,1.6012249276468138,0,4.620628503565869,0,2.2851406759254131,0,0,0,3.6528999731303546,0,0,0,1.4518202646352394,0,0,0,0,0,5.455502431600344,0,0,0,0,0,0,0,0,0,3.8537048318185829,0,3.2860640892318358,0,1.4347324008951079,0,7.4055704261607787,0,2.7523008415736996,0,1.8015272624343899,0,0,0,2.4355819739549043,0,2.0725451707453146,0,2.6971979677523232,0,3.1691782606109462,0,0,0,0,0,0,0,7.9069054988421437,0,2.4856501736271355,0,0,0,0,0,3.1191596979933913,0,0,0,3.1358828729599066,0,3.2867786987297425,0,3.1694805953985221,0,4.4869575562160158,0,0,0,5.0006091820346681,0,4.5369203284250084,0,0,0,2.7197487790720332,0,0,0,3.3028003913533071,0,0,0,0,0,0,0,0,0,3.970302273254037,0,1.4348431612650474,0,2.4555167894260768,0,0,0,4.8044587202254592,0,2.8860489109589182,0,0,0,0,0,0,0,0,0,4.3208924824475581,0,0,0,13.661040450097326,0,2.7022232067588439,0,0,0,0,0,0,0,3.869954198535912,0,0,0,0,0,0,0,0,0,0,0,0,0,3.1693292228929377,0,0,0,0],"CPRT":[0,0,0,0,0,0,0,3.1440545269198976,0,0,0,0,0,0,0,2.1605422335443936,0,0,0,7.0721136155261428,0,0,0,6.5130223428279583,0,4.8037162155232709,0,0,0,5.8880409567234624,0,3.2192915848783379,0,4.3702296636781881,0,5.3615821503510492,0,0,0,0,0,0,0,0,0,0,0,0,0,5.5383269851232413,0,0,0,0,0,0,0,0,0,3.8537876969842411,0,2.8855000317923283,0,2.5188778743854336,0,0,0,0,0,3.3437353729650345,0,6.638505637497718,0,0,0,1.7846514842915131,0,0,0,0,0,0,0,0,0,2.3077029735057093,0,0,0,0,0,7.7066335206004029,0,0,0,3.4536113008395226,0,0,0,5.2875536110957277,0,7.53667132270444,0,3.4202794032887627,0,3.6193420423801994,0,0,0,0,0,0,0,3.3861775160551257,0,0,0,0,0,1.8184182188501843,0,4.4947070900994586,0,3.1021181895191976,0,3.3190116072765461,0,0,0,2.3185049811399705,0,0,0,0,0,1.9517745247046903,0,2.6758651102783571,0,2.4184891875316641,0,0,0,13.593989814148202,0,3.0691062663704853,0,3.7195592557723587,0,4.4700251672173916,0,3.8194688014702414,0,2.88585528542332,0,0,0,2.7522388978112522,0,4.2054498204246222],"break_time":184.98618859209213,"after_SBT":464.58090614289318},{"name":"LVHS","s":[11,11,12,10,7,9,10,8,13,12,7,9,9,3,7,2,5,6,8,4,6,2,7,8,8,6,6,6,6,13,10,11,8,10,9,8,13,10,12,9,8,9,5,8,8,7,4,9,7,5,10,5,7,4,5,7,9,6,6,11,9,11,8,13,8,9,10,6,8,11,9,13,11,11,2,6,5,6,4,5],"ms":[11,-1,11,-1,12,0,10,-1,7,-1,9,-1,10,0,8,-1,13,0,12,0,7,0,9,0,9,-1,3,-1,7,-1,2,-1,5,0,6,0,8,-1,4,-1,6,-1,2,-1,7,-1,8,0,8,-1,6,-1,6,-1,6,-1,6,-1,13,0,10,-1,11,0,8,-1,10,0,9,-1,8,-1,13,-1,10,-1,12,-1,9,0,8,-1,9,-1,5,-1,8,0,8,0,7,0,4,-1,9,-1,7,0,5,0,10,0,5,0,7,-1,4,0,5,0,7,0,9,0,6,0,6,0,11,-1,9,0,11,0,8,0,13,-1,8,0,9,0,10,-1,6,-1,8,0,11,0,9,0,13,0,11,-1,11,0,2,0,6,0,5,-1,6,0,4,-1,5,0],"VAS":[[0,1145,0,1142,0,0,0,1065,0,1152,0,1147,0,0,0,1080,0,0,0,0,0,0,0,0,0,1134,0,1142,0,1110,0,1111,0,0,0,0,0,1141,0,1143,0,1133,0,1132,0,1133,0,0,0,1112,0,1102,0,1160,0,1159,0,1183,0,0,0,1083,0,0,0,1150,0,0,0,1048,0,1029,0,1141,0,1106,0,1133,0,0,0,1084,0,1105,0,1168,0,0,0,0,0,0,0,1143,0,1131,0,0,0,0,0,0,0,0,0,1100,0,0,0,0,0,0,0,0,0,0,0,0,0,1138,0,0,0,0,0,0,0,1114,0,0,0,0,0,1092,0,1099,0,0,0,0,0,0,0,0,0,1110,0,0,0,0,0,0,0,1126,0,0,0,1143,0,0],[0,208,0,178,0,0,0,203,0,234,0,260,0,0,0,241,0,0,0,0,0,0,0,0,0,276,0,290,0,338,0,426,0,0,0,0,0,435,0,430,0,482,0,580,0,562,0,0,0,512,0,547,0,591,0,567,0,581,0,0,0,302,0,0,0,334,0,0,0,378,0,370,0,240,0,280,0,286,0,0,0,538,0,505,0,551,0,0,0,0,0,0,0,565,0,525,0,0,0,0,0,0,0,0,0,533,0,0,0,0,0,0,0,0,0,0,0,0,0,306,0,0,0,0,0,0,0,319,0,0,0,0,0,365,0,416,0,0,0,0,0,0,0,0,0,345,0,0,0,0,0,0,0,552,0,0,0,554,0,0]],"CP":[[0,0,0,0,0,1048,0,0,0,0,0,0,0,1028,0,0,0,975,0,1087,0,1083,0,1028,0,0,0,0,0,0,0,0,0,1050,0,1085,0,0,0,0,0,0,0,0,0,0,0,984,0,0,0,0,0,0,0,0,0,0,0,848,0,0,0,984,0,0,0,1008,0,0,0,0,0,0,0,0,0,0,0,1003,0,0,0,0,0,0,0,1075,0,1001,0,1097,0,0,0,0,0,1012,0,1044,0,1106,0,1009,0,0,0,999,0,1066,0,1007,0,1046,0,1104,0,1042,0,0,0,1007,0,1010,0,1060,0,0,0,1051,0,1067,0,0,0,0,0,1044,0,1011,0,1085,0,1075,0,0,0,1017,0,1052,0,1047,0,0,0,1082,0,0,0,1085],[0,0,0,0,0,133,0,0,0,0,0,0,0,250,0,0,0,203,0,202,0,246,0,244,0,0,0,0,0,0,0,0,0,462,0,431,0,0,0,0,0,0,0,0,0,0,0,529,0,0,0,0,0,0,0,0,0,0,0,270,0,0,0,253,0,0,0,355,0,0,0,0,0,0,0,0,0,0,0,366,0,0,0,0,0,0,0,497,0,483,0,444,0,0,0,0,0,511,0,490,0,459,0,512,0,0,0,572,0,590,0,552,0,503,0,503,0,525,0,0,0,345,0,375,0,416,0,0,0,363,0,385,0,0,0,0,0,495,0,434,0,431,0,382,0,0,0,369,0,449,0,476,0,0,0,516,0,0,0,587]],"VASRT":[0,5.1218893257770146,0,3.6199475324025361,0,0,0,2.735611715165351,0,3.7029997600191984,0,4.33685838466256,0,0,0,7.3725076352866132,0,0,0,0,0,0,0,0,0,4.1366479399596754,0,2.6856075103735293,0,4.9040027567025408,0,3.2707967977946382,0,0,0,0,0,5.3378605608987177,0,6.58823191580571,0,3.9861291096712264,0,2.3352511286276587,0,1.3350423248191428,0,0,0,2.2464734103323014,0,4.5536164286344274,0,3.6699168681890062,0,3.3696459155062466,0,2.9690633980050825,0,0,0,2.1349832526218417,0,0,0,5.4074595058036383,0,0,0,9.4997442255901579,0,1.3755867735709348,0,4.80423555859121,0,2.3020012757953721,0,5.3202939662262914,0,0,0,4.0367260875540216,0,1.0676368454626195,0,1.5681748537040114,0,0,0,0,0,0,0,3.8704714904858895,0,1.6022705875837626,0,0,0,0,0,0,0,0,0,5.055487253327426,0,0,0,0,0,0,0,0,0,0,0,0,0,3.4867786987297427,0,0,0,0,0,0,0,3.2415515476710581,0,0,0,0,0,4.28789696824254,0,1.7016369972453487,0,0,0,0,0,0,0,0,0,2.0065324004848843,0,0,0,0,0,0,0,4.0200291668974177,0,0,0,4.0372031775919464,0,0],