{"ORDER":[1,3,2,4],"Sens":9,"Threshold":47.5,"sequences":[{"name":"LVLS","s":[7,7,8,7,8,7,8,8,8,8,7,8,8,7,7,8,7,4,3,3,4,4,3,3,3,4,4,4,4,3,8,8,9,8,8,8,9,9,8,9,8,9,8,5,6,5,5,5,5,5,5,6,5,5,5,6,6,10,9,10,10,10,9,10,10,9,10,9,10,10,9,10,10,7,6,7,7,6,6,7],"ms":[7,0,7,-1,8,-1,7,-1,8,0,7,0,8,0,8,-1,8,-1,8,-1,7,-1,8,0,8,0,7,-1,7,0,8,-1,7,0,4,0,3,0,3,-1,4,0,4,-1,3,0,3,0,3,0,4,0,4,0,4,-1,4,-1,3,-1,8,-1,8,-1,9,-1,8,0,8,-1,8,0,9,-1,9,0,8,-1,9,0,8,0,9,0,8,0,5,-1,6,-1,5,-1,5,0,5,-1,5,0,5,-1,5,0,6,0,5,-1,5,0,5,-1,6,-1,6,-1,10,-1,9,0,10,0,10,0,10,-1,9,-1,10,0,10,-1,9,0,10,0,9,0,10,-1,10,-1,9,0,10,-1,10,-1,7,-1,6,0,7,-1,7,0,6,0,6,0,7,-1],"VAS":[[0,0,0,1007,0,954,0,1009,0,0,0,0,0,0,0,1156,0,1056,0,1107,0,1009,0,0,0,0,0,1058,0,0,0,1006,0,0,0,0,0,0,0,1214,0,0,0,1210,0,0,0,0,0,0,0,0,0,0,0,1161,0,1158,0,1190,0,1214,0,1214,0,1171,0,0,0,1111,0,0,0,1214,0,0,0,1214,0,0,0,0,0,0,0,0,0,1112,0,1214,0,1214,0,0,0,1214,0,0,0,1214,0,0,0,0,0,1214,0,0,0,1214,0,1214,0,1213,0,1212,0,0,0,0,0,0,0,1170,0,1214,0,0,0,705,0,0,0,0,0,0,0,1179,0,1214,0,0,0,1214,0,1214,0,1167,0,0,0,1193,0,0,0,0,0,0,0,1214],[0,0,0,755,0,755,0,855,0,0,0,0,0,0,0,853,0,702,0,652,0,737,0,0,0,0,0,701,0,0,0,701,0,0,0,0,0,0,0,903,0,0,0,953,0,0,0,0,0,0,0,0,0,0,0,883,0,817,0,909,0,550,0,556,0,448,0,0,0,654,0,0,0,608,0,0,0,755,0,0,0,0,0,0,0,0,0,957,0,954,0,990,0,0,0,999,0,0,0,959,0,0,0,0,0,1015,0,0,0,1024,0,992,0,955,0,754,0,0,0,0,0,0,0,695,0,793,0,0,0,702,0,0,0,0,0,0,0,650,0,552,0,0,0,655,0,720,0,857,0,0,0,806,0,0,0,0,0,0,0,909]],"CP":[[0,705,0,0,0,0,0,0,0,802,0,803,0,905,0,0,0,0,0,0,0,0,0,951,0,1008,0,0,0,1007,0,0,0,1111,0,1055,0,1109,0,0,0,1153,0,0,0,1177,0,1180,0,1180,0,1090,0,1137,0,0,0,0,0,0,0,0,0,0,0,0,0,1007,0,0,0,1107,0,0,0,1110,0,0,0,1157,0,705,0,753,0,755,0,0,0,0,0,0,0,1005,0,0,0,1112,0,0,0,1214,0,1214,0,0,0,1166,0,0,0,0,0,0,0,0,0,1214,0,1109,0,1145,0,0,0,0,0,1127,0,0,0,1156,0,1149,0,1107,0,0,0,0,0,1117,0,0,0,0,0,0,0,1012,0,0,0,1108,0,911,0,964,0,0],[0,754,0,0,0,0,0,0,0,703,0,854,0,820,0,0,0,0,0,0,0,0,0,602,0,602,0,0,0,653,0,0,0,752,0,854,0,907,0,0,0,958,0,0,0,958,0,925,0,990,0,876,0,880,0,0,0,0,0,0,0,0,0,0,0,0,0,494,0,0,0,594,0,0,0,577,0,0,0,586,0,754,0,647,0,813,0,0,0,0,0,0,0,957,0,0,0,959,0,0,0,1003,0,973,0,0,0,1022,0,0,0,0,0,0,0,0,0,687,0,714,0,609,0,0,0,0,0,650,0,0,0,754,0,569,0,597,0,0,0,0,0,727,0,0,0,0,0,0,0,855,0,0,0,859,0,957,0,994,0,0]],"VASRT":[0,0,0,12.710426858159039,0,8.1063980522583829,0,6.4961281046234252,0,0,0,0,0,0,0,9.4576109808651214,0,6.4727449496347989,0,2.6182327977864337,0,8.6605600782706613,0,0,0,0,0,7.0714617702378684,0,0,0,4.019983221855072,0,0,0,0,0,0,0,4.30475592721813,0,0,0,2.3465921700622925,0,0,0,0,0,0,0,0,0,0,0,7.5056059105015187,0,1.1680333265646441,0,12.126170008963385,0,2.6945491540163968,0,2.7855958190011467,0,2.7855084413759719,0,0,0,7.4561153056473435,0,0,0,2.3843807367205496,0,0,0,1.8355680263527636,0,0,0,0,0,0,0,0,0,3.0357513962985525,0,17.430384851263181,0,2.7192630743386683,0,0,0,32.307348950545496,0,0,0,3.7866513243043123,0,0,0,0,0,1.2008778784876697,0,0,0,6.3886027579332119,0,1.6348940289905012,0,12.843229362163848,0,2.9695544356451484,0,0,0,0,0,0,0,6.0322398823478736,0,20.215486350835523,0,0,0,30.573688669009044,0,0,0,0,0,0,0,2.6359811215102793,0,3.2860985480135949,0,0,0,5.4702208438709521,0,10.141532472274013,0,7.4072921345779514,0,0,0,1.8858187755235991,0,0,0,0,0,0,0,1.9681633674434251],"CPRT":[0,9.8058776836314632,0,0,0,0,0,0,0,9.2919290559319361,0,4.7684517546288605,0,9.606133663153102,0,0,0,0,0,0,0,0,0,3.050669177235052,0,4.1363894990964827,0,0,0,3.8366054818178648,0,0,0,3.43590851193443,0,6.2885906563372362,0,6.840619109445603,0,0,0,2.5686544050834907,0,0,0,3.0035098730563092,0,2.7686277405499866,0,13.8100311975042,0,3.0027895204281094,0,6.7880304960218565,0,0,0,0,0,0,0,0,0,0,0,0,0,5.2368450523958083,0,0,0,21.933187293734449,0,0,0,3.8368766396124205,0,0,0,4.2533668075784705,0,50.271563505688775,0,1.7350776040480864,0,5.6544272355647447,0,0,0,0,0,0,0,2.1697213966472426,0,0,0,7.1383876982149124,0,0,0,1.81812654987601,0,1.5344425779270991,0,0,0,3.0529299194525978,0,0,0,0,0,0,0,0,0,1.3944812620118596,0,2.8016745327040504,0,2.4376663200277311,0,0,0,0,0,2.502824594545257,0,0,0,5.454866995255764,0,1.6189100769374347,0,2.6520639374491068,0,0,0,0,0,3.2059851622126638,0,0,0,0,0,0,0,2.385295945555125,0,0,0,2.0599230010317124,0,3.0526058428146263,0,4.5869717089299522,0,0],"break_time":183.82207618262333,"after_SBT":171.90381446407363},{"name":"LVHS","s":[7,4,6,11,6,7,10,7,7,9,5,10,8,10,8,8,8,2,3,5,2,5,4,5,4,3,5,3,6,3,11,8,8,11,11,9,9,8,9,10,6,6,8,6,3,6,8,4,3,4,5,5,6,3,4,4,7,10,9,6,11,10,10,11,7,11,6,8,10,8,7,10,9,7,6,6,6,9,6,5],"ms":[7,0,4,-1,6,0,11,-1,6,-1,7,0,10,-1,7,0,7,-1,9,0,5,-1,10,0,8,0,10,-1,8,-1,8,0,8,0,2,-1,3,0,5,0,2,-1,5,0,4,-1,5,0,4,-1,3,0,5,0,3,-1,6,-1,3,-1,11,-1,8,-1,8,-1,11,-1,11,-1,9,-1,9,0,8,-1,9,-1,10,0,6,0,6,0,8,-1,6,0,3,0,6,-1,8,-1,4,-1,3,-1,4,0,5,-1,5,0,6,0,3,0,4,0,4,0,7,0,10,0,9,-1,6,0,11,-1,10,0,10,-1,11,-1,7,-1,11,-1,6,-1,8,-1,10,-1,8,0,7,0,10,0,9,0,7,-1,6,0,6,0,6,-1,9,0,6,0,5,0],"VAS":[[0,0,0,1106,0,0,0,1115,0,1214,0,0,0,705,0,0,0,1213,0,0,0,1214,0,0,0,0,0,1213,0,1214,0,0,0,0,0,1214,0,0,0,0,0,1214,0,0,0,1214,0,0,0,1214,0,0,0,0,0,1214,0,1214,0,1214,0,1214,0,1214,0,1214,0,1214,0,1214,0,1214,0,0,0,1166,0,1214,0,0,0,0,0,0,0,1214,0,0,0,0,0,1214,0,1214,0,1214,0,1214,0,0,0,1214,0,0,0,0,0,0,0,0,0,0,0,0,0,0,0,1214,0,0,0,1214,0,0,0,1214,0,1214,0,1214,0,1214,0,1214,0,1214,0,1214,0,0,0,0,0,0,0,0,0,1214,0,0,0,0,0,1214,0,0,0,0,0,0],[0,0,0,756,0,0,0,757,0,863,0,0,0,854,0,0,0,958,0,0,0,1016,0,0,0,0,0,912,0,970,0,0,0,0,0,1002,0,0,0,0,0,1031,0,0,0,1029,0,0,0,1043,0,0,0,0,0,1044,0,1032,0,1041,0,655,0,801,0,866,0,588,0,596,0,701,0,0,0,859,0,862,0,0,0,0,0,0,0,799,0,0,0,0,0,1010,0,955,0,1057,0,1050,0,0,0,1033,0,0,0,0,0,0,0,0,0,0,0,0,0,0,0,760,0,0,0,676,0,0,0,759,0,741,0,1015,0,752,0,1057,0,1033,0,796,0,0,0,0,0,0,0,0,0,910,0,0,0,0,0,1015,0,0,0,0,0,0]],"CP":[[0,705,0,0,0,912,0,0,0,0,0,1002,0,0,0,1008,0,0,0,1111,0,0,0,808,0,961,0,0,0,0,0,1050,0,1111,0,0,0,1110,0,1107,0,0,0,1158,0,0,0,1178,0,0,0,1165,0,1193,0,0,0,0,0,0,0,0,0,0,0,0,0,0,0,0,0,0,0,705,0,0,0,0,0,903,0,705,0,802,0,0,0,803,0,809,0,0,0,0,0,0,0,0,0,956,0,0,0,1055,0,995,0,949,0,1005,0,1053,0,1084,0,805,0,0,0,705,0,0,0,705,0,0,0,0,0,0,0,0,0,0,0,0,0,0,0,705,0,705,0,705,0,705,0,0,0,705,0,705,0,0,0,705,0,705,0,708],[0,780,0,0,0,862,0,0,0,0,0,855,0,0,0,960,0,0,0,861,0,0,0,911,0,1003,0,0,0,0,0,982,0,1009,0,0,0,1013,0,1034,0,0,0,1024,0,0,0,1012,0,0,0,1057,0,1057,0,0,0,0,0,0,0,0,0,0,0,0,0,0,0,0,0,0,0,761,0,0,0,0,0,909,0,859,0,753,0,0,0,861,0,994,0,0,0,0,0,0,0,0,0,1039,0,0,0,1035,0,976,0,1020,0,992,0,1026,0,1033,0,753,0,0,0,1007,0,0,0,851,0,0,0,0,0,0,0,0,0,0,0,0,0,0,0,968,0,1029,0,855,0,803,0,0,0,971,0,1007,0,0,0,950,0,918,0,934]],"VASRT":[0,0,0,7.1054873558833238,0,0,0,2.4186934788806638,0,9.25988115822529,0,0,0,38.312384034918232,0,0,0,8.2398117894158212,0,0,0,1.7423246140308775,0,0,0,0,0,1.634638049468863,0,4.5705685083654846,0,0,0,0,0,1.4015375180241991,0,0,0,0,0,6.4392075300642615,0,0,0,3.4521119336094137,0,0,0,2.21888669419267,0,0,0,0,0,2.8203241176603306,0,2.4185429268222647,0,1.6349510500698405,0,3.7700446528380294,0,1.0841286543230388,0,0.91796348599804323,0,1.3870898533245546,0,0.86880639292446349,0,3.6195336167978356,0,0,0,2.2687547047518248,0,1.9854165512912814,0,0,0,0,0,0,0,4.1693435807186709,0,0,0,0,0,1.5514118870490361,0,5.75460055503252,0,1.7189119229436005,0,2.0855303883381637,0,0,0,1.5184532929673318,0,0,0,0,0,0,0,0,0,0,0,0,0,0,0,2.768583436402011,0,0,0,1.5682191578519873,0,0,0,1.8682374128018477,0,2.2686784031636442,0,1.784881619726832,0,2.5025805115077975,0,1.2362814051798934,0,3.0192686123571653,0,6.9568079681830586,0,0,0,0,0,0,0,0,0,2.8520282479965706,0,0,0,0,0,6.0611311095112388,0,0,0,0,0,0],