{"ORDER":[3,4,1,2],"Sens":1,"Threshold":43.5,"sequences":[{"name":"LVLS","s":[6,5,6,5,5,5,5,6,5,6,5,6,5,5,6,5,11,10,11,10,11,10,10,10,11,10,11,10,11,11,10,10,11,5,5,4,4,5,4,4,5,5,4,4,5,4,5,5,7,8,8,7,7,7,7,8,8,8,7,8,8,7,8,5,5,5,4,4,4,5,4,4,5,4,4,5,9,9,10,9],"ms":[6,-1,5,-1,6,0,5,0,5,-1,5,-1,5,0,6,0,5,-1,6,0,5,-1,6,0,5,-1,5,0,6,0,5,0,11,-1,10,-1,11,0,10,-1,11,0,10,0,10,0,10,-1,11,0,10,0,11,-1,10,-1,11,-1,11,-1,10,-1,10,-1,11,-1,5,-1,5,0,4,-1,4,0,5,0,4,-1,4,-1,5,-1,5,-1,4,0,4,0,5,0,4,-1,5,0,5,0,7,-1,8,-1,8,0,7,0,7,0,7,0,7,0,8,-1,8,-1,8,-1,7,0,8,-1,8,0,7,0,8,-1,5,0,5,-1,5,-1,4,0,4,-1,4,0,5,0,4,0,4,-1,5,-1,4,0,4,0,5,-1,9,0,9,0,10,-1,9,-1],"VAS":[[0,1091,0,1098,0,0,0,0,0,1009,0,1008,0,0,0,0,0,1000,0,0,0,1049,0,0,0,1008,0,0,0,0,0,0,0,1183,0,1182,0,0,0,939,0,0,0,0,0,0,0,1066,0,0,0,0,0,1069,0,1053,0,1031,0,1052,0,1093,0,1092,0,1027,0,1096,0,0,0,984,0,0,0,0,0,1055,0,1008,0,1078,0,1043,0,0,0,0,0,0,0,1109,0,0,0,0,0,1090,0,1096,0,0,0,0,0,0,0,0,0,0,0,1091,0,1102,0,1105,0,0,0,1105,0,0,0,0,0,1117,0,0,0,1091,0,1086,0,0,0,1098,0,0,0,0,0,0,0,993,0,1101,0,0,0,0,0,1099,0,0,0,0,0,1119,0,1111],[0,782,0,799,0,0,0,0,0,758,0,714,0,0,0,0,0,774,0,0,0,677,0,0,0,758,0,0,0,0,0,0,0,581,0,601,0,0,0,824,0,0,0,0,0,0,0,745,0,0,0,0,0,751,0,779,0,698,0,732,0,726,0,695,0,758,0,932,0,0,0,844,0,0,0,0,0,838,0,798,0,854,0,799,0,0,0,0,0,0,0,885,0,0,0,0,0,763,0,758,0,0,0,0,0,0,0,0,0,0,0,755,0,718,0,708,0,0,0,758,0,0,0,0,0,690,0,0,0,814,0,860,0,0,0,764,0,0,0,0,0,0,0,833,0,727,0,0,0,0,0,782,0,0,0,0,0,660,0,826]],"CP":[[0,0,0,0,0,946,0,919,0,0,0,0,0,900,0,904,0,0,0,815,0,0,0,814,0,0,0,835,0,851,0,782,0,0,0,0,0,991,0,0,0,833,0,821,0,934,0,0,0,842,0,871,0,0,0,0,0,0,0,0,0,0,0,0,0,0,0,0,0,829,0,0,0,1083,0,1013,0,0,0,0,0,0,0,0,0,881,0,909,0,906,0,0,0,949,0,900,0,0,0,0,0,836,0,817,0,830,0,827,0,810,0,0,0,0,0,0,0,821,0,0,0,822,0,850,0,0,0,869,0,0,0,0,0,831,0,0,0,810,0,813,0,803,0,0,0,0,0,855,0,803,0,0,0,810,0,817,0,0,0,0],[0,0,0,0,0,657,0,804,0,0,0,0,0,799,0,722,0,0,0,807,0,0,0,801,0,0,0,798,0,726,0,833,0,0,0,0,0,933,0,0,0,794,0,791,0,761,0,0,0,800,0,918,0,0,0,0,0,0,0,0,0,0,0,0,0,0,0,0,0,755,0,0,0,859,0,940,0,0,0,0,0,0,0,0,0,692,0,809,0,883,0,0,0,707,0,803,0,0,0,0,0,804,0,746,0,908,0,790,0,962,0,0,0,0,0,0,0,679,0,0,0,906,0,691,0,0,0,917,0,0,0,0,0,722,0,0,0,845,0,741,0,753,0,0,0,0,0,757,0,927,0,0,0,902,0,662,0,0,0,0]],"VASRT":[0,18.14851406759254,0,1.8675223930803484,0,0,0,0,0,8.4901240721255125,0,1.3012977423344594,0,0,0,0,0,2.3197307292339691,0,0,0,2.4612008475219418,0,0,0,2.6025007230190815,0,0,0,0,0,0,0,2.5528940248882654,0,2.518756858425685,0,0,0,11.892690430919373,0,0,0,0,0,0,0,2.0015055205839944,0,0,0,0,0,3.3695958682279779,0,1.8353202513029727,0,1.5007148146097031,0,1.3686187156309546,0,2.5866919364399568,0,1.9856524298568936,0,1.5175503908405277,0,1.019032733791553,0,0,0,6.35589399001926,0,0,0,0,0,1.7253118212081495,0,4.8908378611762338,0,3.3859760962712726,0,4.45442641511756,0,0,0,0,0,0,0,2.8192062583711253,0,0,0,0,0,2.2354100902697014,0,6.0216540625467907,0,0,0,0,0,0,0,0,0,0,0,1.7190481171762668,0,1.8854631116690153,0,2.4849769967120579,0,0,0,9.7732571137898709,0,0,0,0,0,1.2507147120538049,0,0,0,2.58545101007304,0,1.4846426644842772,0,0,0,1.5740098740818684,0,0,0,0,0,0,0,5.8377553385472751,0,2.318684659073428,0,0,0,0,0,3.7923550731326108,0,0,0,0,0,1.6856994004582198,0,1.5088799049922159],"CPRT":[0,0,0,0,0,2.4020064035902768,0,6.2381446407364338,0,0,0,0,0,3.3527553693140448,0,7.3892213751105036,0,0,0,7.2053825437554737,0,0,0,13.327227975608105,0,0,0,4.9701759243875872,0,3.8531920523281213,0,6.0383214471047442,0,0,0,0,0,2.1183138169459266,0,0,0,1.8013689161277355,0,3.8774128838923656,0,4.1903626171444746,0,0,0,4.3870143721835584,0,8.9242099606390468,0,0,0,0,0,0,0,0,0,0,0,0,0,0,0,0,0,3.0583633309335254,0,0,0,7.8390422099565367,0,4.56963442924566,0,0,0,0,0,0,0,0,0,2.5187191178551869,0,6.7380980803586992,0,5.90515753611506,0,0,0,2.8860361940275547,0,2.7684492932873064,0,0,0,0,0,4.866090302519388,0,4.1692845085213692,0,2.5185419012632835,0,2.5118819212411725,0,4.5913278732573186,0,0,0,0,0,0,0,4.59556179095416,0,0,0,2.6063580554581276,0,6.2382414535042328,0,0,0,5.5877831311956578,0,0,0,0,0,2.9279889403719497,0,0,0,3.1526757859371251,0,3.1363833457425971,0,8.4227538719979318,0,0,0,0,0,6.71185197491893,0,3.3693981404564557,0,0,0,2.6852510260717604,0,2.1513519944045503,0,0,0,0],"break_time":186.30695718701477,"after_SBT":192.97127655428591},{"name":"LVHS","s":[6,6,5,4,4,10,2,5,3,4,9,4,6,6,5,3,12,10,11,10,10,12,10,10,12,12,10,12,9,8,9,11,9,4,6,4,5,7,3,4,4,5,5,5,8,4,4,3,12,8,6,6,7,8,8,7,5,10,7,10,5,4,8,4,8,7,2,7,6,2,4,4,3,5,4,4,11,9,11,8],"ms":[6,-1,6,-1,5,-1,4,0,4,0,10,0,2,-1,5,-1,3,0,4,0,9,-1,4,-1,6,0,6,-1,5,-1,3,-1,12,-1,10,-1,11,0,10,-1,10,-1,12,-1,10,0,10,0,12,-1,12,0,10,0,12,0,9,-1,8,-1,9,-1,11,0,9,0,4,-1,6,-1,4,-1,5,0,7,0,3,0,4,0,4,-1,5,0,5,-1,5,-1,8,0,4,0,4,-1,3,0,12,-1,8,0,6,-1,6,0,7,0,8,0,8,-1,7,-1,5,0,10,0,7,-1,10,-1,5,0,4,0,8,-1,4,-1,8,-1,7,0,2,0,7,0,6,-1,2,0,4,-1,4,0,3,0,5,0,4,-1,4,0,11,-1,9,-1,11,0,8,0],"VAS":[[0,1110,0,1108,0,1107,0,0,0,0,0,0,0,1109,0,1105,0,0,0,0,0,1111,0,1112,0,0,0,1124,0,1139,0,1147,0,1160,0,1159,0,0,0,1145,0,1137,0,1150,0,0,0,0,0,1151,0,0,0,0,0,0,0,1134,0,1111,0,1077,0,0,0,0,0,1119,0,986,0,1069,0,0,0,0,0,0,0,0,0,1064,0,0,0,1114,0,1001,0,0,0,0,0,1109,0,0,0,1109,0,0,0,1115,0,0,0,0,0,0,0,1023,0,1111,0,0,0,0,0,989,0,1042,0,0,0,0,0,1109,0,1033,0,1035,0,0,0,0,0,0,0,1049,0,0,0,1102,0,0,0,0,0,0,0,1093,0,0,0,1118,0,1107,0,0,0,0],[0,662,0,701,0,758,0,0,0,0,0,0,0,787,0,691,0,0,0,0,0,700,0,784,0,0,0,828,0,785,0,753,0,685,0,730,0,0,0,824,0,805,0,648,0,0,0,0,0,716,0,0,0,0,0,0,0,743,0,784,0,726,0,0,0,0,0,862,0,808,0,761,0,0,0,0,0,0,0,0,0,802,0,0,0,719,0,797,0,0,0,0,0,785,0,0,0,653,0,0,0,830,0,0,0,0,0,0,0,785,0,804,0,0,0,0,0,822,0,703,0,0,0,0,0,762,0,781,0,812,0,0,0,0,0,0,0,794,0,0,0,751,0,0,0,0,0,0,0,770,0,0,0,655,0,754,0,0,0,0]],"CP":[[0,0,0,0,0,0,0,869,0,974,0,831,0,0,0,0,0,1005,0,1043,0,0,0,0,0,1059,0,0,0,0,0,0,0,0,0,0,0,1048,0,0,0,0,0,0,0,1070,0,1058,0,0,0,1083,0,1025,0,965,0,0,0,0,0,0,0,1037,0,1003,0,0,0,0,0,0,0,1049,0,1017,0,951,0,1035,0,0,0,1004,0,0,0,0,0,1063,0,1106,0,0,0,1060,0,0,0,1112,0,0,0,1109,0,1112,0,1008,0,0,0,0,0,991,0,1035,0,0,0,0,0,1005,0,993,0,0,0,0,0,0,0,987,0,922,0,973,0,0,0,1001,0,0,0,1061,0,1050,0,1047,0,0,0,991,0,0,0,0,0,1045,0,1014],[0,0,0,0,0,0,0,908,0,792,0,764,0,0,0,0,0,867,0,782,0,0,0,0,0,857,0,0,0,0,0,0,0,0,0,0,0,834,0,0,0,0,0,0,0,710,0,869,0,0,0,846,0,910,0,808,0,0,0,0,0,0,0,887,0,630,0,0,0,0,0,0,0,891,0,658,0,705,0,804,0,0,0,650,0,0,0,0,0,858,0,739,0,0,0,654,0,0,0,908,0,0,0,729,0,860,0,793,0,0,0,0,0,689,0,800,0,0,0,0,0,867,0,696,0,0,0,0,0,0,0,858,0,675,0,794,0,0,0,707,0,0,0,758,0,823,0,697,0,0,0,847,0,0,0,0,0,818,0,723]],"VASRT":[0,1.4016129991651949,0,1.6017438604911607,0,1.3178100623744973,0,0,0,0,0,0,0,1.7187105031597472,0,1.0842521316243419,0,0,0,0,0,1.7348060360299382,0,1.6682480786152492,0,0,0,2.05190518091886,0,3.0523724255905682,0,1.3510677094550385,0,2.1509155165022698,0,1.7679151821700418,0,0,0,3.569397320009271,0,2.5853103033808575,0,2.2019481518401607,0,0,0,0,0,2.1087945784850031,0,0,0,0,0,0,0,2.084395709881671,0,1.8014923934290386,0,1.9020049678077036,0,0,0,0,0,1.8515888985291433,0,6.9220554663319245,0,1.4620651886310634,0,0,0,0,0,0,0,0,0,2.1854099877138036,0,0,0,1.6690927289919371,0,5.8820160028223381,0,0,0,0,0,1.792340715306878,0,0,0,1.9349405893682352,0,0,0,2.9089352851771859,0,0,0,0,0,0,0,2.6689421769335375,0,2.3354443439396642,0,0,0,0,0,1.7582921571402492,0,1.7240589983570545,0,0,0,0,0,2.4357780608320567,0,2.1178067805857581,0,1.3516276646586223,0,0,0,0,0,0,0,4.9201573617700332,0,0,0,1.4216491398636828,0,0,0,0,0,0,0,4.220073881268986,0,0,0,2.0515117764937778,0,9.3238612705855335,0,0,0,0],