{"ORDER":[4,2,3,1],"Sens":10,"Threshold":48,"sequences":[{"name":"LVLS","s":[7,7,6,7,6,7,6,6,6,6,7,6,6,7,7,6,7,10,11,11,10,10,11,11,11,10,10,10,10,11,6,6,5,6,6,6,5,5,6,5,6,5,6,9,8,9,9,9,9,9,9,8,9,9,9,8,8,4,5,4,4,4,5,4,4,5,4,5,4,4,5,4,4,7,8,7,7,8,8,7],"ms":[7,-1,7,0,6,0,7,-1,6,-1,7,0,6,0,6,-1,6,-1,6,0,7,-1,6,0,6,0,7,0,7,0,6,-1,7,-1,10,0,11,-1,11,-1,10,0,10,0,11,-1,11,0,11,-1,10,0,10,0,10,-1,10,0,11,-1,6,-1,6,-1,5,0,6,-1,6,0,6,0,5,-1,5,-1,6,-1,5,-1,6,0,5,0,6,0,9,-1,8,0,9,-1,9,-1,9,-1,9,0,9,0,9,0,8,0,9,-1,9,-1,9,-1,8,0,8,-1,4,0,5,-1,4,0,4,-1,4,-1,5,0,4,-1,4,-1,5,0,4,-1,5,0,4,0,4,0,5,-1,4,-1,4,-1,7,0,8,0,7,0,7,0,8,0,8,-1,7,-1],"VAS":[[0,1156,0,0,0,0,0,1106,0,879,0,0,0,0,0,953,0,1048,0,0,0,976,0,0,0,0,0,0,0,0,0,1062,0,1064,0,0,0,1062,0,1148,0,0,0,0,0,1065,0,0,0,1160,0,0,0,0,0,1123,0,0,0,1159,0,1109,0,1191,0,0,0,1157,0,0,0,0,0,998,0,1074,0,1059,0,1061,0,0,0,0,0,0,0,1059,0,0,0,1053,0,964,0,1008,0,0,0,0,0,0,0,0,0,1161,0,1159,0,1160,0,0,0,740,0,0,0,1026,0,0,0,1130,0,1101,0,0,0,1133,0,1108,0,0,0,1141,0,0,0,0,0,0,0,1109,0,1033,0,1059,0,0,0,0,0,0,0,0,0,0,0,1086,0,787],[0,463,0,0,0,0,0,850,0,890,0,0,0,0,0,863,0,697,0,0,0,802,0,0,0,0,0,0,0,0,0,689,0,789,0,0,0,520,0,476,0,0,0,0,0,560,0,0,0,547,0,0,0,0,0,569,0,0,0,554,0,857,0,831,0,0,0,718,0,0,0,0,0,736,0,808,0,881,0,713,0,0,0,0,0,0,0,562,0,0,0,601,0,852,0,755,0,0,0,0,0,0,0,0,0,630,0,688,0,659,0,0,0,768,0,0,0,954,0,0,0,992,0,943,0,0,0,969,0,954,0,0,0,945,0,0,0,0,0,0,0,928,0,934,0,958,0,0,0,0,0,0,0,0,0,0,0,751,0,714]],"CP":[[0,0,0,1123,0,1000,0,0,0,0,0,822,0,864,0,0,0,0,0,967,0,0,0,1023,0,1059,0,1064,0,1051,0,0,0,0,0,1080,0,0,0,0,0,1110,0,953,0,0,0,1043,0,0,0,1012,0,947,0,0,0,1078,0,0,0,0,0,0,0,1051,0,0,0,800,0,1008,0,0,0,0,0,0,0,0,0,1060,0,1031,0,1054,0,0,0,1048,0,0,0,0,0,0,0,888,0,705,0,1073,0,1165,0,0,0,0,0,0,0,1040,0,0,0,1056,0,0,0,1077,0,0,0,0,0,1125,0,0,0,0,0,1151,0,0,0,1148,0,1102,0,1098,0,0,0,0,0,0,0,1138,0,1097,0,1144,0,1115,0,1106,0,0,0,0],[0,0,0,551,0,617,0,0,0,0,0,579,0,696,0,0,0,0,0,817,0,0,0,693,0,782,0,692,0,619,0,0,0,0,0,549,0,0,0,0,0,548,0,656,0,0,0,672,0,0,0,559,0,731,0,0,0,572,0,0,0,0,0,0,0,894,0,0,0,884,0,919,0,0,0,0,0,0,0,0,0,750,0,700,0,651,0,0,0,597,0,0,0,0,0,0,0,779,0,694,0,614,0,653,0,0,0,0,0,0,0,862,0,0,0,860,0,0,0,1040,0,0,0,0,0,953,0,0,0,0,0,998,0,0,0,957,0,823,0,884,0,0,0,0,0,0,0,1031,0,798,0,770,0,803,0,703,0,0,0,0]],"VASRT":[0,4.5204581013195151,0,0,0,0,0,3.703004125996733,0,4.7864031629633335,0,0,0,0,0,9.12342013870372,0,2.1877111096707815,0,0,0,5.6051669720073809,0,0,0,0,0,0,0,0,0,3.2864404930192794,0,13.260624913340942,0,0,0,2.3191055226330897,0,3.7198498265177951,0,0,0,0,0,4.8702341620058789,0,0,0,2.9729418627451785,0,0,0,0,0,3.4207064487466536,0,0,0,2.2191454780995636,0,3.2698794854523543,0,3.8364947651775392,0,0,0,2.7021623537461736,0,0,0,0,0,4.0036960857590351,0,3.3193906258076216,0,3.9532348749689259,0,1.7512965015584272,0,0,0,0,0,0,0,2.0348543758619755,0,0,0,30.039391823651176,0,8.394576640245738,0,7.8054595411931018,0,0,0,0,0,0,0,0,0,3.136823679890258,0,3.2700903387353888,0,3.1358658152679109,0,0,0,25.034787099717192,0,0,0,1.802737728872214,0,0,0,3.3183519477674577,0,3.3860858985098332,0,0,0,3.4599304922562695,0,6.36001352086422,0,0,0,1.2013000704758638,0,0,0,0,0,0,0,5.6382483753221253,0,7.3721728635926942,0,5.2051261961001165,0,0,0,0,0,0,0,0,0,0,0,6.3394840411959725,0,13.343605935725028],"CPRT":[0,0,0,17.879955564926814,0,12.163168033657763,0,0,0,0,0,4.1857568197089572,0,6.45475186998967,0,0,0,0,0,2.0677068761963051,0,0,0,9.38201897351371,0,4.4532849218571169,0,1.8677227927476316,0,2.2193866876918293,0,0,0,0,0,1.676228220373678,0,0,0,0,0,3.6191735371745826,0,7.70072494148206,0,0,0,11.424779937269097,0,0,0,11.091517708804233,0,9.0235487017755158,0,0,0,2.89509269750266,0,0,0,0,0,0,0,8.3399073886436224,0,0,0,5.02090154956652,0,2.0882876334139278,0,0,0,0,0,0,0,0,0,4.9042135377653,0,1.8674577903724554,0,1.601785525291318,0,0,0,7.2398546343008245,0,0,0,0,0,0,0,2.3518710562436773,0,14.761160661176824,0,1.4686845954857708,0,2.8018418075295135,0,0,0,0,0,0,0,2.0692776100887964,0,0,0,4.4038303919163608,0,0,0,2.3262667400687693,0,0,0,0,0,1.6012748008995312,0,0,0,0,0,6.453861281512105,0,0,0,2.47713636628415,0,2.7690020240274289,0,1.6849449935472331,0,0,0,0,0,0,0,2.9524944271559339,0,2.5191462164962748,0,2.3854135472824129,0,1.8341975309654865,0,1.4833901762060684,0,0,0,0],"break_time":220.79786390035912,"after_SBT":"Last"},{"name":"LVHS","s":[1,4,4,6,3,5,3,2,3,6,3,2,2,2,4,7,10,6,9,5,8,7,8,9,8,9,8,5,6,6,6,3,2,8,4,6,3,2,8,7,5,5,6,4,4,6,7,10,6,10,9,8,8,7,7,7,10,9,9,4,7,6,7,7,4,2,5,4,5,5,6,5,5,7,3,10,10,10,10,7],"ms":[1,-1,4,-1,4,-1,6,-1,3,0,5,0,3,-1,2,-1,3,0,6,0,3,-1,2,0,2,0,2,-1,4,-1,7,-1,10,-1,6,-1,9,0,5,-1,8,-1,7,0,8,-1,9,0,8,0,9,-1,8,-1,5,0,6,0,6,-1,6,0,3,-1,2,0,8,0,4,-1,6,-1,3,-1,2,0,8,0,7,0,5,0,5,-1,6,0,4,-1,4,-1,6,0,7,0,10,-1,6,0,10,0,9,0,8,-1,8,0,7,-1,7,0,7,0,10,-1,9,-1,9,0,4,0,7,-1,6,-1,7,0,7,0,4,-1,2,-1,5,-1,4,-1,5,0,5,-1,6,0,5,-1,5,0,7,0,3,0,10,0,10,-1,10,-1,10,0,7,0],"VAS":[[0,1146,0,1186,0,1154,0,1148,0,0,0,0,0,1011,0,801,0,0,0,0,0,1016,0,0,0,0,0,1007,0,1008,0,807,0,1112,0,852,0,0,0,1043,0,1171,0,0,0,1003,0,0,0,0,0,1004,0,870,0,0,0,0,0,1005,0,0,0,858,0,0,0,0,0,1012,0,1113,0,705,0,0,0,0,0,0,0,0,0,1075,0,0,0,800,0,1011,0,0,0,0,0,899,0,0,0,0,0,0,0,969,0,0,0,902,0,0,0,0,0,1172,0,1011,0,0,0,0,0,1065,0,905,0,0,0,0,0,958,0,896,0,1077,0,1076,0,0,0,766,0,0,0,1054,0,0,0,0,0,0,0,0,0,958,0,1065,0,0,0,0],[0,696,0,703,0,851,0,656,0,0,0,0,0,753,0,859,0,0,0,0,0,858,0,0,0,0,0,803,0,960,0,928,0,533,0,1032,0,0,0,809,0,645,0,0,0,855,0,0,0,0,0,750,0,755,0,0,0,0,0,919,0,0,0,850,0,0,0,0,0,849,0,842,0,1012,0,0,0,0,0,0,0,0,0,751,0,0,0,940,0,914,0,0,0,0,0,598,0,0,0,0,0,0,0,651,0,0,0,807,0,0,0,0,0,549,0,749,0,0,0,0,0,856,0,831,0,0,0,0,0,924,0,900,0,886,0,831,0,0,0,859,0,0,0,782,0,0,0,0,0,0,0,0,0,522,0,526,0,0,0,0]],"CP":[[0,0,0,0,0,0,0,0,0,912,0,927,0,0,0,0,0,911,0,899,0,0,0,915,0,875,0,0,0,0,0,0,0,0,0,0,0,1004,0,0,0,0,0,1011,0,0,0,905,0,1006,0,0,0,0,0,863,0,886,0,0,0,731,0,0,0,852,0,966,0,0,0,0,0,0,0,913,0,956,0,1057,0,956,0,0,0,1070,0,0,0,0,0,781,0,907,0,0,0,865,0,893,0,859,0,0,0,901,0,0,0,1003,0,1112,0,0,0,0,0,1011,0,811,0,0,0,0,0,1010,0,1014,0,0,0,0,0,0,0,0,0,870,0,0,0,1013,0,0,0,938,0,1057,0,1057,0,711,0,0,0,0,0,1150,0,732],[0,0,0,0,0,0,0,0,0,859,0,804,0,0,0,0,0,981,0,852,0,0,0,954,0,1038,0,0,0,0,0,0,0,0,0,0,0,571,0,0,0,0,0,752,0,0,0,744,0,784,0,0,0,0,0,849,0,804,0,0,0,961,0,0,0,885,0,762,0,0,0,0,0,0,0,995,0,733,0,772,0,725,0,0,0,847,0,0,0,0,0,853,0,801,0,0,0,896,0,526,0,444,0,0,0,785,0,0,0,830,0,856,0,0,0,0,0,756,0,855,0,0,0,0,0,853,0,799,0,0,0,0,0,0,0,0,0,793,0,0,0,708,0,0,0,681,0,712,0,901,0,603,0,0,0,0,0,549,0,793]],"VASRT":[0,7.0054559312536258,0,1.9687801768378079,0,2.7858538778544162,0,28.29342244414234,0,0,0,0,0,6.788359914247529,0,5.2031944682600173,0,0,0,0,0,4.11971133611244,0,0,0,0,0,3.1692639087276029,0,5.4707238010693624,0,14.464394920815158,0,5.80449880502799,0,8.4907934236748037,0,0,0,5.7877322770431645,0,4.4779096317287426,0,0,0,5.2544900673335757,0,0,0,0,0,24.935923164079131,0,2.7531572612701902,0,0,0,0,0,9.3074733131122027,0,0,0,4.0588629347002971,0,0,0,0,0,2.1520096286931119,0,7.1718839863905286,0,11.542573903255263,0,0,0,0,0,0,0,0,0,5.8551844063741685,0,0,0,2.4855376799739428,0,3.2856286668575558,0,0,0,0,0,4.7235717561617152,0,0,0,0,0,0,0,8.5495431375460775,0,0,0,20.532847987909985,0,0,0,0,0,5.7188070462736809,0,6.7724433629211633,0,0,0,0,0,4.9040535518112458,0,16.446057658937843,0,0,0,0,0,4.2367291651112478,0,8.0733588927987459,0,5.855060109594481,0,14.709961053675698,0,0,0,7.8733485552447906,0,0,0,6.1726453554436658,0,0,0,0,0,0,0,0,0,4.8453715243051478,0,5.6875728653976632,0,0,0,0],