"eps","psi","eta","xi","E0","w0","cs"
1.98791739683315,1.15036728147871,3.22008117104861,7.81796321168908,47.4456250462412,1.19766160274049,6.24257187956268
1.03034515190282,0.272345066043308,1.68500040151041,3.99626664813543,29.2554148194004,0.105407040984523,2.58809677217939
