"eta","C","cs"
9.53275325093952,26.7822842589677,24.7353536490391
7.79785757532024,18.4145064982292,4.14560873149093
