"psi","eta","xi","E0","w0","cs"
1.35508507588404,1.4055730697223,7.99267754003838,50.0618870583346,2.19073606333583,6.58102514858372
0.448710794817708,0.460759083730207,4.51663574107189,19.4324745785195,0.173744148252119,2.5687805776599
