"psi","eta","xi","E0","w0","cs"
1.46773150725107,1.56579557733999,6.97223620729815,47.6613439187869,1.84453721607774,9.44745328190925
0.824885343135579,0.176695187143428,4.23250663606271,18.128400583064,0.131187055895673,3.64761791653498
