"psi","eta","xi","E0","w0","cs"
1.53672657543771,1.4026872614995,5.94279044354832,64.8861797284953,2.36785170897638,6.80047576212976
0.779756943789467,0.333395912627975,4.57215242408901,24.4648777293377,0.492204782521762,1.91585481346062
