"psi","eta","xi","E0","w0","cs"
1.72224831317444,2.18999354002726,7.21626025821947,41.6720051155495,1.31278903488932,15.0061752335884
0.882027260233369,0.923651299826277,4.72214274591603,13.0945620127917,0.220082298803548,2.31071448955668
