"eta","C","cs"
12.3675595988168,30.6180057304278,16.6208790015346
6.81358999747698,21.4460784892738,3.57587327303657
