"psi","eta","xi","E0","w0","cs"
1.52952709474198,1.70779485457342,7.1113683241467,55.4737371553363,2.0378783368399,6.28355438973431
0.457614735754343,0.707841404357925,4.93317975150258,28.1214847147966,0.315163247569312,1.10254913918007
