"psi","eta","xi","E0","w0","cs"
1.83371761393882,1.90086175072681,6.0283378199905,43.1231333260725,1.4797415736979,8.62089864701878
0.812844777098498,0.92266623307486,4.47252432146398,19.7261163971478,0.196777497770385,2.54778762171089
