"eps","psi","eta","xi","E0","w0","cs"
1.95693017754501,1.37383459752625,2.06674766483782,5.13574013536115,45.7289274617431,1.29042021409403,7.7933581640234
0.902338093970091,0.557598215477639,1.21954964581952,3.58860881655478,28.159643812734,0.401175214529381,3.23236228569654
