"alpha","gam","eta","E0","cs"
0.803493106314238,0.196725774132286,8.08653100511734,40.3071382803128,7.96235678583302
0.0478189922072651,0.141030997768159,5.2800193007801,17.2737533960743,2.80398066375428
