"eps","psi","eta","xi","E0","w0","cs"
1.58179081935416,1.38407394832535,2.53137568605109,7.60796034166079,52.5192400394027,1.51573418817459,7.18948491550412
0.844772679407306,0.249388927543921,1.30826034503975,4.60858908227377,33.3725075300116,0.0789542293001395,1.38866460467568
