"psi","eta","xi","E0","w0","cs"
1.99295865398832,1.56548406400284,7.06885283276896,45.5181986118368,1.48387067786198,8.29608973999405
0.596866640231258,0.765771167965131,4.50436980585926,25.0687376851638,0.218076712069849,2.71494855664257
