"eps","psi","eta","xi","E0","w0","cs"
2.31480960073506,1.15635420929089,2.96690589697696,7.67244939775202,48.1048555012336,0.946739229243675,9.57118016091197
0.942075129817337,0.425900479731895,1.70955314027368,5.36435275509956,28.1663862519661,0.190776574925052,3.39098119961832
