"eta","C","cs"
9.4637131831868,33.3574609778006,23.087903711438
6.9000932729299,24.4456546864209,4.22746726710467
