"psi","eta","xi","E0","w0","cs"
1.85597093533897,2.32300043571302,6.9153438504032,41.9988360559962,1.14431260270044,11.7433547618447
1.01473085646155,0.899387604951854,5.69095224181528,20.7584802359972,0.117807076063505,3.61882738251329
