"eta","C","cs"
11.7670002171077,26.8822452719785,77.1372639581904
6.41474253488484,23.2456675166604,4.79644642269139
