"alpha","eta","E0","cs"
0.643342787238892,7.46236656013129,56.0727838565856,10.2012571306503
0.138711330368889,5.59928632027292,22.7464947073102,3.59757054438683
