"alpha","eta","E0","cs"
0.647983334718709,7.40695325479768,44.6623203121743,9.90330212186911
0.105785523448979,4.96169338701531,16.6711995300152,3.64864109090281
