"alpha","eta","E0","cs"
0.672896519822047,6.06631841289221,34.5086000491444,15.7156944874403
0.122222120542183,4.28611315327966,15.0920729470235,3.20027261604853
