"psi","eta","xi","E0","w0","cs"
0.870084584977049,1.2458388435845,6.04320895078432,14.2370496621146,19.091536386246,6.25006495834408
0.168934464079033,0.765507304424178,3.71374114414833,5.51697007625193,3.11618021265283,2.59232522852684
