"alpha","gam","eta","E0","cs"
0.83936117049074,0.193129847562065,5.41512556180194,49.233929117787,7.92560824311685
0.0556000723910995,0.129320194331072,3.43072509340546,21.4070071657091,2.87819476665166
