"psi","eta","xi","E0","w0","cs"
1.02121595704892,1.93921762028888,6.97808785397752,42.706375646081,1.96045175169602,15.4956106695335
0.583769898377402,0.454221383002476,4.66999081049615,14.6954288672772,0.21011724256212,2.84470133902831
