"eps","psi","eta","xi","E0","w0","cs"
1.11716056787409,0.959463890144734,2.26944565765681,6.63188360453553,25.1814224528514,7.91220117347747,8.18171124655766
0.755093716677499,0.240106934944943,1.11139552598979,4.60010505608657,12.5547600319725,3.40433716378852,3.39114513761222
