"eta","C","cs"
8.97353390024674,33.1756370623429,39.0216146793008
8.57679709979458,21.3581943812434,11.2453227516762
