"eps","psi","eta","xi","E0","w0","cs"
4.51244535744835,2.69352128590266,6.50311703476507,9.19450381444611e+34,5.1641577954455,4.71110706882749,1.55303214935654
2.04142902743784,0.474490405244287,2.64939280401966,5.03603714423943e+35,0.680560576902656,2.82153321715758,0.624385139956292
