"eta","C","cs"
11.4500271459526,31.204862432046,58.8430672780607
8.07425209818379,23.019646535221,28.0789291461722
