"psi","eta","xi","E0","w0","cs"
1.01102398395124,1.26589834384726,7.30442921118743,1.83811386855213,16.0959014113881,5.44601363420401
0.134547520146494,0.684757806692687,4.51910677336363,0.17279164544729,4.67066026362232,2.54302162488578
