"alpha","eta","E0","cs"
0.681275753285787,6.32050646410361,35.965688708513,9.3017745568378
0.103586552812626,5.23953051216764,14.892755628591,3.26260673700371
