"alpha","eta","E0","cs"
0.688932135151827,5.96433845674488,38.962953391641,8.53903853842852
0.126573811812014,3.64846173833462,17.0654063236371,2.07951761763711
