"eps","psi","eta","xi","E0","w0","cs"
1.61307257192251,1.43075355283462,2.88671379383134,6.34899688885347,32.3175033534325,1.427155135596,7.70908735162518
0.935169823772646,0.401504815762401,1.62681855747108,4.4867109475526,21.9999477317032,0.234434092467533,2.67680480892986
