"eps","psi","eta","xi","E0","w0","cs"
1.86746065930081,1.66848493877578,2.71132269175121,5.99685146340789,44.3779589259211,0.792151988677289,9.54525860989497
0.926511185391339,0.785946774847049,1.75882725963448,4.75384723685433,28.9439619205548,0.20492586207553,2.75733502528607
