"eps","psi","eta","xi","E0","w0","cs"
2.29457394728735,1.12970830711382,3.35343343233514,6.69058924669583,46.8156362219625,1.02190513526383,8.46965843374151
0.993335062997918,0.434323628240727,2.11466801015846,4.982565339341,21.462459340916,0.220948043631352,3.00083070123421
