"alpha","gam","eta","E0","cs"
0.81506106921595,0.225380083752669,7.12234320911851,51.6193269295953,5.54977756508961
0.0891534895309042,0.175726664965247,5.26739500744194,25.4808803236245,2.31772635263406
