"eps","psi","eta","xi","E0","w0","cs"
2.21759089972293,1.39346285693732,2.27314424590418,5.51432302495876,45.2109984403145,0.836046046719012,16.0461130513738
0.825374593635721,0.325478101720175,0.844579662805627,4.3416527376261,24.2583486723807,0.16597666589162,4.88400741394316
