"psi","eta","xi","E0","w0","cs"
1.3771231647491,1.45643830189697,7.8851635373798,33.4626153632614,2.83465313994019,6.28191269617853
0.212721475865618,0.513731311888582,5.18848916501826,13.7600491756793,0.701615756293196,2.15480233165492
