"eta","C","cs"
10.390888332604,26.2160557601891,23.545953070232
6.91954961804199,22.8703975417531,3.75639631619164
