"eps","psi","eta","xi","E0","w0","cs"
2.39646505957681,1.36149556574513,2.46389735031644,6.49047046602547,46.8994253269845,0.745199308118315,20.6814923507689
0.961179186983211,0.493132204187382,1.57286721536263,4.8486218771115,24.4951443730292,0.230391309016355,7.36838760399503
