"eta","C","cs"
11.4322389586347,29.3030981695873,15.4672853081697
7.92447663549235,25.150281863433,3.06591991316764
