"alpha","eta","E0","cs"
0.66302936178134,7.3074567817349,37.7467627310031,10.8367517517337
0.124793297704641,4.23424442501322,15.6575184945968,3.27319281835604
