"eta","C","cs"
10.1202345980671,26.6442229561782,9.64695410110785
6.10012474994527,21.2797929820662,1.89159106821698
