"eta","C","cs"
12.6464127925836,34.7341166925518,13.9999071379753
9.84861903329748,20.0950630013865,3.53028886969729
