"psi","eta","xi","E0","w0","cs"
1.39029059726611,1.64523018545181,8.33423393507432,17.5761977901279,3.03816101036044,5.11918354239668
0.38083834393273,0.813447708071039,5.06865663334587,6.35330938062749,0.694265000433587,2.8957409263957
