"alpha","gam","eta","E0","cs"
0.773633652444079,0.29412071869248,5.33491051898807,44.5433398650097,7.07682455047395
0.0959051275043403,0.170983728676348,3.73156794295176,27.3162085318135,2.36077872571936
