"alpha","eta","E0","cs"
0.6473297777455,8.23210074453575,56.416287384127,6.77639257689128
0.0804786008939808,4.45792223144206,23.0391715856636,2.57490198344542
