"eps","psi","eta","xi","E0","w0","cs"
1.98488215779804,1.56194587931436,2.76145094132907,327284712990934080,10.4266284422328,6.33338543790368,4.1874782360397
0.547524515711937,0.447462728561309,0.832955684009608,1792612129126178560,5.61326491753001,1.48396706952386,1.6855377593317
