"eps","psi","eta","xi","E0","w0","cs"
1.90070385887356,1.67648008165208,3.12937495139904,7.67433041547509,37.9167323908786,0.765712321562458,9.38056990159564
0.876952974942897,0.5153047497843,1.98196872365964,4.79402908198313,22.5993417570868,0.0606344648968452,2.71285726790192
