"eps","psi","eta","xi","E0","w0","cs"
1.87365507349935,1.1827761947593,2.38741944579104,6.5972722744058,44.1148801206529,1.35460936272095,15.1782972635665
1.05519290803001,0.500332679794737,1.3604571453395,4.71218950276421,27.3862195318576,0.418947741275949,2.44483013100802
