"psi","eta","xi","E0","w0","cs"
1.51778403002518,1.88720169567589,5.69633211974232,43.9357629293903,1.57477606844921,10.1709881229422
0.84794872476642,0.838563292598081,5.45800136639014,21.9967027212662,0.225815412450169,3.36141206601546
