"alpha","eta","E0","cs"
0.658626975839917,6.82156239640597,45.3305282353832,6.29791270549464
0.0834982370110174,4.4411156757493,18.9804185650246,2.34099816880147
