"alpha","gam","eta","E0","cs"
0.830890429946444,0.174706105067739,6.44557320421655,42.7305756136834,8.06046389364988
0.0446707637397114,0.120147206007946,4.54312295048045,24.0046588687119,3.53655687279853
