"alpha","eta","E0","cs"
0.653174334614702,5.0664981496373,35.0247163493341,8.19519849603463
0.117070235928104,3.97308086700115,16.9508853433242,3.51329418486652
