"alpha","gam","eta","E0","cs"
0.805749792627842,0.191216119036414,6.11508183783968,45.9984285016507,9.86279296792739
0.0603771823492082,0.160108951227873,4.18093056732702,25.7950742607752,4.4020177766367
