"alpha","gam","eta","E0","cs"
0.800074246379113,0.161814406962986,5.94130763965932,50.1439368788399,7.15053499132335
0.103199055338019,0.186602507952149,3.89323941631412,21.5749345509482,2.65160034144785
