"psi","eta","xi","E0","w0","cs"
1.49521283901666,1.96722599008802,6.93488649006072,38.4393767819201,1.71709284087238,8.21343989592376
0.368425621537039,1.05112068556459,4.05761485067132,18.4865933498124,0.405102046640399,2.90032557429884
