"psi","eta","xi","E0","w0","cs"
1.57017192356546,1.73794528021223,6.02805824988703,53.9497971324928,1.75580564564379,6.49909383144463
0.479036428270786,0.909529718391116,4.76071247361182,28.1254255215175,0.218822167320377,3.05695505116346
