"psi","eta","xi","E0","w0","cs"
1.45969515231199,1.7569622947404,6.82409114053083,34.3687647180527,1.70817771800979,6.35283652130486
0.713110376746671,0.661856432795007,4.28215664317367,15.6542278442008,0.103060068834599,2.83100013611191
