"E0","alpha","gam","eta","cs"
114.851894218968,0.810821192280078,0.195166705362036,9.77949074415254,11.6200494200547
45.3036635348726,0.0461790725236532,0.135707851334694,3.03644923141413,5.58618788235899
