"psi","eta","xi","E0","w0","cs"
1.40962018372581,1.79678455799089,9.24133429154228,47.9449800165734,1.67450759622775,12.4196279966237
0.431561967536096,0.969021565556124,5.19842491584438,19.6936008650954,0.125528673288562,3.77099041884273
