"psi","eta","xi","E0","w0","cs"
1.77784316775502,2.35373600481959,6.35487117755362,40.246220380652,1.23657538573591,14.5670569975561
0.444521908016926,1.18341838372684,3.52069228632044,18.6017363563522,0.152655827261129,4.14492761313958
