"psi","eta","xi","E0","w0","cs"
1.15726555643118,1.21792618274207,7.02303134307359,22.8122972428658,7.0227297242066,8.12877032457084
0.352581497639496,0.636524823214521,4.52317200020989,11.1381887432748,2.013950680233,3.52097962483782
