"psi","eta","xi","E0","w0","cs"
1.54090333509066,2.17937546389193,7.96256150676022,44.672653541302,1.5153397244321,7.98241633243866
0.542261154976385,1.06130389442614,4.64898066692055,17.0636791088624,0.153831818084101,3.53965255856041
