"alpha","gam","eta","E0","cs"
0.842381065868619,0.159616157999577,6.56508294103767,36.5134893859984,10.0620083208909
0.0363830607765492,0.129383045769684,3.7626177713745,15.5803219294145,4.52521113785572
