"psi","eta","xi","E0","w0","cs"
1.33541343824607,2.29000927028285,8.65980928095568,41.6688228957222,2.11533798789573,9.63349351231495
0.570362356053424,1.04157006862437,4.589047803369,15.1021979248005,0.352202084575339,1.34839558556783
