"eta","C","cs"
11.6076107911035,27.8466696777605,18.3701224072156
7.50702799141019,18.9443409228461,2.73827766045211
