"psi","eta","xi","E0","w0","cs"
1.43835352171664,1.26754845881849,7.25734456795652,53.4107153187296,1.95724156623705,5.83795012010222
0.317797502935054,0.763460078154225,4.78835414149384,23.2718113531931,0.111113223964119,2.458409886096
