"psi","eta","xi","E0","w0","cs"
1.22047994245365,1.47679944392379,7.75418989461235,71.5524668429012,2.078973585045,13.6824799787112
0.525653126111386,0.411081273959019,4.70444374588938,24.7830067044163,0.109470456636246,3.85706248153952
