"alpha","eta","E0","cs"
0.640814667250649,8.57264560575553,40.0465434202774,7.98127684223487
0.118590861640408,4.71127167010543,14.2985556528276,2.28317209943645
