"alpha","eta","E0","cs"
0.703389839999411,7.57142070932504,55.4710370113059,9.78064922096289
0.0885841524879502,5.10052316958268,23.9148984065982,2.76419377053922
