"psi","eta","xi","E0","w0","cs"
1.72549525551271,1.49404209685564,7.42253646443819,43.2813663523187,1.75602023666237,12.8047909707725
0.908346123290118,0.494322875721629,4.70728306264428,16.0270084596666,0.112287283134281,4.01454189589012
