"alpha","eta","E0","cs"
0.709382752174514,6.71631155464233,38.3754218610614,10.393183258878
0.0937411809317446,4.72847015226603,13.7799588103236,1.66498649988758
