"alpha","gam","eta","E0","cs"
0.798285109573023,0.206431576703811,7.67775254289204,42.5449801507578,7.22391091766475
0.0488276185544475,0.148270218999429,4.91113121209764,24.8434340881614,2.99792369678573
