"eps","psi","eta","xi","E0","w0","cs"
1.88229691635532,1.31782888356062,3.45430512567137,6.32660085597787,40.7690950918124,1.00653297800746,5.82035944890315
1.07701272502897,0.394763034865236,1.69128014428588,3.90403879867001,23.936261132882,0.152208792225062,1.48086296786034
