"psi","eta","xi","E0","w0","cs"
1.34179090307989,1.88577695943976,7.14491698608038,43.1378926135921,1.405201591286,8.43835913123391
0.474555263051475,1.11968676469192,5.58987889776562,17.3471913762795,0.411213459184404,2.99803871156466
