"alpha","eta","E0","cs"
0.66815068220034,8.06841957038361,37.0062347122289,11.632855361087
0.142831445024404,4.25157766349619,14.6819617981587,3.60474400178825
