"alpha","gam","eta","E0","cs"
0.858426011698568,0.205482711098623,7.49146617311423,43.594766561546,6.62390410360857
0.0380738821709631,0.175166219538222,4.87879256326174,20.8935416018277,2.87079801489677
