"alpha","eta","E0","cs"
0.668767157138207,6.21129139014017,42.7358907063808,9.76444500792118
0.148325743669778,3.44913496583721,15.8457232334233,2.93392969822226
