"eps","psi","eta","xi","E0","w0","cs"
1.97700226923598,1.31304633169606,3.03948000997169,5.77524556291971,37.7812259097427,1.03932474990156,7.82709254724627
1.01640707055095,0.57064595911339,1.42084484202146,4.03448888713159,20.162550050762,0.100460151197731,2.80143218445727
