"alpha","eta","E0","cs"
0.654663392682951,8.160623596236,22.3955377135083,9.53277351964394
0.114679531871102,5.52409137409256,8.61486178356811,4.24218766167915
