"eta","C","cs"
10.9272573423237,38.5969301511195,11.9353388612292
8.7019317617576,27.0628665025739,4.19291418141238
