"eta","C","cs"
11.2484785294149,32.0983307481761,12.1608646576097
8.43919093069623,24.0053860903353,2.52603234939269
