"eta","C","cs"
11.4856631684102,24.980452866775,33.2109399597786
7.93946821838961,21.2166987555739,2.74532873401426
