"alpha","gam","eta","E0","cs"
0.765854153369793,0.226670678221454,6.02293059122722,45.074347130029,7.04875953787404
0.0638915773745344,0.147327676775436,4.20065441743818,22.8656076023951,3.54531417640001
