"eps","psi","eta","xi","E0","w0","cs"
1.93530794578792,1.50566678947112,2.57326095376914,7.30766868648531,44.0514909793589,1.03299435543756,7.96257253176408
0.95877390848834,0.831884597825565,1.23623794273471,5.25039736406452,25.9688555786589,0.147579042479968,2.93132310077153
