"eps","psi","eta","xi","E0","w0","cs"
1.67295900172488,1.74171071838747,2.84146876710702,7.43830877361559,40.9051265568973,0.999769744689319,6.56958115692931
0.729021412957492,0.281300337314811,1.53128239185491,5.23806947140675,27.4200129044275,0.0624000625896334,2.54638120597132
