"alpha","eta","E0","cs"
0.653726942559671,6.48344695231228,55.4552661736621,5.31864788511328
0.131656534823215,3.77362815570563,27.0332226974814,2.63461891089054
