"psi","eta","xi","E0","w0","cs"
1.36533429294333,1.62440386690253,6.93537238558463,45.4134554731185,2.13021000371336,19.9239394123782
0.355391000517985,0.660942526834676,4.84758967627325,19.1933410501386,0.242789731197908,2.80134563978589
