"psi","eta","xi","E0","w0","cs"
0.946475467175013,1.42473193014612,7.0672623956918,17.3960954036501,4.84817791197437,7.41268422879709
0.329034050168748,0.744976901107964,5.05414823979643,7.07936139667232,1.30608301740469,2.18539379649022
