"alpha","gam","eta","E0","cs"
0.850244279164199,0.217095810875398,7.97121855320178,49.6906360255535,11.1032118132083
0.031068824228376,0.139744876674185,5.55685318059181,20.4835353676517,1.57459806005486
