"eps","psi","eta","xi","E0","w0","cs"
1.82354535007682,1.39752654962985,2.73105007872879,7.27663210054361,45.8268914512137,1.1661825150849,19.8921302165529
0.709225272663715,0.359907691668521,2.01332632864433,4.53455238570489,26.1501214742385,0.297904472972193,5.65041152087338
