"alpha","eta","E0","cs"
0.594543216903585,8.91130859747586,48.1211141071442,7.00069384691055
0.140259212941864,5.70894762764609,22.9350723055916,2.15164867222552
