"eta","C","cs"
9.73581093180805,27.371383945496,28.3879316043033
8.59312706923434,16.6280470846175,5.24668444185337
