"eps","psi","eta","xi","E0","w0","cs"
1.58389446120143,1.61204078435553,2.68314627706987,8.57722172474669,44.3108100326495,1.27457747964959,4.65963315457465
0.508859227776108,0.393570582291851,1.77307004118892,5.08197401574885,28.9775467655126,0.0814982796068992,0.640219573087964
