"alpha","gam","eta","E0","cs"
0.79521132958059,0.249181385375862,7.44197267144387,38.7417920096965,9.81805765883549
0.0320953519138666,0.169427382616446,4.7642885369603,18.2025088517842,3.64338686294953
