"eta","C","cs"
9.18119168723547,31.2969512066239,30.37245264583
5.63372695540625,23.8475883982203,3.67467662918567
