"alpha","gam","eta","E0","cs"
0.808597462544813,0.202473767870419,7.70004565876113,48.7197385560563,4.45737630406867
0.0358029954640934,0.117817607922825,5.03868018090025,19.9547063229243,2.04162552882826
