"eta","C","cs"
9.60576072617199,27.4024096770556,36.9541624683232
7.24903805183529,21.3318466268829,3.44224103625916
