"eps","psi","eta","xi","E0","w0","cs"
1.55367184464285,1.55350570974127,2.9820382496542,6.37601523491332,40.0858600576192,0.712795132627524,13.8567213479519
1.10734614293397,0.433213684803519,1.0497228587513,5.78899028212908,26.8345912807214,0.052449973889647,3.42436601548604
