"alpha","eta","E0","cs"
0.643149715313098,6.00277102278078,39.2754920321023,4.86279263460754
0.120759471329508,4.11540138096817,18.2718958972975,2.10063422407544
