"eta","C","cs"
11.1117839505394,25.2263925019766,26.1077119933563
8.83450848634664,17.8310197979791,3.83063124605309
