"eta","C","cs"
9.5145500174991,25.2871819120466,25.0582153154368
6.8633173037777,19.6746057006815,2.57533992537956
