"eps","psi","eta","xi","E0","w0","cs"
1.64608803039449,1.80159540110426,2.70806913706789,7.50032486103815,41.0336073425058,1.00671072163373,13.3587596032673
0.727274941360928,0.6048513901392,1.84920616194875,4.78553252207101,25.5799492123546,0.109543503586334,4.26023246204672
