"alpha","eta","E0","cs"
0.718780036985664,7.08543131705638,55.6558972426097,7.93717444676841
0.0828907192382389,4.60683388180194,23.7470751175848,1.46265873733128
