"eps","psi","eta","xi","E0","w0","cs"
1.78545022590397,1.57892353164892,2.04380224674206,7.17683528640943,43.3762446276617,1.32238092994766,10.6396290401405
0.909205437110518,0.313807618394784,1.54954060547517,4.16908429744677,26.7739175393783,0.309400022847466,2.74322066315443
