"alpha","gam","eta","E0","cs"
0.832835032867924,0.151916597137558,6.36253507114683,37.1402714167152,8.85660037436357
0.104898371818597,0.141107141042641,4.0068147897898,18.6718754641234,4.3607567434704
