"psi","eta","xi","E0","w0","cs"
1.48797163405748,1.70674215456315,7.33228566248087,43.8649728087215,1.72973581369897,14.0655415632467
0.707000431619219,0.708417231261219,4.98946664651924,17.0765412326085,0.13447204373586,4.27165759257656
