"alpha","eta","E0","cs"
0.606957149547104,7.34030045110007,38.7906218079415,9.7350666143766
0.118464659804805,4.26003661346567,16.3763187933928,4.35625663079122
