"alpha","gam","eta","E0","cs"
0.808608764180138,0.240355424623428,6.10962827838543,45.5050885338809,13.0940255183996
0.102957758975407,0.168826583387808,5.0323981482857,24.659118598189,4.06982159105184
