"eta","C","cs"
10.2802167855111,30.1847062437248,27.0410003904315
6.47807942931198,22.8833314012806,6.54243779471279
