"alpha","gam","eta","E0","cs"
0.805912136974629,0.211908028348968,6.18274604197376,43.2751199252482,9.34088564473068
0.067474078653467,0.181952890780063,3.74446595732027,21.4576777430957,2.3986175213484
