"eta","C","cs"
12.589396870649,38.53617720158,15.0865592666259
8.73959934106573,23.7237376876894,3.98527085290771
