"eta","C","cs"
10.8142163717141,24.6436301518794,20.5896656735718
8.97161328247173,21.0888969426193,5.69196169587934
