"alpha","eta","E0","cs"
0.673749797334498,6.59900109411717,37.1861384599615,20.327435628478
0.154684472321685,4.95888745638597,17.9145279831564,4.96156058955295
