"psi","eta","xi","E0","w0","cs"
1.30658255318914,1.42962616635901,7.2141628307277,43.0946021778883,2.98145848889622,6.25250838261393
0.386100788624559,0.746644217828693,4.59168724066211,19.0424340496961,0.429320870348409,2.08490734610597
