"alpha","eta","E0","cs"
0.670701514771398,6.36662824754911,48.5737204732924,8.32288418197557
0.106835023397591,3.55899838955783,19.6144832056906,3.38853756827801
