"psi","eta","xi","E0","w0","cs"
1.84052093450274,1.73201952001835,5.93335906394491,38.6327357136009,1.43468300900295,8.50755625701835
1.13628887264668,0.602535840499479,4.27578486760632,20.009559772835,0.0743398095577693,2.77236406188248
