"alpha","eta","E0","cs"
0.638787462271949,6.25239152101609,37.182086109284,6.67903819892178
0.0826877817794693,4.78265784906092,19.2454539100489,2.56702980893923
