"eps","psi","eta","xi","E0","w0","cs"
1.49165542458408,1.55620452156808,3.28438087474644,6.34821183310026,33.949262361849,1.2714053398907,7.14380543197247
0.673775398425364,0.341116876149375,1.92126302860589,4.54712798167294,21.5998444448955,0.324312004399133,2.73177792295187
