"alpha","gam","eta","E0","cs"
0.79159637488463,0.145099614618303,5.54274492310537,39.6813551090587,23.6661370532502
0.0781438631145542,0.109607840501231,3.94461533480582,17.4096581920511,4.23660009833838
