"eta","C","cs"
12.402060298978,26.2322948274725,24.2664689623023
9.26342611060376,20.7698425433743,4.78433641969885
