"alpha","eta","E0","cs"
0.660214880554493,7.52812315777407,44.3056009730944,12.7151265278088
0.125677257574131,4.47624895856174,17.3043845495443,3.52311561455489
