"alpha","gam","eta","E0","cs"
0.821752128510566,0.192215976066879,7.56873342057109,48.0300557571824,10.7842180357823
0.045137242026223,0.211636602772322,5.50809512906546,26.1370765882665,2.68507582191766
