"eta","C","cs"
14.2135111896204,34.2359513390761,15.5035912418578
8.249346068469,18.4766736450055,4.04188543181436
