"psi","eta","xi","E0","w0","cs"
1.21523596779648,2.32035364197536,5.20258055987609,39.2577287927319,2.97328182506632,5.64504976112085
0.260982886472385,1.22310494587423,3.97263799052655,14.7219725659032,0.584621528443427,2.38133165740329
