"model","group","s_iter","seed","Nsubj","alpha","gam","eta","E0","cs"
"m1_RL_sliced2_halfStudentT_reparam_confEs_norm","All",57,83882,30,0.59410267740098,0.971792246627823,0.995633490624262,0.707942657201099,0.463179629376558
