"model","group","s_iter","seed","Nsubj","alpha","gam","eta","E0","cs"
"m1_RL_sliced2_halfStudentT_reparam_confEs_norm","All",109,4644,30,0.755218918789346,0.973388430006835,0.987022957638857,0.660880838297894,0.305875680952107
