"model","group","s_iter","seed","Nsubj","alpha","gam","eta","E0","cs"
"m1_RL_sliced2_halfStudentT_reparam_confEs_norm","All",94,91526,30,0.577977364687369,0.980925731289847,0.995730097536966,0.540071636970169,0.215274010365597
