"model","group","s_iter","seed","Nsubj","alpha","gam","eta","E0","cs"
"m1_RL_sliced2_halfStudentT_reparam_confEs_norm","All",107,94114,30,0.657716876237833,0.934381578421445,0.992304872437842,0.608148845413531,0.307990793731495
