"model","group","s_iter","seed","Nsubj","alpha","gam","eta","E0","cs"
"m1_RL_sliced2_halfStudentT_reparam_confEs_norm","All",68,42951,30,0.837777343076394,0.975003415012162,0.994749835146739,0.685251067893423,0.415695232642588
