"model","group","s_iter","seed","Nsubj","alpha","gam","eta","E0","cs"
"m1_RL_sliced2_halfStudentT_reparam_confEs_norm","All",71,39788,30,0.710824852284255,0.953696370887119,0.993246468172201,0.867617453343394,0.552476986290867
