"model","group","s_iter","seed","Nsubj","alpha","gam","eta","E0","cs"
"m1_RL_sliced2_halfStudentT_reparam_confEs_norm","All",55,86574,30,0.576024658055855,0.955560576768002,0.989743654069615,0.66813277095789,0.29954163461753
