"model","group","s_iter","seed","Nsubj","alpha","gam","eta","E0","cs"
"m1_RL_sliced2_halfStudentT_reparam_confEs_norm","All",98,65616,30,0.620963486897212,0.955753687475544,0.991342257143456,0.783236798834566,0.371708438390805
