"model","group","s_iter","seed","Nsubj","alpha","gam","eta","E0","cs"
"m1_RL_sliced2_halfStudentT_reparam_confEs_norm","All",63,96162,30,0.762957443491306,0.9550045604739,0.99585630600711,0.695970146573402,0.587189041819635
