"model","group","s_iter","seed","Nsubj","alpha","gam","eta","E0","cs"
"m1_RL_sliced2_halfStudentT_reparam_confEs_norm","All",90,37335,30,0.653930130086759,0.859087264058559,0.997950110239774,0.670981171059537,0.489376327548179
