"model","group","s_iter","seed","Nsubj","alpha","gam","eta","E0","cs"
"m1_RL_sliced2_halfStudentT_reparam_confEs_norm","All",85,83991,30,0.745957413665449,0.939029267396523,0.994865365836007,0.648255257561564,0.67917190942224
