"model","group","s_iter","seed","Nsubj","alpha","gam","eta","E0","cs"
"m1_RL_sliced2_halfStudentT_reparam_confEs_norm","All",108,99429,30,0.760597735723013,0.92416560593178,0.983759703608831,0.864451826466116,0.546415025647724
