"model","group","s_iter","seed","Nsubj","alpha","gam","eta","E0","cs"
"m1_RL_sliced2_halfStudentT_reparam_confEs_norm","All",81,17797,30,0.716830734743947,0.887542315038892,0.996430028957265,0.7220006532706,0.49139038810414
