"alpha","gam","eta","E0","cs"
0.813659592919698,0.152257539132104,7.01895867429808,48.6625688759547,5.16461626918983
0.0459738632651769,0.138414665518145,4.61322337643637,16.4592156717534,2.46310648153465
