"eps","psi","eta","xi","E0","w0","cs"
2.34706850875115,1.15919936977569,3.05359152287204,5.6545225522078,43.7495818348958,1.12050093463112,11.9417644211849
1.09217824595954,0.143352005805298,1.80737295282272,4.04170200847426,22.5266921906992,0.0958317973423393,2.72751950055808
