"eta","C","cs"
10.3031629023972,31.0325917314473,20.0707305744241
7.48837048272326,22.4770810180855,2.51667987789037
