"alpha","gam","eta","E0","cs"
0.793754631570339,0.24786974754836,6.7478937536105,53.4342895547411,10.0814544658505
0.0565201663030145,0.165380677087132,5.07413166855742,21.0881151992043,3.73274782459831
