"eta","C","cs"
8.54954149284791,27.173178701667,25.9254814612575
6.77811866916975,21.7690249149251,4.03834828809817
