"eps","psi","eta","xi","E0","w0","cs"
1.98966067815386,1.65058501420425,3.57228436615014,6.33956899758578,35.2037095109406,0.599290188387604,8.54395002711703
0.722867723757335,0.510265088251984,2.46396541369468,4.15055771776387,21.1091474587043,0.0511523884125411,2.93619485033427
