"eta","C","cs"
14.4760376638453,30.7054194839933,20.1490863650661
11.1237195223208,23.7735751774961,4.63645441935177
