"eps","psi","eta","xi","E0","w0","cs"
2.24124022120011,1.54116355644998,3.49869618457029,6.70752509886754,32.8745564928469,0.610036888737824,8.38302063207582
1.16097321531504,0.277630367502441,1.88532505778058,3.35596457390063,20.7607383610902,0.0687209494638285,3.22535269740523
