"alpha","eta","E0","cs"
0.656456219714433,7.60829461923523,41.1034641244284,9.73315665500616
0.123533770536373,5.15028379294154,18.6752203135423,3.71221792443127
