"eta","C","cs"
12.0045243810977,25.5501778547269,23.2089843179867
9.75169351939372,19.4570015465052,6.5716074719159
