"psi","eta","xi","E0","w0","cs"
1.73880601498484,1.75113402961832,8.4335019851211,43.5504628843819,1.44711104019688,7.81545437065346
0.183657886717591,0.957821582704127,5.64096544465923,18.8268714619001,0.0679252522499181,3.31576004268663
