"eps","psi","eta","xi","E0","w0","cs"
2.1107227385957,1.00657173327625,3.16754215330535,5.84079262405401,46.6893633324781,1.3216741238339,11.0239377957349
0.996089221194568,0.357152700977329,1.67472312589089,4.57888400784693,27.3065814431932,0.121392530459882,3.61628738005335
