"eps","psi","eta","xi","E0","w0","cs"
1.71649461321926,1.23604713224158,3.63753854151041,6.75681534555649,41.4691712200004,1.78515074978991,6.20728390063937
1.06777049368377,0.160686166868248,2.30151419416354,4.4290842323498,27.0218402250914,0.470201597485729,2.6415036056747
