"alpha","gam","eta","E0","cs"
0.803184768555603,0.201277874776077,7.24556386280966,33.4360339492626,5.69839336832588
0.0641457478885105,0.18146088966984,5.41500812413745,16.8061043951441,2.6906774126321
