"alpha","eta","E0","cs"
0.641697663449555,5.76403481439814,43.5970819592051,17.3076243026101
0.0961846079982759,4.44627890904752,21.9473500162938,4.88821272818263
