"alpha","eta","E0","cs"
0.653107166177868,8.3066514268009,52.5912163034317,7.11977199441208
0.108016304281242,6.23508975863165,30.4416650826476,1.81554155101549
