"alpha","gam","eta","E0","cs"
0.821784571717084,0.233833623796484,6.10745507103825,39.3480656816066,4.46887488014714
0.0410642424784903,0.182837638714242,4.52338346406072,24.1587382640857,1.7396482333786
