"psi","eta","xi","E0","w0","cs"
1.35500572397787,1.03751745889321,6.2405775718787,22.707823804779,7.58704539175337,12.0569606936106
0.687514710796604,0.373891577589191,4.80754076199808,7.80467013599751,3.71713925091074,4.03801626953537
