"eps","psi","eta","xi","E0","w0","cs"
2.68942414612487,1.37053526808953,2.68018499966121,6.43497006112023,36.6054144602931,0.866418776733179,9.24966094369345
1.73773160244957,0.226506143121952,1.55061914460096,4.71633761338818,26.7262547116157,0.0822629993764874,3.13923361696171
