"alpha","gam","eta","E0","cs"
0.846223405415605,0.242131281070323,6.87164403198979,45.677730618163,7.19619851751719
0.0765312807596645,0.247757886616581,4.07784113947848,19.7520995793971,2.31706885223785
