"eta","C","cs"
8.66328401855846,27.6108231010012,22.4733523428764
7.18618552949629,20.3863568632365,5.17404968884507
