"eta","C","cs"
9.57763579410459,26.1470993083182,21.4804562391399
7.91986299074305,17.925226108166,4.96115286852628
