"eta","C","cs"
10.1416452112857,35.82762956114,260.995344130711
7.0260757716265,15.1680597048631,106.346237054918
