"alpha","eta","E0","cs"
0.692583549968095,5.98210483472422,43.4153703307643,4.44048970135597
0.12246444069176,4.45014010939436,14.4969096569772,1.89100184083512
