"alpha","eta","E0","cs"
0.696381345335931,5.46539810212908,48.2490572782198,6.54380857610295
0.079717680356659,3.74042793013993,22.78093353724,2.59240613054696
