"eps","psi","eta","xi","E0","w0","cs"
1.49207691686277,1.45069025269759,2.64213399359445,7.2945337250508,40.595489486842,1.44947768815343,9.45386894463866
0.607030798239355,0.671656948956543,1.16092658308454,5.34903308028174,25.9278002840365,0.320519679931243,3.57196483881896
