"eps","psi","eta","xi","E0","w0","cs"
1.84526988234481,1.2048195189925,2.43152388074334,7.69744389711109,49.9716153238995,1.44808313217964,12.3099198208241
0.820278087632601,0.454927581400041,1.37889206022892,5.26798995110036,27.5466767246351,0.424538972198644,3.48291915539451
