"eps","psi","eta","xi","E0","w0","cs"
1.04281304613002,0.963450582358556,1.48785621514961,5.81944030519406,2.35273628587459,15.1074815540549,7.82433789451279
0.485548138904958,0.598583936357476,0.780638147470715,4.58610456608209,0.119626038294973,8.70671749313163,3.64264597442986
