"alpha","gam","eta","E0","cs"
0.817542847878325,0.131293313385468,6.15670019761528,55.0764912374491,7.69451485400516
0.0562092085502414,0.113752762446759,4.51788498155939,22.8712439815984,2.10912949425061
