"eps","psi","eta","xi","E0","w0","cs"
1.97556729782944,1.49804455132018,3.51476616405215,5.657857094544,47.750478810669,0.865698798099982,9.72076427687839
1.05252173242199,0.54153569230026,1.7911706025105,3.66302894347356,26.0351775960599,0.113664513463536,3.35707236822972
