"eta","C","cs"
9.27578505575081,22.6481621663588,14.385859378294
7.38771324322981,15.695744682218,4.00388475422858
