"alpha","eta","E0","cs"
0.675244029348469,6.39029210061943,52.1367228351948,17.6395046631591
0.0656080370106785,4.16290106208508,22.451786228047,4.21093926103644
