"eps","psi","eta","xi","E0","w0","cs"
1.64243745223127,1.62162482736625,2.58822442119578,6.89584691268954,40.406269840885,1.25728525844884,6.99704207214892
0.41073448718028,0.577045717735487,1.56231843992636,5.14297497667177,24.0074132030775,0.0917644045546256,2.33979911296988
