"psi","eta","xi","E0","w0","cs"
1.6466242776284,1.96967582198076,7.03495670711971,37.8854559367866,1.54989097144891,8.8742377994818
0.928825984662393,0.810575900331965,5.02906946225839,19.0236172026543,0.258099711790292,2.80102390031566
