"alpha","eta","E0","cs"
0.672253231247055,6.5793220764587,48.5482116726599,9.56472209409039
0.102662463648227,5.14629246278681,19.9977679936828,3.10027157424834
