"eps","psi","eta","xi","E0","w0","cs"
1.48513814399974,1.03712707538249,2.93175888856365,6.36424176327209,32.3077882402454,2.75545298573046,6.37957216665063
0.711079435227516,0.456941129282385,1.66338690193536,4.73928254134584,19.8545185468129,1.00803763935887,2.70576273055492
