"alpha","eta","E0","cs"
0.709747126283172,7.71518913895019,39.6928256294754,7.1587978392014
0.0973114069194842,5.08413201567181,14.8412266347899,3.01281663949792
