"psi","eta","xi","E0","w0","cs"
0.605236252816092,0.921542068216506,7.97806183823492,1.79492577655952,3.50516047112345,6.08494721086712
0.11206643671991,0.447552323264502,5.72638732345656,0.0234707636353966,0.406732651679677,2.16732399246943
