"alpha","eta","E0","cs"
0.653642633375266,5.92983758286871,33.3605565278102,7.11285339274776
0.125209532202548,4.36919144981201,17.4532380513625,3.23361204573824
