"psi","eta","xi","E0","w0","cs"
1.32295261689667,2.08678641617407,6.22862074190095,56.1956044267469,1.65065680094335,8.53392977804344
0.402513663875895,1.05756977902634,4.43883565632028,27.0434957605894,0.134213118358207,2.31777861711954
