"alpha","eta","E0","cs"
0.653435407455178,6.1968608711523,49.0790425456215,11.7739389140321
0.131967911962208,3.91930938607715,26.6002452190404,4.36154879419587
