"alpha","eta","E0","cs"
0.694947050804647,6.96233426054569,48.6463488749459,6.67663569096068
0.0886502654740277,4.64557055092932,22.831165697896,2.63779763739361
