"alpha","gam","eta","E0","cs"
0.826472586185983,0.186204989072744,7.11019200023252,48.9472154392627,17.1379246932658
0.0600991904616115,0.0795931474617514,5.80217444810576,26.6018764131997,4.62411736045102
