"eta","C","cs"
10.0682218072936,34.9701204725999,23.7957271209452
7.09228735454203,24.43815488844,4.75237896444149
