"alpha","eta","E0","cs"
0.700319261676232,7.66922613747032,48.8909050657064,18.4579562106534
0.0927780216972788,5.68040472154312,19.7696300215327,2.73849972462938
