"psi","eta","xi","E0","w0","cs"
0.799854245265865,1.06253101681352,6.74299033639811,34.9229435935897,5.05369166741548,5.89194762316649
0.462267648326033,0.326355003662881,4.19421606004607,13.3682923494682,0.491828508639843,1.39847753301528
