"alpha","gam","eta","E0","cs"
0.800326087678594,0.163994960266495,7.098325043813,36.2419133105978,9.84354208226808
0.081475944567832,0.134597220774994,4.08053082248598,15.5587747123101,3.78569892374013
