"eps","psi","eta","xi","E0","w0","cs"
2.13517656870865,1.21219158710038,2.47558404707549,7.22771008275317,43.4308314239067,1.36915988452055,13.1580436652641
1.02032113636428,0.25526042257353,1.32804248637962,5.40254010120981,25.5612101135094,0.167348451758581,3.5240143515403
