"psi","eta","xi","E0","w0","cs"
1.9809449274956,1.68679319871867,7.26917126385707,47.5324747219523,1.50676584952882,11.6200832111448
1.12717655955296,0.545852960122112,4.65788687957854,26.677034350545,0.202784898858345,4.69960959873335
