"alpha","gam","eta","E0","cs"
0.817135398934136,0.224748606572538,6.04777062530999,46.1487922546114,8.46650800372296
0.0841986290696782,0.174839114288742,4.68982122526301,22.9545830521495,3.89194603546425
