"eta","C","cs"
10.9574307554169,32.6232928491696,11.7869552103689
7.84043837244565,24.5701048574635,2.89922388511787
