"alpha","gam","eta","E0","cs"
0.801152538844489,0.177891754645202,7.46295689366326,51.8174043328784,6.23871320005472
0.0375133072788821,0.11686483941821,4.48192068481353,24.7052816314009,1.6210186441878
