"psi","eta","xi","E0","w0","cs"
1.21135553009974,1.61980862688623,8.61272967218173,38.3280701310792,7.545977425723,4.91853185104934
0.475716968173026,0.723861237194887,6.43045088132582,17.8493961697931,2.36110755652106,2.51735518131808
