"eps","psi","eta","xi","E0","w0","cs"
2.21383976664249,1.86200028850267,3.21136970881328,6.33120688366499,38.0242766645777,0.402333071247687,9.97600114803124
1.12808531300967,0.805260805127278,1.65666470017238,4.06283301132961,23.1402093818284,0.0202396112138241,4.03639628365375
