"psi","eta","xi","E0","w0","cs"
1.40713979868645,2.07146997234857,6.46088477244342,37.2287055551853,1.86560880900832,10.8386156665097
0.525748032109237,1.00076739797501,4.30092823028187,16.202636488011,0.246059948869259,3.79991648493074
