"alpha","gam","eta","E0","cs"
0.808873877249621,0.244361849189265,7.55190235061946,35.9655720532514,28.6011283909653
0.0532981860149033,0.150583675611694,4.85467758070366,18.8014853813876,6.13213183948374
