"psi","eta","xi","E0","w0","cs"
1.41714412266307,2.12415491804966,7.13432582221427,51.6591508725099,1.61705116315031,10.1498243506689
0.381017516971264,1.03834580111328,4.66249897850457,21.2892340539426,0.0956165890662392,3.1074980230309
