"eps","psi","eta","xi","E0","w0","cs"
1.42404969104779,1.28493797417615,1.94016836311321,6.23552328253171,34.355591066975,2.80380154187296,427.106628678693
1.04539642532055,0.91442356391704,1.11601471499988,4.82204653055433,17.4743506912477,1.53717125987271,299.763833663298
