"eps","psi","eta","xi","E0","w0","cs"
2.02229506257087,1.29700104403195,2.36087803690681,4.96421014608407,37.4418733537,2.74909268927294,7.69861173157961
1.14979166377171,0.733779290678928,1.4558809118366,3.33230352711313,22.5588360344997,0.935048470705426,2.4754216326976
