"eta","C","cs"
11.6044050823444,38.6497887156015,26.0672626521235
7.05251804392731,22.3574126340703,3.37080024207538
