"alpha","gam","eta","E0","cs"
0.742590279699761,0.149377198965134,66.4455511040835,1.56039337790464,25.5505898365026
0.0789690412240312,0.0384354573491365,175.764589324923,0.367916848520754,19.7623202456171
