"alpha","eta","E0","cs"
0.669745667924283,7.13869647708504,54.3205366707254,9.12772581593515
0.128193064479577,4.56603997522092,23.2928046522356,2.44133135764547
