"eta","C","cs"
10.1803819612011,25.9579778220325,26.7555750772772
7.06177990586282,21.4421153230611,2.33151831670159
