"psi","eta","xi","E0","w0","cs"
0.896932845622935,1.89999180986037,7.46728997444587,13.2013682737612,3.11162820528925,9.38894709013407
0.240990057213662,0.83307091479055,6.05431008342625,4.5657748632236,0.864583965273209,3.43289189530643
