"alpha","gam","eta","E0","cs"
0.798133055482427,0.161114150360855,6.10600207225233,47.4571319823977,10.7801847327741
0.0344198947848549,0.156345340458418,4.06389405951054,23.9674377438456,2.99458919306199
