"alpha","eta","E0","cs"
0.666954605347691,5.97616220255911,44.8579104642922,7.54917900812897
0.147020173121431,3.9719914627698,23.0623009442502,3.19631389734658
