"alpha","gam","eta","E0","cs"
0.830464798993103,0.213556913776731,6.54792272329272,44.8959199898281,17.2810815794127
0.0798982282327225,0.143035369738909,5.02321135373945,26.3726858671181,5.57017235681313
