"alpha","eta","E0","cs"
0.636987919709574,9.43034306132416,46.3229324701236,4.73934991177106
0.144762890264504,4.9245183671425,16.9641827599313,0.681775521420679
