"alpha","gam","eta","E0","cs"
0.817195661348373,0.183496026643411,8.6538316978483,39.1259565208441,10.0870565565068
0.0755598414931302,0.145573944748915,5.63196806976992,18.7306913066067,3.91159148401046
