"eta","C","cs"
8.76815794007505,32.7072049816427,24.5939250415718
7.52808746241412,22.5034722007314,7.20344877332101
