"alpha","gam","eta","E0","cs"
0.853632821411095,0.26958242728778,6.20617404880636,52.0110393564658,7.62285214516874
0.0731209316425408,0.137965464877881,4.81609332718689,25.6062422620412,3.16837426246452
