"eps","psi","eta","xi","E0","w0","cs"
2.08539200942605,1.17437631325465,3.03367400408356,5.5371313827811,47.2996828575946,1.1565364250774,12.0171580033067
0.460890691566059,0.496082448698005,1.87808377398835,3.99381613678054,29.3966255783368,0.08878860617757,4.24990253102883
