"eps","psi","eta","xi","E0","w0","cs"
1.98725947395824,1.51316260974946,2.74270053945924,8.4390270393213,34.9757240345602,0.931707673321951,11.2676387225763
0.987841976694434,0.21353399796319,1.14239558439069,5.70694748819058,20.8526035724145,0.110210920958297,3.29268578833205
