"eta","C","cs"
10.0668201710063,29.3797188127905,46.7154444267575
7.7618540654852,20.5484663155155,6.62527674396383
