"eta","C","cs"
11.6829812505411,30.9248733369192,14.7067627674992
7.32457811107796,24.788123246565,2.02137825487763
