"eta","C","cs"
11.4079651239135,30.055237736613,17.5977824838204
8.14035326075091,19.7906373954402,2.63583649085038
