"model","group","s_iter","seed","Nsubj","eps","psi","eta","xi","E0","w0","cs"
"m3_KF_sliced2_halfStudentT_reparam_confEs_norm","All",6,75824,30,0.582459199700671,0.544848501012488,0.655016748448604,0.992733068591945,0.877303029404096,0.344928988338098,0.343346436254253
