"model","group","s_iter","seed","Nsubj","eps","psi","eta","xi","E0","w0","cs"
"m3_KF_sliced2_halfStudentT_reparam_confEs_norm","All",18,49526,30,0.815883116667471,0.606485839837816,0.616307321080611,0.991331728571282,0.71177035378277,-0.195267865426676,0.576640038868581
