"model","group","s_iter","seed","Nsubj","eps","psi","eta","xi","E0","w0","cs"
"m3_KF_sliced2_halfStudentT_reparam_confEs_norm","All",38,90946,30,0.676876821207806,0.286861520083934,0.574421797551003,0.99459148928463,0.849657447291674,0.42730336150764,0.204480883824383
