"model","group","s_iter","seed","Nsubj","eps","psi","eta","xi","E0","w0","cs"
"m3_KF_sliced2_halfStudentT_reparam_confEs_norm","All",37,17841,30,0.836772671076863,0.69952217779704,0.872989375948482,0.989437718648201,0.835361575843078,0.374469170548988,0.557910602506012
