"model","group","s_iter","seed","Nsubj","eps","psi","eta","xi","E0","w0","cs"
"m3_KF_sliced2_halfStudentT_reparam_confEs_norm","All",25,87284,30,0.540111929353679,0.677327246416886,0.682390751586769,0.994647109539122,0.728918168701341,0.300018302877835,0.489409640605178
