"model","group","s_iter","seed","Nsubj","eps","psi","eta","xi","E0","w0","cs"
"m3_KF_sliced2_halfStudentT_reparam_confEs_norm","All",45,93370,30,0.701125994766317,0.631460041004557,0.81381353874854,0.995131101069063,0.923616695080708,0.249150248396147,0.422211275297608
