"eps","psi","eta","xi","E0","w0","cs"
1.75501776052873,1.33285576297133,3.29789469340404,5.23650613637195,41.3862533730282,0.898892646482703,8.55315511054022
1.01894036182119,0.365697986687929,1.39843856449127,4.04209721593378,28.1137093280469,0.300012652403389,2.64280070437306
