"alpha","eta","E0","cs"
0.640168291782643,7.46756897581806,56.0283302970631,8.1597548600407
0.107904740208416,4.08454143859669,27.2981975005139,2.00252925365384
