"eps","psi","eta","xi","E0","w0","cs"
1.74661987104353,1.30683257005809,3.01557263761616,7.99873153309547,46.2531469670177,1.2049403222973,5.08325897785257
0.868633626032217,0.531025867518073,1.68896399047864,6.14650503039229,26.4921949360274,0.169417069849239,2.32521856546966
