"psi","eta","xi","E0","w0","cs"
1.68422201166074,2.33193405566515,8.14942180947676,44.9898463176565,1.28998948775767,5.58494294941568
0.604379234193516,1.20648193768416,4.67599105530124,20.3110014947948,0.185769472648687,2.08430635336935
