"alpha","gam","eta","E0","cs"
0.793621307019585,0.177231737700789,7.42582608646571,46.6165027598722,6.97193348812783
0.0583498773135149,0.174248640456091,4.88469004679925,19.804361623546,2.81973949351414
