"alpha","gam","eta","E0","cs"
0.847716821280949,0.211265654653843,7.07936819384214,50.669094861846,6.98548301901468
0.0388565690550227,0.158161587377718,3.6527449759928,23.4607538464125,2.44182112051772
