"eta","C","cs"
11.8522845980318,31.7228077937107,21.4077152934582
9.76157280721911,24.1656306133667,4.67928234031451
