"psi","eta","xi","E0","w0","cs"
1.77988525392215,2.77765518959808,7.19941642015967,40.3408929589223,1.02164542400846,6.46001970958576
0.39753172140908,1.45779825908262,5.00008929097879,19.5685748996987,0.120115026924857,2.65472025704004
