"alpha","eta","E0","cs"
0.707245666152163,7.08419026373972,52.0081674776454,13.3788554634185
0.145842770373034,5.78262894109846,18.6672387426438,4.34206463081507
