"alpha","gam","eta","E0","cs"
0.829442190163172,0.225731661042425,8.65411568975385,52.0470850379952,9.44752146107647
0.0666565976907939,0.124187022167857,5.37801074907713,22.2007940485566,2.18867180568887
