"alpha","eta","E0","cs"
0.65073470412645,5.21091069549191,33.0972926539466,9.32420574743076
0.131981126384432,3.5691299680292,17.4046560855569,3.38040256654573
