"alpha","gam","eta","E0","cs"
0.821854476719817,0.301103802033497,5.30886513281512,54.0143237853735,7.68525187619947
0.0576050757796473,0.220258569176031,3.46864004753195,25.576769039071,3.11936048566995
