"alpha","eta","E0","cs"
0.618197542117591,8.01755809087208,43.2281457305027,12.3851807411365
0.151063361879096,5.14410824576298,21.2181972388825,4.49163296450631
