"eps","psi","eta","xi","E0","w0","cs"
2.05370732498201,1.89740179586643,2.67182131777906,8.31886887866889,42.0890964982361,0.383516012358605,4.8347622834388
0.933729935141462,1.10950484002445,1.0732368910144,4.66921606767298,25.9867473791254,0.0222258050833621,1.25556008042738
