"alpha","eta","E0","cs"
0.676828823821079,6.3399534079094,46.4258346787436,9.69702917104951
0.13100532064091,3.88304961231822,20.2514056244595,2.32923505477359
