"psi","eta","xi","E0","w0","cs"
1.02178768901517,1.37405175460185,7.18444552756152,19.1439037281501,3.90557255625862,8.80383761512738
0.558670726281443,0.583036184103589,4.48996528358924,7.1619012601407,0.721892015555985,2.52475055477047
