"alpha","eta","E0","cs"
0.631034774719499,7.29568758560514,34.1079531737472,11.1945534990559
0.122102948568589,5.29446962752016,11.8156600948039,4.662296511602
