"alpha","gam","eta","E0","cs"
0.790969102708144,0.175952842806192,4.82764347100205,58.575172369882,12.1172830128022
0.0775287061616953,0.113450707617963,3.72960129182581,28.276854605817,3.07625283661155
