"alpha","eta","E0","cs"
0.690126463018885,6.89753921257357,56.8784303330743,9.77545966408594
0.12103239950034,4.69590500810729,17.9758041730126,3.27621677504855
