"eps","psi","eta","xi","E0","w0","cs"
2.2384401993287,1.24582245005566,2.75406295150616,8.04609955099634,33.3270211870269,1.10248875565797,12.1072293425098
0.755422982097506,0.411343281029279,1.48846253833913,5.1887928354404,24.3608785835649,0.0972702588772343,2.98759294298614
