"psi","eta","xi","E0","w0","cs"
1.54786638064726,1.74488671549506,6.75480034141377,45.2715418507208,1.81234734267338,9.89807425582727
0.587342640726192,0.814549301784773,4.54851358394265,18.01206458197,0.143612580900615,2.2026445420544
