"eta","C","cs"
9.28505533508921,35.3510188301683,14.7602016900894
6.78091652771125,22.0459193165929,2.89806699500472
