"alpha","eta","E0","cs"
0.61201419591119,6.72527351109947,54.4548999829914,10.5348064375804
0.133942252090077,4.43374831373693,28.9652916905696,3.79884370311048
