"psi","eta","xi","E0","w0","cs"
1.74530205855722,1.66433321860489,6.55394076972196,53.1798190155967,1.67723171072137,6.61908531867495
0.865060556182574,0.203217982463874,4.22909113380236,23.436669019801,0.342246800734702,2.94183489387696
