"psi","eta","xi","E0","w0","cs"
1.84093946157054,2.12937073878939,7.28316415453421,45.6254409953447,1.08582556143844,8.75237256554001
0.268274213913574,1.15389430423448,4.67480807286944,26.9462792336747,0.220207528514309,3.39773565952783
