"alpha","eta","E0","cs"
0.652836729539148,6.96039247071714,41.6197686810077,6.54687697803571
0.139731994786048,4.75391176376159,17.9867001307237,2.74910027360416
