"psi","eta","xi","E0","w0","cs"
0.898379371654236,0.996288980816528,6.89608609414547,1.93813829342464,4.20836283983776,10.0657525695618
0.459969066233992,0.239915041364114,3.81526149384647,0.105170963367562,1.00588661351314,3.6603028759689
