"alpha","eta","E0","cs"
0.629487723973475,7.15288650891575,37.9867620595129,5.25938079429267
0.130393389219821,4.11289557187445,16.1412435307455,1.64541828652316
