"eps","psi","eta","xi","E0","w0","cs"
2.01012299791604,1.53174495671637,1.82386127951541,6.30185284307718,34.2310140983362,1.18302278239421,6.6192472218894
1.30972773911639,0.572796293278516,1.09770911191327,3.63139391067061,18.2058325954195,0.314484148408955,1.62646199843874
