"eps","psi","eta","xi","E0","w0","cs"
1.74263119201736,1.31548487122202,3.17490217860914,6.04656926555036,41.2476265276411,1.16890548610973,4.1934242551571
0.899743881541017,0.632780833717894,1.49194522477582,4.88982514351701,25.7034049077852,0.0803937504315563,0.908145490634004
