"alpha","gam","eta","E0","cs"
0.814698407824185,0.170147134978117,6.32870407553755,42.5654903802644,12.3474286430727
0.0738898999462372,0.201193547308519,4.16245894944906,22.7407237180085,4.22796005857597
