"psi","eta","xi","E0","w0","cs"
1.53920212525883,2.31549042341014,7.95153075915273,58.7802015845281,1.44998103743555,9.16247991923373
0.328614559419098,1.3870855693011,5.28156403745475,26.8631486247622,0.197103271287921,3.49313785807819
