"eta","C","cs"
9.85239366086917,35.3315354864206,17.548778317397
8.27155611544568,23.251449014489,5.39720256544615
