"psi","eta","xi","E0","w0","cs"
1.26107558047083,2.06507683934246,8.12644427330163,49.8390387205511,1.71864470740755,8.63585505526436
0.538505493128095,0.905649224508094,5.1700230548064,21.2804933618808,0.195188831771224,1.91863047515655
