"alpha","eta","E0","cs"
0.625605356816724,8.12519161302553,47.4973564189072,8.88040337677561
0.100040157178878,4.97769577662069,22.205854089085,3.48166565234671
