"alpha","gam","eta","E0","cs"
0.856746822355513,0.151353645111639,5.43897999743271,36.4479587199891,5.37397420157152
0.0324898551659638,0.110200319896403,3.2415509556436,18.6183652927589,2.48078099516263
