"alpha","gam","eta","E0","cs"
0.75813262220689,0.230232284300129,5.81499293354497,32.6186834705465,8.35706745982966
0.0655571450060334,0.171848019738127,3.40820707590354,17.7173361676497,3.12687718320699
