"alpha","eta","E0","cs"
0.644761920433744,7.25100371511021,42.5177824312158,7.89647772582995
0.126479669198101,4.72398094262182,18.6764356008887,1.06235846534839
