"eps","psi","eta","xi","E0","w0","cs"
2.07084882167273,1.30862898005673,3.09539396825423,7.02115042280596,40.4217885590449,1.077673661248,15.6499332696542
0.984626006042684,0.569463836528593,1.25417427532871,5.88878590357406,20.9423376370675,0.0857889543330072,5.73533394396726
