"alpha","eta","E0","cs"
0.656325597521393,6.47036323919245,41.60168297595,5.88020252005922
0.0904097349182251,4.47017936146299,20.7320505532844,2.43824798035941
