"eta","C","cs"
10.859039573978,33.4180566970934,26.2238088386421
7.02517718606142,23.7353473570497,3.67321882915971
