"alpha","eta","E0","cs"
0.690819567793701,6.41040064307382,49.375357702864,9.84581222638308
0.134774828693982,3.68159138988233,20.1177036884637,3.21969414069936
