"alpha","gam","eta","E0","cs"
0.839287112976766,0.217397679621692,6.30288194866904,54.297211049629,7.55641901953995
0.0531211036773065,0.175138248712803,5.02366523984001,29.7919113377388,3.04731908892407
