"eta","C","cs"
9.69350411639718,34.8909779330408,36.8512531264123
6.79470557579979,22.4659282188468,2.7413173745279
