"alpha","gam","eta","E0","cs"
0.800636696383622,0.184923322377523,6.24023874824893,49.203883319559,6.36452202517262
0.0433533899853068,0.152998645590582,3.75455987896508,26.3314345051831,2.90697662751411
