"eta","C","cs"
11.4506152182774,27.3892105838004,24.9902247791329
7.83905231205674,22.234006387959,4.11929459545398
