"alpha","gam","eta","E0","cs"
0.802632147597528,0.123773184307009,7.99059655796113,35.8737599820146,5.41120138675592
0.0591074344224633,0.115363266840567,4.15496628751401,18.2387807230056,2.4284609160083
