"psi","eta","xi","E0","w0","cs"
1.44501254911318,2.14508251259076,6.13531815115746,40.3376102561055,1.64094868485322,8.66676882507136
0.373967068938921,1.12194976499329,4.77937258067955,17.4976229817819,0.3079238319643,2.80458430750277
