"eps","psi","eta","xi","E0","w0","cs"
1.18520659010384,1.39953951762902,3.17955017945974,7.49187275137907,38.6230474807583,1.15569912155192,12.3977576830838
0.330553755708393,0.71827628347942,1.70205154498203,4.79510662749037,28.2152876653635,0.223858024154786,3.13352431656439
