"alpha","eta","E0","cs"
0.661099733859746,7.80482277357052,54.2218881278578,14.2639865842632
0.0770683031386968,5.40084736960509,16.5951356969169,4.0261339040854
