"eps","psi","eta","xi","E0","w0","cs"
1.780988833219,1.4924835344487,2.36790205876617,7.01794832825864,50.4564834962465,1.30207852560901,7.41096223576126
1.14989839795312,0.175529353787469,1.40293370975296,4.39416098614753,28.6017785426668,0.144106976739346,3.00924040162218
