"eta","C","cs"
11.9210557564237,27.3121020261888,26.5210400172909
8.67385762769024,20.0296904619214,3.18479089277281
