"psi","eta","xi","E0","w0","cs"
1.51309811722421,1.61240343292482,7.03634270300565,52.7721627658148,1.88845642921132,21.5678193544057
0.874269579803383,0.341362828652824,4.33942183557902,17.9474469444392,0.300304365677745,6.20047526674662
