"eta","C","cs"
11.1682655284939,33.553448537255,26.8472819243051
8.32450680948102,24.2950961315801,2.74195635299862
