"psi","eta","xi","E0","w0","cs"
0.83759232529114,1.27192820594527,5.70314848501008,0.805038500407365,12.5324668176718,6.58220412831987
0.317781552990188,0.643447520612718,4.71838366024508,0.075188741239843,5.88530354957504,3.24303704994634
