"alpha","eta","E0","cs"
0.70381492341259,7.15274944802678,42.5302103661857,16.140115873324
0.123157527258545,5.12022906635526,18.5621197329872,5.30927896859497
