"alpha","eta","E0","cs"
0.645191842772107,6.64810905442675,34.8909167528338,14.8064968946402
0.10309842400179,4.92686180900324,12.4525793507312,10.2332433878653
