"eps","psi","eta","xi","E0","w0","cs"
1.86161278475219,1.48714400260278,2.88478039904019,8.32861798619654,31.6573816062169,0.988898002826128,15.6602663066754
0.646294648764695,0.647691733168117,1.46185301860681,5.14530201796861,18.1854743615858,0.174719972956054,3.89079538306458
