"eta","C","cs"
11.1572637159957,28.2270816676527,16.8187762008216
7.91304767994931,20.2725242697736,5.1218515423844
