"psi","eta","xi","E0","w0","cs"
1.55705365367242,1.99998621375522,7.96097310205973,31.5113178687297,1.63168034101374,13.4432555863971
0.619298110720567,0.754940377672481,4.66350297550879,14.7551227962967,0.203895578423573,2.32416236168196
