"alpha","gam","eta","E0","cs"
0.795611945020878,0.217393823088314,6.08627194681168,52.8112633684586,6.28688189517539
0.0297209330973745,0.170158217872596,4.37767585974931,23.6305971488767,1.93141202142186
