"alpha","gam","eta","E0","cs"
0.795402980685301,0.208350498045918,6.34530684501696,49.5661079288058,9.99455777459296
0.101501066037494,0.135317772445623,4.54942888296448,23.1831346812932,2.79125581813267
