"eps","psi","eta","xi","E0","w0","cs"
1.88729466403257,1.52891280413981,3.28580184642252,6.28308353051365,44.6569598322443,0.917749483391101,6.2049896254649
0.514500604287168,0.317340622157567,2.1272590324598,4.11251526700414,25.6409953831342,0.0918845435345605,3.09776891535878
