"eta","C","cs"
9.40034050979629,32.6180883668905,23.795639918376
6.65232202007924,21.6466171923021,5.54777982224025
