"psi","eta","xi","E0","w0","cs"
1.36846054036717,1.77362477748891,6.77867441207451,41.5149098847995,1.75508060558844,12.0581098952559
0.298279280354315,1.10318102999654,3.68681091033517,18.0752914269328,0.131427713354497,4.29250491000651
