"eta","C","cs"
12.6000503123852,28.8858031726339,20.6898069502341
6.72632961295295,20.4401842491336,4.90990113031186
