"eta","C","cs"
7.25823932136856,29.9366556489589,37.6895145706628
6.66997790222222,25.9646405722301,5.45761274989945
