"alpha","eta","E0","cs"
0.650500955969164,8.58168309432568,39.3278172290962,6.89351699856611
0.102031086110152,5.07780126482307,18.2179953839497,2.0368645983645
