"eps","psi","eta","xi","E0","w0","cs"
2.19125214646912,1.86718618091832,2.7147584089549,7.70911656997861,39.1761660422093,0.570921313057749,7.96114211319262
1.09402065884616,0.821648504248848,1.50076733550875,4.70295216626505,19.4370734787983,0.0541323763123235,1.53700563918866
