"alpha","eta","E0","cs"
0.68760331304171,6.22213972553152,43.9199776775236,6.74482737845281
0.100447676579116,4.32929866164225,17.3689419359451,2.8246662917291
