"eps","psi","eta","xi","E0","w0","cs"
2.15513623519512,1.22747412454227,3.4385578447564,6.64354450693607,37.0051476581195,0.908932064473498,6.56545600830242
0.725708649389757,0.329616959572896,1.83803432128189,4.4820800180547,22.8632891253572,0.124259817166144,2.36742598281763
