"eta","C","cs"
10.1663169691675,30.2595323068579,30.6578186148196
7.60870774645832,18.3402770948191,3.2498635662636
