"alpha","gam","eta","E0","cs"
0.818821408340048,0.231842712666843,8.02914799982955,28.8060023014392,10.4712994422044
0.0488583526240732,0.172348197724336,4.14804941664259,14.4775032669176,2.53717831465761
