"alpha","gam","eta","E0","cs"
0.799953670015189,0.161289374101028,7.55205673612356,44.9463195649364,9.32578594812358
0.0408645311911429,0.143207205449716,5.39913770734711,24.4230962083626,3.64039781214171
