"psi","eta","xi","E0","w0","cs"
2.36729202855831,2.21902992769508,6.60703933045532,51.3952261160101,0.891694965230168,18.0451706159067
1.09482317543039,0.981291792461928,4.77476143584701,25.4474163704244,0.0741550926647905,3.55546311237401
