"alpha","eta","E0","cs"
0.664304020497946,7.03497627979431,44.913201185658,5.05576471328377
0.0922724062041322,3.89000348583842,17.7891338406674,2.01957971505955
