"alpha","gam","eta","E0","cs"
0.819842716206324,0.207120893551077,6.17703237087762,48.3800840851299,7.95366507482839
0.0522711481277908,0.168928668483631,4.56648289762064,25.009251299574,2.73824133258534
