"alpha","gam","eta","E0","cs"
0.789931351478837,0.212415804586719,6.71791246415969,43.2596783049627,8.70297907681449
0.0615013044982928,0.118685237536681,3.85758566898081,22.0731443744433,2.97169950087943
