"eps","psi","eta","xi","E0","w0","cs"
2.09410491281218,1.67872900053872,2.38140193563892,5.43573753794639,32.1607479255014,0.781209501888227,7.19993978738903
1.33087890967762,0.417357853926777,1.50682308271781,4.33785073995294,18.163179795114,0.210369887933523,3.17908869995804
