"eta","C","cs"
8.74528360691682,35.0494704006201,41.3377994300074
7.16155612872863,19.5976446528951,4.43551370970064
