"alpha","gam","eta","E0","cs"
0.796766491306366,0.198697119199414,7.55146209103278,41.9499107163669,7.34630285199542
0.0554360307644188,0.132715959324605,4.83371026322141,18.5455156734958,2.76162829272068
