"psi","eta","xi","E0","w0","cs"
1.68734552404991,1.80694932396199,7.00871032333469,35.3867138937589,1.51870183336255,12.4270582528794
0.638272941945504,0.646505951705547,5.82773142193079,16.2526388029241,0.149343965946094,2.87507926328025
