"eps","psi","eta","xi","E0","w0","cs"
2.04333526553614,1.3139682571213,3.26848087545121,7.48490389711775,36.4019473723865,1.01148875225555,12.4209091838199
0.430455164037848,0.555988115355357,2.09831326865358,5.74766600815915,19.6635784126419,0.0950890239724021,4.40084089830595
