"alpha","gam","eta","E0","cs"
0.778314871221377,0.228783906643032,7.1962312659475,40.3256936438543,6.90161026685903
0.0856407870365693,0.125477352999143,5.13183737458889,19.8474566376447,2.69612572617492
