"alpha","gam","eta","E0","cs"
0.831532454222997,0.266950511742433,6.0818643989016,44.7448485548178,8.41364244816113
0.0658792483781204,0.182708959457432,4.45046335943746,21.2307789935836,1.6611443139791
