"alpha","gam","eta","E0","cs"
0.804016455726296,0.181597281685974,7.72215236007543,40.3564161703355,5.69085743127818
0.0904625327764091,0.126094450415056,4.9593827261254,19.1045781383828,2.5244463612555
