"alpha","eta","E0","cs"
0.658064663200286,7.16934987460747,34.0572192528644,9.55291224560335
0.0738105964073439,5.5587827377269,21.7977049502175,4.01629388810373
