"psi","eta","xi","E0","w0","cs"
1.31443203869161,1.86758659424101,6.90630643918746,21.8574762015493,4.05668190386081,6.59173879573317
0.159386234800569,0.819471699673343,5.31587476121645,11.3434264654426,1.37451087332706,2.60237050390332
