"eta","C","cs"
10.5267910543331,25.9239908585541,19.2376339876589
8.41240120776857,18.7853556589085,2.49338340949915
