"alpha","gam","eta","E0","cs"
0.866634312436626,0.22075661263312,7.05608678155526,45.0645159456835,7.14782036681319
0.061801766761903,0.165861594099969,5.29348161662451,22.1935865765693,3.4329847256774
