"psi","eta","xi","E0","w0","cs"
1.43338850680785,1.95592597712068,5.10633410063383,52.2727985428928,1.70493141178976,13.4106576262992
0.460941532467211,0.926927877144799,4.09534969642564,27.0168509883111,0.172425854387799,3.55941130360193
