"eps","psi","eta","xi","E0","w0","cs"
2.53894809075397,1.56977595518133,2.53996207250398,7.70254470366115,40.0545258985287,1.03058736452184,11.8224501111214
1.54711211691878,0.188983683873309,1.38010599755793,3.5159799731595,25.2463651636884,0.323678989363753,3.17620932721295
