"psi","eta","xi","E0","w0","cs"
1.22744313591987,2.11855339991539,6.16713327330834,43.263749025887,1.80835586444675,9.43103641773391
0.366754705197838,1.10195524938511,4.70834737535534,21.7522132225977,0.21249354236503,1.4209937460055
