"alpha","gam","eta","E0","cs"
0.816112037077823,0.166462994259278,7.35230054266188,42.1373023287044,6.32846707797423
0.0744821627505952,0.0980718741884551,4.14664731729543,19.6567582741531,2.15750441155252
