"alpha","gam","eta","E0","cs"
0.796550643766707,0.192031468843559,5.81555530972457,41.9341989586178,5.55093122725381
0.0713082059200073,0.168197175884402,4.95567332736925,21.8309450344859,2.33529235074503
