"eta","C","cs"
8.59184548181291,29.5803617952474,43.4131157259947
7.6024270316903,18.282329482793,27.3741027294325
