"eta","C","cs"
10.2706049117368,28.3888795940631,20.29010046558
7.17657748556977,17.6434526750498,2.42511126612713
