"eta","C","cs"
10.5161540297596,28.3677332817456,13.5142194476341
7.94198696178397,17.0897283189252,3.73884766937024
